customerID,gender,SeniorCitizen,Partner,Dependents,tenure,InternetService,TechSupport,Contract,PaperlessBilling,PaymentMethod,MonthlyCharges,TotalCharges,Churn
CUST-00001,Male,0,Yes,No,38,Fiber optic,Yes,Month-to-month,No,Bank transfer (automatic),77.75,2810.88,No
CUST-00002,Female,0,Yes,No,6,Fiber optic,No,Two year,No,Mailed check,83.16,541.15,Yes
CUST-00003,Female,1,Yes,No,63,Fiber optic,No,Month-to-month,No,Credit card (automatic),63.34,4136.02,No
CUST-00004,Male,0,No,No,9,DSL,No,One year,Yes,Credit card (automatic),38.82,509.06,No
CUST-00005,Male,0,No,Yes,63,DSL,No,Month-to-month,No,Mailed check,34.53,2144.17,No
CUST-00006,Female,0,No,Yes,55,No,No internet service,One year,No,Credit card (automatic),18.92,1147.87,No
CUST-00007,Male,0,No,Yes,69,No,No internet service,One year,No,Bank transfer (automatic),23.38,1531.5,No
CUST-00008,Female,1,Yes,Yes,1,No,No internet service,Month-to-month,Yes,Electronic check,23.47,0.0,Yes
CUST-00009,Male,1,Yes,No,15,No,No internet service,One year,No,Credit card (automatic),36.34,592.92,No
CUST-00010,Male,1,Yes,Yes,3,Fiber optic,No,Month-to-month,Yes,Mailed check,83.55,210.48,Yes
CUST-00011,Female,0,No,No,30,No,No internet service,Two year,Yes,Bank transfer (automatic),18.0,388.33,No
CUST-00012,Female,0,No,Yes,66,Fiber optic,No,Month-to-month,No,Bank transfer (automatic),70.96,4783.35,Yes
CUST-00013,Female,0,Yes,Yes,55,Fiber optic,No,One year,No,Credit card (automatic),62.94,3362.27,No
CUST-00014,Female,0,No,No,51,No,No internet service,Month-to-month,Yes,Bank transfer (automatic),18.0,855.6,Yes
CUST-00015,Female,0,Yes,No,61,Fiber optic,No,One year,No,Credit card (automatic),80.33,5027.12,No
CUST-00016,Female,0,Yes,No,0,Fiber optic,Yes,Month-to-month,No,Electronic check,91.82,64.46,Yes
CUST-00017,Female,1,Yes,No,57,Fiber optic,No,One year,Yes,Credit card (automatic),69.08,3958.69,No
CUST-00018,Male,0,No,No,22,DSL,No,Month-to-month,Yes,Bank transfer (automatic),73.29,1436.06,Yes
CUST-00019,Female,0,No,No,50,Fiber optic,Yes,Month-to-month,Yes,Bank transfer (automatic),60.61,2890.9,No
CUST-00020,Male,0,No,Yes,55,No,No internet service,Two year,No,Credit card (automatic),18.0,1037.68,No
CUST-00021,Female,0,No,Yes,50,Fiber optic,No,Month-to-month,No,Electronic check,61.6,3155.6,No
CUST-00022,Male,0,No,No,30,DSL,No,Month-to-month,Yes,Electronic check,40.84,1255.56,No
CUST-00023,Male,0,No,No,44,Fiber optic,Yes,One year,Yes,Credit card (automatic),71.97,3109.83,No
CUST-00024,Female,1,No,No,34,Fiber optic,No,Month-to-month,Yes,Credit card (automatic),72.74,2412.37,No
CUST-00025,Female,0,Yes,No,45,Fiber optic,No,Two year,Yes,Bank transfer (automatic),69.7,3162.4,No
CUST-00026,Female,0,No,Yes,33,Fiber optic,Yes,Month-to-month,No,Mailed check,54.89,1661.16,No
CUST-00027,Male,0,No,No,28,Fiber optic,No,Two year,Yes,Electronic check,65.83,1854.24,No
CUST-00028,Female,0,No,No,14,Fiber optic,No,Two year,Yes,Mailed check,69.32,803.83,Yes
CUST-00029,Female,0,Yes,No,28,Fiber optic,No,Month-to-month,Yes,Mailed check,79.9,2110.88,Yes
CUST-00030,Male,0,No,Yes,52,Fiber optic,No,Month-to-month,No,Credit card (automatic),73.39,3837.67,No
CUST-00031,Male,0,No,No,63,Fiber optic,No,One year,Yes,Bank transfer (automatic),83.26,5315.37,No
CUST-00032,Male,0,Yes,Yes,7,Fiber optic,No,One year,Yes,Mailed check,78.12,587.86,No
CUST-00033,Male,0,No,No,13,DSL,Yes,Month-to-month,Yes,Mailed check,35.87,332.57,No
CUST-00034,Female,0,Yes,Yes,37,Fiber optic,No,Month-to-month,No,Credit card (automatic),70.17,2371.77,No
CUST-00035,Female,0,Yes,No,51,Fiber optic,No,Month-to-month,Yes,Bank transfer (automatic),80.43,4100.93,Yes
CUST-00036,Male,1,Yes,Yes,12,Fiber optic,Yes,One year,Yes,Electronic check,68.84,598.15,Yes
CUST-00037,Female,0,No,No,23,No,No internet service,One year,Yes,Mailed check,23.4,651.53,No
CUST-00038,Female,0,No,No,3,DSL,No,Month-to-month,Yes,Mailed check,61.6,55.04,No
CUST-00039,Male,1,Yes,No,3,No,No internet service,Month-to-month,No,Electronic check,21.71,333.23,Yes
CUST-00040,Female,0,No,No,10,DSL,No,One year,No,Bank transfer (automatic),55.51,439.66,No
CUST-00041,Male,0,Yes,No,53,Fiber optic,No,Two year,Yes,Electronic check,58.4,3150.75,No
CUST-00042,Female,0,Yes,No,63,No,No internet service,Month-to-month,No,Mailed check,24.01,1424.24,Yes
CUST-00043,Female,0,No,No,36,Fiber optic,No,Month-to-month,No,Mailed check,81.02,2896.54,No
CUST-00044,Male,0,No,No,12,No,No internet service,Month-to-month,Yes,Mailed check,18.0,238.08,No
CUST-00045,Male,1,No,No,67,No,No internet service,One year,Yes,Bank transfer (automatic),35.25,2464.99,No
CUST-00046,Female,0,No,No,20,DSL,No,Month-to-month,No,Bank transfer (automatic),48.82,1098.74,Yes
CUST-00047,Male,0,No,No,11,No,No internet service,Month-to-month,No,Electronic check,35.48,477.56,No
CUST-00048,Female,0,Yes,No,10,No,No internet service,One year,Yes,Electronic check,35.73,481.82,No
CUST-00049,Female,0,Yes,Yes,25,Fiber optic,Yes,Month-to-month,Yes,Bank transfer (automatic),50.34,1184.57,Yes
CUST-00050,Female,0,Yes,No,53,DSL,Yes,Month-to-month,No,Credit card (automatic),44.24,2422.58,No
CUST-00051,Female,0,No,Yes,28,DSL,No,Month-to-month,Yes,Electronic check,49.31,1339.77,Yes
CUST-00052,Male,0,No,Yes,32,No,No internet service,Month-to-month,Yes,Electronic check,30.23,1085.71,No
CUST-00053,Male,0,No,Yes,24,No,No internet service,Month-to-month,Yes,Credit card (automatic),18.0,445.87,Yes
CUST-00054,Male,0,Yes,Yes,68,No,No internet service,Month-to-month,No,Electronic check,19.48,1399.07,No
CUST-00055,Male,0,Yes,No,49,Fiber optic,Yes,Month-to-month,No,Credit card (automatic),71.28,3527.7,No
CUST-00056,Male,0,No,No,48,DSL,Yes,Month-to-month,Yes,Credit card (automatic),41.57,2086.61,No
CUST-00057,Female,0,No,Yes,31,Fiber optic,No,Two year,Yes,Electronic check,81.02,2414.7,No
CUST-00058,Male,0,Yes,No,38,Fiber optic,Yes,Two year,Yes,Electronic check,56.52,1959.13,No
CUST-00059,Female,0,Yes,No,64,DSL,No,Month-to-month,No,Credit card (automatic),44.98,2997.4,No
CUST-00060,Female,0,Yes,No,47,DSL,Yes,One year,Yes,Electronic check,42.73,2169.71,No
CUST-00061,Female,0,Yes,No,59,DSL,No,Month-to-month,Yes,Mailed check,57.64,3386.85,No
CUST-00062,Female,0,Yes,No,2,DSL,No,Two year,Yes,Electronic check,49.9,197.13,No
CUST-00063,Male,0,Yes,No,62,Fiber optic,No,Two year,Yes,Bank transfer (automatic),69.1,4088.68,No
CUST-00064,Female,0,No,No,69,Fiber optic,No,One year,Yes,Credit card (automatic),65.21,4424.91,No
CUST-00065,Male,0,Yes,No,48,Fiber optic,Yes,One year,No,Bank transfer (automatic),59.67,2873.99,No
CUST-00066,Male,0,Yes,No,69,Fiber optic,No,Month-to-month,No,Electronic check,72.22,4774.95,Yes
CUST-00067,Female,0,Yes,No,41,No,No internet service,Month-to-month,Yes,Bank transfer (automatic),27.99,964.05,No
CUST-00068,Male,0,No,No,20,Fiber optic,Yes,Month-to-month,No,Bank transfer (automatic),79.81,1615.15,Yes
CUST-00069,Male,0,Yes,No,44,Fiber optic,Yes,Month-to-month,No,Electronic check,85.54,3691.08,No
CUST-00070,Male,0,Yes,No,45,Fiber optic,No,One year,No,Bank transfer (automatic),56.45,2498.65,No
CUST-00071,Female,1,Yes,No,10,Fiber optic,No,Month-to-month,No,Bank transfer (automatic),63.76,588.84,No
CUST-00072,Male,0,No,No,14,Fiber optic,Yes,Month-to-month,No,Electronic check,62.93,726.99,Yes
CUST-00073,Male,0,No,No,21,Fiber optic,No,One year,Yes,Credit card (automatic),68.35,1409.25,Yes
CUST-00074,Male,0,Yes,No,39,Fiber optic,No,One year,Yes,Mailed check,66.64,2597.32,No
CUST-00075,Female,0,Yes,No,10,Fiber optic,Yes,One year,Yes,Electronic check,67.43,604.37,Yes
CUST-00076,Male,0,Yes,No,56,Fiber optic,Yes,Month-to-month,Yes,Electronic check,62.13,3419.1,No
CUST-00077,Male,0,No,No,7,DSL,Yes,Two year,No,Mailed check,39.0,248.52,No
CUST-00078,Male,0,No,No,68,Fiber optic,Yes,Month-to-month,Yes,Electronic check,62.22,4329.33,No
CUST-00079,Female,1,Yes,Yes,49,Fiber optic,No,One year,No,Electronic check,75.38,3682.28,No
CUST-00080,Female,0,Yes,No,24,Fiber optic,No,Month-to-month,No,Credit card (automatic),78.01,1641.08,Yes
CUST-00081,Female,0,No,Yes,27,Fiber optic,Yes,Month-to-month,Yes,Bank transfer (automatic),59.95,1475.39,Yes
CUST-00082,Male,1,No,No,50,DSL,No,Two year,No,Electronic check,49.58,2590.82,No
CUST-00083,Male,0,Yes,Yes,6,DSL,Yes,Month-to-month,No,Bank transfer (automatic),52.23,231.11,No
CUST-00084,Female,0,Yes,No,52,Fiber optic,No,Month-to-month,Yes,Bank transfer (automatic),82.62,4285.62,Yes
CUST-00085,Female,0,Yes,No,40,Fiber optic,No,Month-to-month,No,Mailed check,69.73,3020.19,Yes
CUST-00086,Female,0,No,Yes,16,DSL,Yes,Two year,Yes,Credit card (automatic),56.88,985.9,No
CUST-00087,Male,0,No,No,65,DSL,No,Two year,Yes,Electronic check,26.65,1474.45,No
CUST-00088,Male,0,No,No,45,DSL,Yes,Month-to-month,Yes,Electronic check,39.37,1945.04,No
CUST-00089,Female,0,No,Yes,11,Fiber optic,No,One year,Yes,Electronic check,70.24,790.6,Yes
CUST-00090,Female,0,Yes,No,47,DSL,No,Month-to-month,Yes,Electronic check,42.71,2051.69,Yes
CUST-00091,Male,0,Yes,Yes,30,Fiber optic,No,One year,No,Mailed check,92.95,2825.0,No
CUST-00092,Female,0,Yes,Yes,55,Fiber optic,No,Month-to-month,No,Electronic check,43.67,2511.45,No
CUST-00093,Female,0,No,Yes,35,No,No internet service,Month-to-month,Yes,Bank transfer (automatic),18.0,620.43,No
CUST-00094,Male,1,No,No,72,Fiber optic,No,Month-to-month,Yes,Credit card (automatic),62.98,4356.77,No
CUST-00095,Female,0,Yes,No,67,DSL,No,Two year,Yes,Credit card (automatic),43.87,2978.11,No
CUST-00096,Male,0,Yes,No,2,Fiber optic,Yes,Month-to-month,Yes,Bank transfer (automatic),91.66,17.5,No
CUST-00097,Male,0,No,No,30,Fiber optic,No,Month-to-month,Yes,Bank transfer (automatic),81.54,2664.19,No
CUST-00098,Female,0,No,No,14,DSL,No,Two year,Yes,Bank transfer (automatic),32.8,415.74,No
CUST-00099,Female,0,No,No,32,No,No internet service,Month-to-month,No,Mailed check,32.62,1037.63,No
CUST-00100,Male,0,Yes,No,10,Fiber optic,No,Month-to-month,No,Mailed check,81.98,738.68,Yes
CUST-00101,Female,0,No,No,39,DSL,Yes,Month-to-month,Yes,Electronic check,55.34,2198.96,Yes
CUST-00102,Male,1,No,Yes,11,DSL,Yes,Month-to-month,No,Electronic check,21.16,287.28,Yes
CUST-00103,Female,0,No,Yes,45,No,No internet service,Month-to-month,No,Bank transfer (automatic),23.42,972.46,No
CUST-00104,Male,0,No,No,33,No,No internet service,Month-to-month,Yes,Mailed check,20.7,737.47,No
CUST-00105,Female,1,No,No,72,No,No internet service,Month-to-month,Yes,Electronic check,30.99,2239.41,Yes
CUST-00106,Female,1,No,Yes,64,DSL,Yes,Month-to-month,Yes,Electronic check,33.88,2156.82,No
CUST-00107,Female,0,No,No,43,Fiber optic,No,Two year,Yes,Credit card (automatic),68.25,2844.57,No
CUST-00108,Female,0,Yes,No,32,DSL,No,Month-to-month,Yes,Electronic check,63.29,2303.01,No
CUST-00109,Male,0,Yes,Yes,52,Fiber optic,No,One year,Yes,Mailed check,73.79,3979.02,No
CUST-00110,Female,0,No,Yes,48,Fiber optic,Yes,Month-to-month,Yes,Electronic check,79.48,3902.44,No
CUST-00111,Male,0,No,Yes,10,No,No internet service,Month-to-month,Yes,Electronic check,28.8,423.18,Yes
CUST-00112,Female,1,Yes,No,27,Fiber optic,No,Month-to-month,Yes,Bank transfer (automatic),70.88,1949.75,No
CUST-00113,Female,1,Yes,No,72,Fiber optic,Yes,Month-to-month,Yes,Electronic check,89.91,6431.6,No
CUST-00114,Male,0,No,No,23,DSL,No,One year,Yes,Electronic check,50.37,841.34,No
CUST-00115,Female,0,No,Yes,0,Fiber optic,No,Month-to-month,Yes,Credit card (automatic),71.34,0.0,Yes
CUST-00116,Female,1,No,No,60,DSL,Yes,One year,Yes,Mailed check,40.97,2718.0,No
CUST-00117,Male,1,Yes,Yes,68,No,No internet service,Two year,Yes,Bank transfer (automatic),25.5,1873.22,No
CUST-00118,Male,0,No,No,47,DSL,Yes,Month-to-month,No,Bank transfer (automatic),32.38,1546.14,No
CUST-00119,Male,0,No,No,46,Fiber optic,Yes,Two year,Yes,Electronic check,72.13,3128.68,Yes
CUST-00120,Male,1,Yes,No,25,DSL,No,Month-to-month,No,Mailed check,43.32,1159.17,No
CUST-00121,Male,0,Yes,No,26,Fiber optic,Yes,Month-to-month,No,Mailed check,69.28,1767.91,No
CUST-00122,Female,0,No,No,66,DSL,Yes,Month-to-month,Yes,Electronic check,38.31,2612.21,No
CUST-00123,Female,1,Yes,Yes,62,Fiber optic,No,Two year,Yes,Electronic check,71.29,4286.55,No
CUST-00124,Male,1,No,No,36,Fiber optic,No,One year,No,Bank transfer (automatic),73.61,2591.17,No
CUST-00125,Female,1,No,Yes,22,Fiber optic,No,Two year,Yes,Electronic check,87.89,2039.79,Yes
CUST-00126,Female,0,No,No,13,No,No internet service,One year,No,Electronic check,28.83,606.13,No
CUST-00127,Male,0,Yes,No,0,DSL,No,Month-to-month,No,Bank transfer (automatic),43.89,0.0,No
CUST-00128,Female,0,No,No,35,Fiber optic,No,Two year,Yes,Mailed check,63.85,2114.8,No
CUST-00129,Female,0,Yes,Yes,40,No,No internet service,Two year,Yes,Bank transfer (automatic),21.35,976.75,No
CUST-00130,Female,0,No,No,49,DSL,Yes,One year,No,Electronic check,48.31,2216.0,No
CUST-00131,Female,0,Yes,No,58,No,No internet service,Month-to-month,Yes,Bank transfer (automatic),21.97,1131.7,No
CUST-00132,Female,0,No,No,26,No,No internet service,Two year,Yes,Credit card (automatic),32.31,871.97,No
CUST-00133,Male,0,No,No,12,No,No internet service,Month-to-month,No,Mailed check,18.0,466.28,No
CUST-00134,Female,0,Yes,Yes,61,Fiber optic,No,Two year,Yes,Credit card (automatic),84.35,5043.5,No
CUST-00135,Female,0,Yes,No,55,Fiber optic,No,Two year,No,Mailed check,77.86,4237.93,No
CUST-00136,Male,0,No,Yes,38,Fiber optic,No,One year,No,Electronic check,53.7,2053.96,No
CUST-00137,Female,0,Yes,Yes,2,Fiber optic,Yes,Month-to-month,Yes,Mailed check,55.16,53.59,Yes
CUST-00138,Male,0,Yes,No,34,No,No internet service,Month-to-month,Yes,Mailed check,18.0,399.98,No
CUST-00139,Male,1,Yes,No,45,DSL,Yes,Two year,Yes,Credit card (automatic),49.91,2342.18,No
CUST-00140,Male,0,No,Yes,62,Fiber optic,No,Two year,No,Electronic check,67.18,4187.52,No
CUST-00141,Female,0,No,No,37,Fiber optic,No,One year,Yes,Electronic check,68.15,2565.57,No
CUST-00142,Male,0,Yes,No,33,DSL,No,Two year,Yes,Credit card (automatic),24.6,794.8,No
CUST-00143,Male,0,No,No,27,Fiber optic,No,Month-to-month,No,Electronic check,52.62,1602.32,Yes
CUST-00144,Male,0,Yes,Yes,30,Fiber optic,Yes,Two year,Yes,Bank transfer (automatic),70.66,2059.26,No
CUST-00145,Female,0,Yes,No,1,Fiber optic,No,Month-to-month,Yes,Electronic check,77.04,0.0,Yes
CUST-00146,Female,0,Yes,Yes,7,No,No internet service,Month-to-month,No,Credit card (automatic),18.0,325.64,No
CUST-00147,Male,0,Yes,Yes,55,Fiber optic,Yes,Month-to-month,Yes,Electronic check,52.6,2629.17,No
CUST-00148,Male,0,Yes,No,26,No,No internet service,Month-to-month,Yes,Bank transfer (automatic),28.0,709.54,Yes
CUST-00149,Female,0,No,No,62,Fiber optic,No,Month-to-month,Yes,Mailed check,67.27,4161.68,Yes
CUST-00150,Male,0,Yes,Yes,28,No,No internet service,One year,Yes,Credit card (automatic),18.0,490.25,No
CUST-00151,Female,0,No,Yes,72,DSL,No,Month-to-month,Yes,Credit card (automatic),42.05,2841.45,No
CUST-00152,Male,0,Yes,No,13,Fiber optic,No,One year,Yes,Credit card (automatic),74.02,820.05,No
CUST-00153,Female,1,Yes,No,13,No,No internet service,Month-to-month,No,Electronic check,18.0,348.96,Yes
CUST-00154,Male,0,Yes,No,42,DSL,Yes,Two year,Yes,Mailed check,41.26,1899.16,No
CUST-00155,Male,0,No,No,58,Fiber optic,No,Month-to-month,Yes,Credit card (automatic),80.27,4605.58,Yes
CUST-00156,Female,0,No,Yes,10,Fiber optic,Yes,One year,No,Bank transfer (automatic),84.53,733.62,No
CUST-00157,Male,0,Yes,No,36,Fiber optic,Yes,One year,Yes,Credit card (automatic),65.56,2145.99,No
CUST-00158,Female,0,Yes,No,16,No,No internet service,Month-to-month,No,Credit card (automatic),20.39,439.11,No
CUST-00159,Female,0,Yes,No,53,Fiber optic,No,Month-to-month,Yes,Electronic check,69.78,3818.3,Yes
CUST-00160,Female,1,No,Yes,40,No,No internet service,Month-to-month,Yes,Electronic check,18.0,382.7,No
CUST-00161,Female,0,Yes,No,47,Fiber optic,Yes,Month-to-month,Yes,Electronic check,68.33,2920.64,No
CUST-00162,Female,0,No,No,19,Fiber optic,Yes,Month-to-month,Yes,Bank transfer (automatic),68.09,1310.13,No
CUST-00163,Male,1,Yes,No,21,No,No internet service,Month-to-month,No,Mailed check,18.0,409.94,No
CUST-00164,Male,0,Yes,No,46,Fiber optic,Yes,One year,No,Electronic check,80.76,3657.68,No
CUST-00165,Male,0,No,No,25,DSL,Yes,Month-to-month,Yes,Bank transfer (automatic),40.38,1005.55,No
CUST-00166,Female,0,Yes,Yes,50,Fiber optic,No,Month-to-month,Yes,Electronic check,61.24,3032.33,No
CUST-00167,Male,0,Yes,No,11,Fiber optic,Yes,Month-to-month,Yes,Mailed check,74.38,821.35,Yes
CUST-00168,Male,0,No,Yes,21,Fiber optic,No,Month-to-month,Yes,Mailed check,76.72,1503.01,Yes
CUST-00169,Male,0,Yes,No,7,Fiber optic,No,Month-to-month,Yes,Mailed check,65.53,457.24,Yes
CUST-00170,Male,1,Yes,No,6,Fiber optic,No,One year,Yes,Electronic check,66.45,317.78,No
CUST-00171,Male,0,Yes,No,19,No,No internet service,One year,Yes,Bank transfer (automatic),18.0,251.07,No
CUST-00172,Male,0,No,No,35,DSL,No,Month-to-month,Yes,Credit card (automatic),39.48,1157.77,Yes
CUST-00173,Female,0,No,Yes,10,Fiber optic,Yes,Month-to-month,No,Bank transfer (automatic),65.99,638.84,No
CUST-00174,Female,0,Yes,No,6,Fiber optic,No,Month-to-month,Yes,Credit card (automatic),60.21,457.62,Yes
CUST-00175,Female,0,No,No,64,DSL,Yes,One year,Yes,Electronic check,50.6,3199.33,No
CUST-00176,Male,0,No,No,37,Fiber optic,No,Month-to-month,Yes,Electronic check,75.61,2755.15,Yes
CUST-00177,Female,0,No,No,52,Fiber optic,Yes,Two year,No,Electronic check,54.03,2960.25,Yes
CUST-00178,Male,0,No,No,53,No,No internet service,One year,No,Bank transfer (automatic),18.0,1077.0,No
CUST-00179,Female,0,No,No,7,Fiber optic,Yes,One year,Yes,Electronic check,77.73,752.26,No
CUST-00180,Female,0,No,No,45,DSL,No,Month-to-month,No,Credit card (automatic),30.94,1663.15,No
CUST-00181,Female,0,Yes,No,62,Fiber optic,No,Two year,No,Bank transfer (automatic),46.88,2913.7,No
CUST-00182,Male,0,Yes,Yes,32,No,No internet service,Month-to-month,Yes,Credit card (automatic),18.85,464.34,No
CUST-00183,Male,0,No,Yes,62,Fiber optic,No,Month-to-month,Yes,Mailed check,68.68,4195.62,No
CUST-00184,Female,0,Yes,No,69,DSL,Yes,Two year,No,Bank transfer (automatic),42.11,2974.35,No
CUST-00185,Male,0,No,No,39,No,No internet service,One year,Yes,Mailed check,18.0,874.81,No
CUST-00186,Male,0,Yes,No,7,DSL,Yes,Month-to-month,Yes,Mailed check,46.16,197.26,No
CUST-00187,Male,0,No,Yes,45,DSL,No,Month-to-month,Yes,Bank transfer (automatic),49.81,2272.08,Yes
CUST-00188,Male,0,Yes,Yes,64,Fiber optic,No,Month-to-month,Yes,Electronic check,84.39,5305.82,Yes
CUST-00189,Male,0,No,No,42,Fiber optic,No,One year,No,Credit card (automatic),79.56,3323.92,Yes
CUST-00190,Male,0,Yes,No,58,No,No internet service,Month-to-month,No,Bank transfer (automatic),31.09,1783.83,No
CUST-00191,Female,0,Yes,Yes,39,DSL,No,Month-to-month,No,Bank transfer (automatic),55.26,2200.88,Yes
CUST-00192,Female,0,No,Yes,30,Fiber optic,No,Month-to-month,No,Electronic check,77.66,2573.68,Yes
CUST-00193,Female,0,No,Yes,69,Fiber optic,Yes,Two year,No,Electronic check,66.21,4625.5,No
CUST-00194,Male,0,No,No,11,No,No internet service,Month-to-month,Yes,Electronic check,30.37,282.49,Yes
CUST-00195,Female,0,No,No,32,No,No internet service,Month-to-month,No,Bank transfer (automatic),18.0,504.62,No
CUST-00196,Male,1,Yes,No,11,Fiber optic,No,Two year,Yes,Electronic check,75.27,805.07,Yes
CUST-00197,Male,0,No,Yes,47,DSL,Yes,Month-to-month,Yes,Credit card (automatic),49.45,2219.55,No
CUST-00198,Male,1,Yes,No,67,DSL,No,One year,No,Credit card (automatic),49.06,3303.78,No
CUST-00199,Male,0,No,No,72,No,No internet service,One year,No,Electronic check,18.0,1006.65,Yes
CUST-00200,Female,1,Yes,Yes,17,Fiber optic,No,Month-to-month,Yes,Bank transfer (automatic),83.96,1401.98,No
CUST-00201,Male,1,Yes,Yes,53,Fiber optic,Yes,One year,Yes,Electronic check,63.82,3366.62,No
CUST-00202,Female,0,No,No,63,No,No internet service,Two year,Yes,Mailed check,30.36,1773.4,No
CUST-00203,Male,0,No,No,60,No,No internet service,Month-to-month,No,Electronic check,18.86,1085.74,No
CUST-00204,Female,1,Yes,No,36,Fiber optic,No,Month-to-month,Yes,Credit card (automatic),75.95,2868.59,No
CUST-00205,Male,1,No,No,12,No,No internet service,Two year,Yes,Credit card (automatic),18.0,359.05,No
CUST-00206,Male,1,No,No,33,DSL,No,Month-to-month,Yes,Electronic check,35.14,1095.64,Yes
CUST-00207,Female,0,Yes,No,56,Fiber optic,Yes,Month-to-month,No,Electronic check,60.32,3440.74,No
CUST-00208,Female,0,No,No,45,No,No internet service,Month-to-month,No,Mailed check,27.64,1063.98,No
CUST-00209,Male,1,Yes,Yes,28,DSL,No,Two year,No,Mailed check,30.2,810.06,No
CUST-00210,Female,0,Yes,No,15,DSL,Yes,One year,No,Electronic check,32.84,520.3,No
CUST-00211,Male,0,No,Yes,47,Fiber optic,No,Two year,Yes,Credit card (automatic),65.57,3265.02,No
CUST-00212,Female,0,Yes,No,31,Fiber optic,Yes,Month-to-month,Yes,Credit card (automatic),57.08,1912.62,No
CUST-00213,Female,0,Yes,No,34,DSL,Yes,Two year,Yes,Mailed check,64.3,2211.27,No
CUST-00214,Male,0,No,No,68,DSL,Yes,Month-to-month,Yes,Credit card (automatic),64.48,4275.26,No
CUST-00215,Female,0,Yes,No,0,DSL,No,One year,No,Bank transfer (automatic),45.83,163.02,Yes
CUST-00216,Male,0,No,Yes,17,DSL,No,One year,Yes,Bank transfer (automatic),40.91,654.64,No
CUST-00217,Male,0,No,No,67,No,No internet service,Month-to-month,No,Credit card (automatic),38.43,2628.63,No
CUST-00218,Male,1,Yes,No,67,Fiber optic,No,One year,Yes,Mailed check,84.99,5679.63,No
CUST-00219,Male,0,No,No,22,Fiber optic,No,Month-to-month,Yes,Mailed check,62.05,1604.17,Yes
CUST-00220,Female,0,Yes,No,72,DSL,Yes,Month-to-month,No,Electronic check,53.59,3785.27,No
CUST-00221,Male,0,No,No,15,Fiber optic,Yes,One year,Yes,Bank transfer (automatic),63.2,1057.95,Yes
CUST-00222,Male,1,Yes,No,3,DSL,Yes,Month-to-month,Yes,Electronic check,32.42,86.89,No
CUST-00223,Female,0,No,No,22,No,No internet service,One year,No,Electronic check,18.0,464.29,No
CUST-00224,Male,0,Yes,Yes,38,No,No internet service,Month-to-month,Yes,Mailed check,27.67,1245.86,No
CUST-00225,Female,0,No,Yes,0,Fiber optic,No,Month-to-month,Yes,Mailed check,65.31,0.0,Yes
CUST-00226,Male,0,Yes,Yes,12,No,No internet service,One year,Yes,Electronic check,18.0,208.15,Yes
CUST-00227,Female,0,Yes,Yes,57,DSL,No,Month-to-month,No,Electronic check,52.15,2865.26,Yes
CUST-00228,Female,1,Yes,No,45,DSL,Yes,Two year,Yes,Credit card (automatic),41.68,1929.09,Yes
CUST-00229,Female,0,No,No,44,Fiber optic,Yes,Two year,Yes,Bank transfer (automatic),74.59,3364.92,No
CUST-00230,Male,0,No,No,72,Fiber optic,Yes,Month-to-month,Yes,Mailed check,72.34,5152.02,No
CUST-00231,Male,1,Yes,No,16,No,No internet service,Month-to-month,Yes,Credit card (automatic),18.0,225.35,No
CUST-00232,Female,0,Yes,No,65,DSL,Yes,Month-to-month,No,Credit card (automatic),54.38,3559.16,No
CUST-00233,Male,1,Yes,No,25,Fiber optic,Yes,One year,Yes,Electronic check,77.89,1794.47,Yes
CUST-00234,Female,0,Yes,No,67,DSL,Yes,Month-to-month,No,Bank transfer (automatic),41.22,2801.73,No
CUST-00235,Male,0,No,No,57,DSL,No,Two year,No,Electronic check,44.14,2417.85,No
CUST-00236,Female,1,No,No,15,Fiber optic,No,Two year,Yes,Mailed check,54.74,909.14,No
CUST-00237,Female,0,No,Yes,15,No,No internet service,Month-to-month,No,Bank transfer (automatic),19.35,132.1,No
CUST-00238,Male,0,Yes,No,39,Fiber optic,No,One year,No,Electronic check,72.61,2763.72,No
CUST-00239,Male,1,Yes,Yes,36,Fiber optic,Yes,Month-to-month,No,Mailed check,66.53,2304.94,No
CUST-00240,Female,0,No,No,17,DSL,No,Month-to-month,No,Electronic check,21.66,332.44,No
CUST-00241,Male,0,Yes,No,19,DSL,Yes,Month-to-month,Yes,Mailed check,53.6,1183.56,No
CUST-00242,Female,0,No,Yes,65,DSL,No,One year,Yes,Electronic check,50.01,3352.17,No
CUST-00243,Male,0,Yes,Yes,55,No,No internet service,Month-to-month,Yes,Credit card (automatic),35.81,1911.99,No
CUST-00244,Female,0,Yes,No,13,DSL,Yes,Two year,No,Mailed check,58.82,706.99,No
CUST-00245,Female,0,No,No,52,DSL,No,Month-to-month,Yes,Electronic check,53.08,2866.4,No
CUST-00246,Male,0,Yes,No,11,Fiber optic,No,One year,No,Bank transfer (automatic),80.02,740.55,Yes
CUST-00247,Female,0,No,No,32,Fiber optic,No,Two year,No,Electronic check,65.29,2091.97,Yes
CUST-00248,Male,0,Yes,No,0,Fiber optic,No,One year,Yes,Bank transfer (automatic),60.87,0.0,Yes
CUST-00249,Female,1,Yes,No,47,DSL,Yes,Month-to-month,No,Mailed check,33.59,1558.13,No
CUST-00250,Male,0,Yes,No,13,Fiber optic,No,Month-to-month,Yes,Electronic check,68.96,993.57,No
CUST-00251,Male,1,Yes,No,17,Fiber optic,Yes,Month-to-month,Yes,Electronic check,72.19,1146.92,Yes
CUST-00252,Male,0,No,Yes,13,DSL,No,Month-to-month,No,Electronic check,52.5,799.4,No
CUST-00253,Male,1,Yes,No,13,Fiber optic,No,Two year,Yes,Bank transfer (automatic),56.71,1001.18,No
CUST-00254,Male,0,No,Yes,5,DSL,Yes,Month-to-month,Yes,Bank transfer (automatic),28.56,215.28,No
CUST-00255,Female,0,No,Yes,40,No,No internet service,Month-to-month,No,Electronic check,26.64,1055.51,No
CUST-00256,Male,1,Yes,No,63,No,No internet service,One year,No,Electronic check,18.0,1272.86,No
CUST-00257,Female,0,Yes,Yes,22,DSL,Yes,Month-to-month,No,Credit card (automatic),36.12,661.58,No
CUST-00258,Male,0,Yes,No,56,Fiber optic,No,Two year,Yes,Electronic check,74.79,4370.77,No
CUST-00259,Male,0,No,No,39,Fiber optic,Yes,Month-to-month,Yes,Electronic check,65.46,2462.57,No
CUST-00260,Female,0,No,Yes,18,No,No internet service,Month-to-month,Yes,Bank transfer (automatic),33.86,869.65,Yes
CUST-00261,Female,0,Yes,No,4,Fiber optic,No,One year,Yes,Electronic check,57.92,145.63,No
CUST-00262,Male,0,No,No,57,Fiber optic,Yes,Month-to-month,No,Credit card (automatic),76.07,4415.39,No
CUST-00263,Male,0,Yes,No,1,DSL,Yes,Two year,Yes,Electronic check,39.1,0.0,Yes
CUST-00264,Female,0,Yes,Yes,30,DSL,Yes,Month-to-month,No,Credit card (automatic),44.54,1310.61,No
CUST-00265,Female,0,Yes,No,2,Fiber optic,No,Month-to-month,Yes,Mailed check,59.43,0.0,Yes
CUST-00266,Female,0,No,No,56,Fiber optic,No,Month-to-month,Yes,Electronic check,57.27,3034.14,No
CUST-00267,Male,0,Yes,No,72,No,No internet service,Month-to-month,Yes,Mailed check,20.39,1612.74,No
CUST-00268,Male,0,Yes,No,23,No,No internet service,One year,Yes,Credit card (automatic),18.0,266.69,No
CUST-00269,Female,0,Yes,No,22,Fiber optic,No,Month-to-month,Yes,Mailed check,58.99,1209.57,No
CUST-00270,Female,0,No,No,41,Fiber optic,Yes,Month-to-month,No,Electronic check,57.6,2259.41,No
CUST-00271,Male,0,Yes,No,36,No,No internet service,Two year,No,Credit card (automatic),29.28,1190.84,No
CUST-00272,Male,0,Yes,No,27,No,No internet service,Month-to-month,No,Electronic check,20.96,688.02,No
CUST-00273,Male,0,Yes,No,26,No,No internet service,One year,Yes,Electronic check,32.36,993.8,No
CUST-00274,Female,0,No,No,13,No,No internet service,Month-to-month,No,Electronic check,18.41,144.95,No
CUST-00275,Male,0,Yes,No,18,Fiber optic,Yes,One year,No,Credit card (automatic),79.15,1586.65,No
CUST-00276,Male,0,No,No,42,Fiber optic,No,Month-to-month,Yes,Electronic check,70.03,2845.86,Yes
CUST-00277,Male,0,Yes,No,53,Fiber optic,Yes,One year,No,Electronic check,78.24,4056.16,No
CUST-00278,Female,0,Yes,No,54,DSL,Yes,Month-to-month,No,Credit card (automatic),32.45,1668.45,No
CUST-00279,Male,0,No,Yes,37,Fiber optic,No,Month-to-month,No,Bank transfer (automatic),56.87,2024.71,No
CUST-00280,Male,0,No,Yes,54,Fiber optic,No,Month-to-month,No,Electronic check,84.79,4567.77,No
CUST-00281,Male,0,Yes,No,43,Fiber optic,No,Month-to-month,Yes,Bank transfer (automatic),83.21,3477.39,No
CUST-00282,Male,0,No,No,26,DSL,No,Two year,Yes,Electronic check,63.26,1672.53,No
CUST-00283,Female,0,No,No,25,Fiber optic,No,Month-to-month,Yes,Mailed check,56.15,1090.62,Yes
CUST-00284,Male,0,Yes,No,37,Fiber optic,Yes,Two year,Yes,Electronic check,71.88,2686.94,No
CUST-00285,Male,0,No,No,22,Fiber optic,No,Month-to-month,Yes,Bank transfer (automatic),49.68,962.2,Yes
CUST-00286,Female,0,No,Yes,55,DSL,Yes,Month-to-month,Yes,Bank transfer (automatic),45.66,2430.97,No
CUST-00287,Male,1,Yes,No,13,Fiber optic,No,Month-to-month,No,Mailed check,61.87,726.88,Yes
CUST-00288,Female,0,No,No,3,DSL,No,Month-to-month,Yes,Electronic check,53.19,272.75,No
CUST-00289,Female,0,Yes,No,35,DSL,Yes,Two year,No,Mailed check,39.94,1458.45,No
CUST-00290,Male,0,Yes,Yes,5,Fiber optic,No,Month-to-month,No,Bank transfer (automatic),78.62,373.23,Yes
CUST-00291,Female,0,No,Yes,13,No,No internet service,Two year,Yes,Credit card (automatic),29.83,301.96,No
CUST-00292,Male,0,No,Yes,27,Fiber optic,No,Month-to-month,Yes,Credit card (automatic),84.5,2375.45,Yes
CUST-00293,Female,0,No,No,0,Fiber optic,Yes,Month-to-month,No,Credit card (automatic),71.99,215.37,Yes
CUST-00294,Male,1,No,No,16,No,No internet service,Month-to-month,Yes,Credit card (automatic),18.0,284.64,No
CUST-00295,Female,1,No,No,39,Fiber optic,No,One year,Yes,Credit card (automatic),69.75,2528.45,Yes
CUST-00296,Female,0,Yes,Yes,27,No,No internet service,Month-to-month,No,Bank transfer (automatic),18.0,401.65,No
CUST-00297,Female,0,No,Yes,65,DSL,Yes,Two year,Yes,Electronic check,46.5,3089.61,No
CUST-00298,Male,0,No,No,6,Fiber optic,Yes,Month-to-month,Yes,Bank transfer (automatic),54.46,273.63,Yes
CUST-00299,Male,0,No,No,52,DSL,No,Month-to-month,No,Electronic check,40.92,2024.8,No
CUST-00300,Male,0,Yes,No,43,Fiber optic,Yes,One year,Yes,Electronic check,64.97,2685.45,No
CUST-00301,Male,1,Yes,Yes,47,No,No internet service,One year,Yes,Electronic check,22.85,1084.95,No
CUST-00302,Female,0,Yes,No,49,Fiber optic,Yes,Two year,Yes,Mailed check,60.6,2785.34,No
CUST-00303,Male,0,Yes,No,3,Fiber optic,No,Month-to-month,Yes,Bank transfer (automatic),68.72,202.0,No
CUST-00304,Female,1,Yes,No,57,DSL,No,One year,Yes,Mailed check,36.35,2082.57,No
CUST-00305,Female,0,No,No,24,No,No internet service,Month-to-month,Yes,Electronic check,28.19,622.62,Yes
CUST-00306,Male,0,No,No,47,Fiber optic,Yes,Two year,Yes,Credit card (automatic),71.11,3217.03,No
CUST-00307,Male,1,Yes,No,21,DSL,No,Month-to-month,No,Bank transfer (automatic),22.07,585.68,Yes
CUST-00308,Female,0,Yes,No,28,No,No internet service,Two year,No,Electronic check,18.0,344.07,Yes
CUST-00309,Male,0,No,Yes,51,Fiber optic,No,Month-to-month,Yes,Electronic check,83.87,4298.1,No
CUST-00310,Male,0,Yes,No,68,Fiber optic,Yes,One year,No,Electronic check,66.53,4611.37,No
CUST-00311,Female,1,No,No,64,DSL,No,Two year,Yes,Credit card (automatic),30.7,1983.94,No
CUST-00312,Female,0,Yes,No,53,DSL,No,Two year,No,Electronic check,45.47,2557.65,No
CUST-00313,Male,0,Yes,No,39,No,No internet service,Month-to-month,Yes,Credit card (automatic),18.0,565.75,No
CUST-00314,Male,0,Yes,No,38,Fiber optic,Yes,Month-to-month,No,Electronic check,65.04,2376.61,Yes
CUST-00315,Male,0,No,Yes,70,No,No internet service,Two year,No,Credit card (automatic),18.0,1204.65,No
CUST-00316,Female,1,Yes,No,15,DSL,No,One year,Yes,Electronic check,57.74,1260.98,No
CUST-00317,Female,0,No,No,69,Fiber optic,Yes,One year,Yes,Mailed check,70.63,4934.41,No
CUST-00318,Female,1,Yes,No,47,Fiber optic,No,Month-to-month,Yes,Mailed check,73.51,3538.37,No
CUST-00319,Female,0,Yes,No,44,Fiber optic,No,Month-to-month,Yes,Electronic check,77.4,3484.0,No
CUST-00320,Female,0,No,No,43,Fiber optic,No,Month-to-month,Yes,Credit card (automatic),57.59,2485.83,No
CUST-00321,Male,1,Yes,Yes,59,Fiber optic,No,One year,No,Bank transfer (automatic),76.0,4609.93,No
CUST-00322,Male,0,Yes,No,49,Fiber optic,No,Month-to-month,Yes,Electronic check,80.2,3705.36,No
CUST-00323,Female,0,No,No,6,No,No internet service,Month-to-month,Yes,Bank transfer (automatic),21.3,161.04,Yes
CUST-00324,Female,1,No,No,57,DSL,Yes,Two year,No,Electronic check,56.82,3290.13,No
CUST-00325,Female,0,Yes,No,53,Fiber optic,No,Month-to-month,No,Credit card (automatic),61.67,3390.75,No
CUST-00326,Male,0,Yes,Yes,66,Fiber optic,No,Two year,Yes,Mailed check,68.97,4413.34,No
CUST-00327,Male,1,No,No,68,DSL,No,Month-to-month,No,Electronic check,52.37,3431.31,Yes
CUST-00328,Male,0,No,No,69,DSL,No,Month-to-month,No,Electronic check,48.13,3198.7,No
CUST-00329,Male,0,No,Yes,3,No,No internet service,Month-to-month,No,Electronic check,27.95,146.53,No
CUST-00330,Female,0,No,No,46,DSL,Yes,Month-to-month,Yes,Credit card (automatic),44.28,2101.27,Yes
CUST-00331,Female,0,No,No,68,DSL,No,One year,Yes,Electronic check,35.54,2302.74,No
CUST-00332,Male,0,Yes,No,70,Fiber optic,Yes,Month-to-month,Yes,Electronic check,79.24,5776.51,Yes
CUST-00333,Male,0,Yes,Yes,40,DSL,No,Month-to-month,No,Credit card (automatic),42.26,1724.76,No
CUST-00334,Female,0,No,Yes,66,DSL,No,Month-to-month,No,Electronic check,46.58,3089.18,No
CUST-00335,Male,0,No,Yes,64,DSL,No,One year,No,Electronic check,45.44,2883.24,Yes
CUST-00336,Female,0,No,Yes,0,DSL,No,Two year,Yes,Bank transfer (automatic),48.53,111.66,Yes
CUST-00337,Female,0,No,Yes,64,Fiber optic,No,Month-to-month,Yes,Electronic check,61.61,3989.78,Yes
CUST-00338,Male,0,Yes,No,46,No,No internet service,Month-to-month,No,Credit card (automatic),33.55,1770.08,No
CUST-00339,Male,0,No,No,41,DSL,No,Month-to-month,Yes,Bank transfer (automatic),36.36,1345.09,No
CUST-00340,Female,0,No,No,13,Fiber optic,Yes,One year,Yes,Electronic check,69.14,713.35,No
CUST-00341,Female,0,Yes,No,67,Fiber optic,No,Month-to-month,No,Mailed check,69.79,4587.12,No
CUST-00342,Male,1,No,No,21,DSL,Yes,Month-to-month,No,Electronic check,43.92,988.72,Yes
CUST-00343,Female,0,No,Yes,30,Fiber optic,No,One year,Yes,Mailed check,78.59,2306.33,Yes
CUST-00344,Female,0,Yes,Yes,21,Fiber optic,No,Month-to-month,No,Bank transfer (automatic),62.68,1468.8,No
CUST-00345,Female,1,No,Yes,70,DSL,No,One year,Yes,Bank transfer (automatic),38.19,2626.07,No
CUST-00346,Male,0,No,No,35,Fiber optic,No,Month-to-month,Yes,Mailed check,75.93,2787.38,No
CUST-00347,Female,0,No,No,8,DSL,No,Two year,Yes,Credit card (automatic),50.87,307.27,No
CUST-00348,Female,0,Yes,No,0,No,No internet service,Month-to-month,Yes,Electronic check,39.42,141.97,No
CUST-00349,Male,0,No,No,71,No,No internet service,Month-to-month,Yes,Credit card (automatic),18.0,1442.3,Yes
CUST-00350,Male,0,Yes,No,17,No,No internet service,Month-to-month,Yes,Electronic check,18.0,238.23,No
CUST-00351,Female,0,No,No,56,DSL,Yes,Month-to-month,Yes,Credit card (automatic),41.39,2376.59,No
CUST-00352,Male,0,Yes,No,2,Fiber optic,No,One year,Yes,Mailed check,69.79,171.71,No
CUST-00353,Male,0,No,No,65,Fiber optic,No,Month-to-month,Yes,Electronic check,72.79,4793.35,No
CUST-00354,Male,1,No,No,47,DSL,No,Month-to-month,No,Mailed check,48.29,2423.76,No
CUST-00355,Female,0,No,No,16,No,No internet service,One year,Yes,Credit card (automatic),23.71,496.15,Yes
CUST-00356,Female,0,No,No,64,Fiber optic,Yes,Month-to-month,Yes,Credit card (automatic),69.63,4518.01,No
CUST-00357,Male,0,Yes,Yes,21,DSL,No,One year,Yes,Bank transfer (automatic),32.23,756.4,Yes
CUST-00358,Female,1,No,No,72,No,No internet service,One year,Yes,Mailed check,18.0,1143.69,No
CUST-00359,Male,0,Yes,No,43,DSL,Yes,Month-to-month,No,Bank transfer (automatic),51.9,2226.79,No
CUST-00360,Female,0,No,No,32,Fiber optic,Yes,One year,No,Electronic check,48.17,1409.26,No
CUST-00361,Female,0,Yes,No,4,DSL,Yes,Two year,Yes,Bank transfer (automatic),42.29,166.98,No
CUST-00362,Female,0,No,No,18,DSL,No,Two year,Yes,Electronic check,67.78,1354.06,No
CUST-00363,Male,0,Yes,No,4,No,No internet service,Month-to-month,Yes,Credit card (automatic),19.16,75.79,No
CUST-00364,Female,0,No,No,62,Fiber optic,No,Month-to-month,Yes,Bank transfer (automatic),66.08,3796.29,No
CUST-00365,Male,0,No,No,7,DSL,No,Two year,No,Mailed check,23.23,36.99,No
CUST-00366,Female,1,Yes,No,8,Fiber optic,No,One year,Yes,Bank transfer (automatic),72.06,646.21,No
CUST-00367,Male,0,Yes,Yes,9,No,No internet service,Month-to-month,No,Electronic check,21.42,128.09,No
CUST-00368,Male,0,No,No,71,No,No internet service,Month-to-month,No,Electronic check,25.38,1896.04,Yes
CUST-00369,Male,0,No,No,70,No,No internet service,One year,Yes,Electronic check,19.59,1226.43,No
CUST-00370,Female,0,Yes,No,52,No,No internet service,One year,Yes,Electronic check,27.13,1456.57,No
CUST-00371,Male,0,Yes,No,5,Fiber optic,No,Two year,No,Electronic check,72.36,413.63,Yes
CUST-00372,Female,0,Yes,No,36,DSL,No,Two year,No,Bank transfer (automatic),49.41,1873.55,No
CUST-00373,Male,0,No,No,69,No,No internet service,Month-to-month,Yes,Bank transfer (automatic),18.0,1163.37,No
CUST-00374,Male,0,No,No,7,DSL,Yes,One year,No,Mailed check,54.52,475.22,No
CUST-00375,Female,0,Yes,No,57,DSL,Yes,Month-to-month,Yes,Credit card (automatic),33.02,2062.93,No
CUST-00376,Male,0,No,No,1,Fiber optic,No,Month-to-month,Yes,Credit card (automatic),57.11,0.0,Yes
CUST-00377,Female,0,No,Yes,58,DSL,No,Month-to-month,No,Electronic check,58.98,3427.04,No
CUST-00378,Female,0,No,No,39,Fiber optic,Yes,Two year,Yes,Mailed check,66.99,2395.85,No
CUST-00379,Male,0,Yes,Yes,64,No,No internet service,Month-to-month,Yes,Credit card (automatic),18.0,1048.78,No
CUST-00380,Male,0,Yes,No,30,Fiber optic,No,Month-to-month,Yes,Electronic check,63.51,1811.87,Yes
CUST-00381,Male,0,Yes,Yes,57,Fiber optic,No,Month-to-month,No,Mailed check,84.89,4830.76,Yes
CUST-00382,Female,0,Yes,No,61,Fiber optic,No,Month-to-month,No,Credit card (automatic),57.97,3581.47,No
CUST-00383,Female,1,Yes,No,23,Fiber optic,Yes,Month-to-month,No,Bank transfer (automatic),81.34,1979.42,Yes
CUST-00384,Male,1,Yes,No,46,DSL,Yes,Month-to-month,No,Credit card (automatic),44.81,2092.94,No
CUST-00385,Male,0,Yes,Yes,33,DSL,Yes,Month-to-month,Yes,Credit card (automatic),45.97,1597.85,No
CUST-00386,Male,0,No,No,31,Fiber optic,Yes,Month-to-month,Yes,Electronic check,58.93,1697.41,No
CUST-00387,Male,0,Yes,No,58,Fiber optic,No,One year,Yes,Bank transfer (automatic),77.04,4595.12,No
CUST-00388,Female,0,No,No,16,Fiber optic,No,One year,Yes,Credit card (automatic),61.89,594.74,Yes
CUST-00389,Female,0,Yes,No,8,DSL,No,Two year,No,Electronic check,48.17,568.56,Yes
CUST-00390,Male,1,No,Yes,35,DSL,Yes,Month-to-month,Yes,Electronic check,67.0,2506.66,No
CUST-00391,Female,1,Yes,No,59,Fiber optic,Yes,Month-to-month,No,Electronic check,64.1,3871.91,No
CUST-00392,Male,0,No,No,11,Fiber optic,No,Month-to-month,Yes,Bank transfer (automatic),53.07,851.25,Yes
CUST-00393,Male,0,No,Yes,24,Fiber optic,Yes,Two year,No,Bank transfer (automatic),77.9,1653.14,No
CUST-00394,Female,0,Yes,No,48,No,No internet service,Month-to-month,Yes,Credit card (automatic),20.52,1078.49,Yes
CUST-00395,Female,0,No,Yes,34,Fiber optic,Yes,Month-to-month,No,Electronic check,65.38,2239.13,No
CUST-00396,Female,1,Yes,No,44,DSL,Yes,Two year,Yes,Bank transfer (automatic),39.87,1783.57,No
CUST-00397,Male,0,No,Yes,38,Fiber optic,Yes,Two year,Yes,Electronic check,65.42,2346.33,No
CUST-00398,Male,1,Yes,No,59,DSL,Yes,Month-to-month,No,Credit card (automatic),48.81,2927.17,No
CUST-00399,Male,0,Yes,No,63,DSL,No,One year,No,Mailed check,31.54,2028.76,No
CUST-00400,Male,0,Yes,Yes,32,Fiber optic,Yes,Month-to-month,Yes,Bank transfer (automatic),63.98,1964.61,No
CUST-00401,Female,0,No,No,31,DSL,No,Month-to-month,No,Electronic check,56.79,1752.25,No
CUST-00402,Female,0,Yes,No,20,DSL,No,Month-to-month,Yes,Electronic check,37.77,597.66,Yes
CUST-00403,Male,0,No,No,32,No,No internet service,Two year,No,Electronic check,30.6,931.75,No
CUST-00404,Female,0,Yes,No,61,Fiber optic,No,Month-to-month,Yes,Credit card (automatic),71.14,4454.84,Yes
CUST-00405,Male,0,Yes,No,36,No,No internet service,One year,No,Electronic check,18.0,765.7,No
CUST-00406,Female,1,Yes,No,50,No,No internet service,Month-to-month,Yes,Credit card (automatic),32.58,1721.24,No
CUST-00407,Male,0,No,No,30,DSL,No,One year,No,Electronic check,51.55,1661.75,No
CUST-00408,Male,0,No,Yes,51,Fiber optic,No,One year,No,Mailed check,77.64,4076.46,No
CUST-00409,Female,0,Yes,Yes,52,Fiber optic,Yes,One year,No,Electronic check,67.68,3442.13,No
CUST-00410,Male,0,No,No,38,Fiber optic,No,Two year,No,Electronic check,79.49,3061.37,No
CUST-00411,Male,0,Yes,No,68,DSL,No,One year,No,Mailed check,55.07,3875.17,No
CUST-00412,Male,0,Yes,No,63,DSL,No,One year,Yes,Mailed check,21.59,1194.62,No
CUST-00413,Male,0,No,No,11,DSL,No,Month-to-month,Yes,Mailed check,41.03,285.09,Yes
CUST-00414,Male,0,Yes,No,16,Fiber optic,No,Two year,Yes,Bank transfer (automatic),66.82,896.24,No
CUST-00415,Male,1,Yes,No,69,DSL,No,Month-to-month,Yes,Electronic check,53.48,3475.86,Yes
CUST-00416,Female,0,No,No,29,Fiber optic,No,Month-to-month,Yes,Bank transfer (automatic),60.57,1630.43,No
CUST-00417,Female,1,Yes,No,22,No,No internet service,Month-to-month,No,Bank transfer (automatic),18.0,332.94,No
CUST-00418,Male,0,No,Yes,58,Fiber optic,No,Month-to-month,Yes,Electronic check,90.16,5410.76,No
CUST-00419,Male,0,No,Yes,43,Fiber optic,Yes,One year,Yes,Mailed check,78.45,3320.85,No
CUST-00420,Female,0,No,No,9,DSL,No,Month-to-month,Yes,Electronic check,27.17,62.57,No
CUST-00421,Female,0,No,Yes,6,No,No internet service,Month-to-month,No,Electronic check,18.0,127.94,No
CUST-00422,Female,0,No,No,58,Fiber optic,No,Two year,Yes,Electronic check,71.18,4105.76,Yes
CUST-00423,Female,0,Yes,Yes,55,Fiber optic,Yes,Two year,Yes,Bank transfer (automatic),68.56,3676.94,No
CUST-00424,Female,0,No,Yes,25,No,No internet service,Month-to-month,Yes,Electronic check,18.0,379.37,No
CUST-00425,Male,0,No,No,62,DSL,Yes,Two year,Yes,Credit card (automatic),38.33,2504.51,No
CUST-00426,Male,0,No,No,9,Fiber optic,No,Month-to-month,Yes,Bank transfer (automatic),86.88,612.73,Yes
CUST-00427,Female,0,Yes,No,63,DSL,Yes,Month-to-month,No,Electronic check,60.09,3585.78,No
CUST-00428,Female,0,No,No,5,DSL,No,Two year,No,Bank transfer (automatic),44.93,280.67,No
CUST-00429,Male,0,No,No,46,Fiber optic,No,One year,No,Electronic check,72.6,3265.92,Yes
CUST-00430,Female,1,Yes,Yes,61,Fiber optic,Yes,One year,Yes,Electronic check,69.71,4438.58,No
CUST-00431,Male,0,No,No,45,DSL,No,Month-to-month,Yes,Credit card (automatic),51.51,2299.43,Yes
CUST-00432,Female,1,Yes,Yes,56,Fiber optic,No,Month-to-month,Yes,Mailed check,82.35,4599.56,No
CUST-00433,Female,1,Yes,No,25,No,No internet service,Month-to-month,No,Electronic check,18.0,544.39,No
CUST-00434,Male,0,No,No,21,No,No internet service,Two year,No,Credit card (automatic),21.59,252.73,Yes
CUST-00435,Male,0,Yes,No,19,DSL,Yes,Month-to-month,Yes,Credit card (automatic),32.46,657.25,No
CUST-00436,Male,0,Yes,No,8,Fiber optic,No,Month-to-month,Yes,Mailed check,59.23,429.97,No
CUST-00437,Female,0,Yes,No,20,DSL,No,Month-to-month,No,Bank transfer (automatic),29.27,708.62,No
CUST-00438,Female,0,Yes,No,18,Fiber optic,Yes,One year,Yes,Credit card (automatic),85.94,1469.31,No
CUST-00439,Male,0,No,No,55,Fiber optic,Yes,Month-to-month,No,Bank transfer (automatic),76.29,4217.17,No
CUST-00440,Male,1,No,No,15,Fiber optic,No,One year,Yes,Mailed check,58.86,839.82,No
CUST-00441,Female,0,No,No,12,DSL,Yes,Month-to-month,No,Credit card (automatic),47.96,625.07,No
CUST-00442,Male,0,Yes,Yes,53,Fiber optic,No,Month-to-month,Yes,Mailed check,53.97,2830.27,Yes
CUST-00443,Male,0,No,No,39,DSL,Yes,Month-to-month,No,Electronic check,56.23,2224.45,No
CUST-00444,Male,0,No,Yes,15,DSL,No,Month-to-month,No,Electronic check,44.97,884.94,Yes
CUST-00445,Female,0,No,No,51,Fiber optic,No,One year,Yes,Mailed check,68.85,3477.03,No
CUST-00446,Female,0,Yes,Yes,15,DSL,No,Two year,No,Electronic check,51.17,815.88,Yes
CUST-00447,Male,0,Yes,No,57,Fiber optic,Yes,Month-to-month,Yes,Electronic check,61.34,3770.76,Yes
CUST-00448,Female,0,No,Yes,2,Fiber optic,No,Month-to-month,Yes,Mailed check,79.26,205.3,Yes
CUST-00449,Female,0,No,Yes,43,Fiber optic,No,Month-to-month,Yes,Credit card (automatic),59.7,2275.0,No
CUST-00450,Male,0,Yes,No,43,Fiber optic,No,Two year,No,Electronic check,62.84,2622.17,No
CUST-00451,Female,0,No,Yes,27,Fiber optic,Yes,Two year,Yes,Electronic check,66.94,1662.93,Yes
CUST-00452,Female,1,Yes,No,50,No,No internet service,One year,Yes,Credit card (automatic),18.0,1010.64,No
CUST-00453,Male,1,Yes,No,27,DSL,No,Month-to-month,Yes,Mailed check,39.23,1047.95,Yes
CUST-00454,Male,0,No,No,47,Fiber optic,No,Month-to-month,Yes,Bank transfer (automatic),81.22,3944.96,No
CUST-00455,Female,0,No,Yes,16,Fiber optic,No,Two year,Yes,Mailed check,56.61,979.15,Yes
CUST-00456,Female,0,Yes,No,41,DSL,No,Month-to-month,Yes,Bank transfer (automatic),47.06,2002.33,No
CUST-00457,Male,0,No,No,55,DSL,No,One year,No,Electronic check,48.98,2547.1,No
CUST-00458,Female,0,No,No,70,DSL,No,Two year,Yes,Mailed check,53.25,3788.09,No
CUST-00459,Female,0,Yes,Yes,26,Fiber optic,No,One year,No,Bank transfer (automatic),85.07,2375.81,No
CUST-00460,Male,0,No,No,34,Fiber optic,Yes,One year,Yes,Electronic check,81.58,2600.07,No
CUST-00461,Female,1,No,No,34,Fiber optic,Yes,Month-to-month,Yes,Electronic check,74.14,2482.7,Yes
CUST-00462,Male,0,No,No,62,Fiber optic,No,Two year,Yes,Mailed check,72.24,4521.41,No
CUST-00463,Female,1,No,Yes,70,Fiber optic,Yes,Month-to-month,Yes,Bank transfer (automatic),73.13,5130.86,No
CUST-00464,Male,0,No,Yes,47,DSL,No,Two year,No,Mailed check,34.6,1798.59,No
CUST-00465,Male,1,Yes,Yes,60,Fiber optic,Yes,Month-to-month,Yes,Bank transfer (automatic),76.85,4698.42,No
CUST-00466,Female,0,Yes,No,6,Fiber optic,Yes,One year,Yes,Bank transfer (automatic),67.05,451.03,Yes
CUST-00467,Male,0,No,No,55,DSL,No,Two year,Yes,Electronic check,37.98,2187.01,No
CUST-00468,Female,1,No,No,59,DSL,No,Month-to-month,No,Credit card (automatic),37.73,2317.78,No
CUST-00469,Male,1,Yes,No,52,DSL,No,Month-to-month,Yes,Credit card (automatic),36.53,1904.49,Yes
CUST-00470,Female,0,Yes,Yes,42,No,No internet service,Month-to-month,Yes,Electronic check,18.0,713.42,No
CUST-00471,Female,0,No,No,65,DSL,Yes,One year,Yes,Mailed check,36.37,2482.89,No
CUST-00472,Female,0,Yes,No,47,DSL,No,One year,Yes,Electronic check,64.5,2942.33,No
CUST-00473,Male,0,Yes,No,61,DSL,No,Month-to-month,No,Credit card (automatic),40.95,2489.28,No
CUST-00474,Male,0,No,No,13,DSL,Yes,Two year,Yes,Mailed check,51.64,532.51,No
CUST-00475,Female,1,No,Yes,48,Fiber optic,No,Two year,Yes,Mailed check,98.37,4809.56,No
CUST-00476,Female,0,No,No,31,Fiber optic,Yes,Two year,Yes,Credit card (automatic),72.71,2401.91,No
CUST-00477,Female,0,No,No,63,Fiber optic,No,One year,No,Bank transfer (automatic),76.33,4696.52,No
CUST-00478,Male,0,Yes,No,64,No,No internet service,Two year,Yes,Electronic check,37.92,2408.41,No
CUST-00479,Female,0,No,No,61,DSL,No,Two year,No,Bank transfer (automatic),55.45,3324.84,No
CUST-00480,Male,0,Yes,No,15,Fiber optic,Yes,Month-to-month,No,Credit card (automatic),90.39,1484.89,Yes
CUST-00481,Male,0,Yes,Yes,35,Fiber optic,No,Two year,Yes,Electronic check,69.8,2613.04,Yes
CUST-00482,Female,0,No,No,0,Fiber optic,No,Month-to-month,No,Mailed check,87.73,0.0,No
CUST-00483,Male,0,No,No,71,No,No internet service,Two year,Yes,Bank transfer (automatic),20.9,1112.96,No
CUST-00484,Female,1,No,No,18,DSL,Yes,One year,Yes,Mailed check,48.02,1002.7,No
CUST-00485,Male,0,Yes,Yes,45,Fiber optic,No,One year,Yes,Credit card (automatic),72.6,3272.41,No
CUST-00486,Male,1,No,No,35,Fiber optic,No,Month-to-month,Yes,Mailed check,69.46,2436.97,Yes
CUST-00487,Male,0,No,No,66,DSL,No,Month-to-month,Yes,Bank transfer (automatic),38.45,2653.35,Yes
CUST-00488,Female,0,No,No,59,No,No internet service,Month-to-month,No,Credit card (automatic),18.7,1059.62,No
CUST-00489,Female,0,No,No,56,DSL,Yes,One year,No,Electronic check,18.0,932.37,No
CUST-00490,Female,0,Yes,No,46,DSL,No,Two year,No,Electronic check,41.35,1859.41,No
CUST-00491,Female,0,No,Yes,8,Fiber optic,Yes,Month-to-month,Yes,Credit card (automatic),80.17,700.05,No
CUST-00492,Female,0,No,No,67,Fiber optic,No,Month-to-month,Yes,Bank transfer (automatic),84.44,5762.96,No
CUST-00493,Female,0,No,Yes,4,No,No internet service,One year,Yes,Mailed check,18.0,267.98,No
CUST-00494,Female,0,No,Yes,33,No,No internet service,Month-to-month,No,Electronic check,24.85,868.46,No
CUST-00495,Male,0,No,No,27,DSL,Yes,Month-to-month,Yes,Electronic check,48.21,1284.31,No
CUST-00496,Male,0,Yes,No,28,Fiber optic,Yes,Month-to-month,Yes,Electronic check,82.09,2404.86,No
CUST-00497,Male,0,Yes,No,71,No,No internet service,One year,No,Mailed check,18.0,1161.45,No
CUST-00498,Male,0,No,No,16,DSL,Yes,One year,No,Mailed check,38.91,792.89,No
CUST-00499,Female,0,No,No,42,Fiber optic,No,Two year,Yes,Electronic check,60.08,2548.73,No
CUST-00500,Male,0,No,No,15,No,No internet service,Month-to-month,No,Bank transfer (automatic),18.0,242.56,No
CUST-00501,Male,0,Yes,Yes,66,DSL,Yes,Month-to-month,Yes,Credit card (automatic),28.14,1741.08,No
CUST-00502,Female,0,Yes,No,53,No,No internet service,One year,No,Credit card (automatic),18.0,1029.23,No
CUST-00503,Female,0,No,No,30,Fiber optic,No,Two year,No,Credit card (automatic),59.75,1758.83,No
CUST-00504,Female,0,No,No,5,No,No internet service,Month-to-month,No,Mailed check,25.04,113.89,No
CUST-00505,Male,1,Yes,No,11,Fiber optic,Yes,Two year,Yes,Mailed check,67.61,543.17,No
CUST-00506,Male,0,No,Yes,17,Fiber optic,Yes,One year,Yes,Mailed check,73.11,1190.71,No
CUST-00507,Female,1,Yes,No,29,Fiber optic,Yes,Two year,Yes,Electronic check,69.16,1937.42,No
CUST-00508,Male,0,No,No,64,DSL,No,Month-to-month,Yes,Credit card (automatic),45.32,2950.71,No
CUST-00509,Male,0,Yes,No,8,Fiber optic,No,Month-to-month,No,Bank transfer (automatic),73.68,557.32,No
CUST-00510,Male,0,Yes,No,42,No,No internet service,Month-to-month,Yes,Bank transfer (automatic),18.0,438.14,No
CUST-00511,Female,0,Yes,No,25,No,No internet service,One year,Yes,Electronic check,18.0,400.2,No
CUST-00512,Female,1,No,Yes,3,No,No internet service,Two year,Yes,Electronic check,25.1,0.0,No
CUST-00513,Female,0,No,No,45,Fiber optic,No,Month-to-month,Yes,Credit card (automatic),77.05,3342.11,Yes
CUST-00514,Female,0,No,No,51,Fiber optic,Yes,Month-to-month,Yes,Electronic check,68.64,3621.11,No
CUST-00515,Female,0,Yes,Yes,70,Fiber optic,No,Month-to-month,Yes,Electronic check,68.64,4602.12,No
CUST-00516,Male,0,Yes,No,36,Fiber optic,No,One year,No,Bank transfer (automatic),61.92,2264.5,No
CUST-00517,Female,0,Yes,No,23,Fiber optic,No,Two year,No,Bank transfer (automatic),76.21,1691.96,No
CUST-00518,Male,0,No,No,62,DSL,No,Month-to-month,No,Electronic check,38.03,2273.86,Yes
CUST-00519,Male,0,Yes,No,18,DSL,Yes,One year,No,Electronic check,51.57,810.74,No
CUST-00520,Female,1,No,No,49,Fiber optic,No,Month-to-month,Yes,Credit card (automatic),81.08,4011.26,No
CUST-00521,Male,0,No,Yes,68,DSL,No,Two year,No,Credit card (automatic),31.36,2184.3,No
CUST-00522,Male,0,No,No,0,DSL,No,Two year,Yes,Mailed check,40.15,0.0,No
CUST-00523,Male,0,Yes,No,67,DSL,No,Month-to-month,Yes,Credit card (automatic),60.65,4201.61,No
CUST-00524,Female,1,No,No,15,No,No internet service,One year,Yes,Electronic check,18.0,127.65,No
CUST-00525,Male,1,Yes,No,35,No,No internet service,Two year,Yes,Bank transfer (automatic),18.23,684.68,No
CUST-00526,Male,0,Yes,Yes,18,Fiber optic,No,Two year,No,Mailed check,82.64,1345.8,Yes
CUST-00527,Female,0,No,No,10,No,No internet service,One year,Yes,Credit card (automatic),23.79,182.81,Yes
CUST-00528,Male,0,No,Yes,51,No,No internet service,Month-to-month,Yes,Bank transfer (automatic),18.0,764.54,No
CUST-00529,Female,1,No,No,35,DSL,No,Month-to-month,Yes,Electronic check,41.74,1397.45,Yes
CUST-00530,Female,0,Yes,No,37,DSL,No,One year,Yes,Electronic check,65.22,2389.02,Yes
CUST-00531,Female,0,No,No,35,DSL,No,Month-to-month,No,Credit card (automatic),64.64,2124.48,No
CUST-00532,Male,0,No,No,54,DSL,Yes,Two year,Yes,Electronic check,41.01,2252.27,No
CUST-00533,Male,0,Yes,No,70,Fiber optic,No,Month-to-month,Yes,Bank transfer (automatic),52.86,3753.65,No
CUST-00534,Male,0,No,Yes,37,DSL,Yes,Two year,No,Mailed check,37.64,1717.4,No
CUST-00535,Female,0,Yes,No,11,No,No internet service,Month-to-month,No,Electronic check,34.83,494.57,No
CUST-00536,Male,0,No,Yes,23,Fiber optic,Yes,Month-to-month,Yes,Bank transfer (automatic),68.18,1709.31,Yes
CUST-00537,Male,1,No,No,36,Fiber optic,Yes,Month-to-month,Yes,Mailed check,86.47,2900.64,No
CUST-00538,Male,0,No,No,7,No,No internet service,One year,No,Credit card (automatic),27.28,0.0,No
CUST-00539,Female,0,No,No,16,No,No internet service,Two year,Yes,Electronic check,18.0,252.36,Yes
CUST-00540,Male,0,Yes,Yes,14,Fiber optic,Yes,Month-to-month,Yes,Electronic check,59.01,1040.56,Yes
CUST-00541,Female,1,No,No,71,Fiber optic,No,Month-to-month,Yes,Electronic check,62.71,4749.33,Yes
CUST-00542,Male,0,No,No,29,No,No internet service,Two year,Yes,Electronic check,18.0,439.5,No
CUST-00543,Male,0,Yes,No,64,Fiber optic,Yes,One year,No,Bank transfer (automatic),73.09,4607.41,No
CUST-00544,Male,0,Yes,Yes,40,No,No internet service,Month-to-month,No,Mailed check,18.98,824.47,No
CUST-00545,Female,0,No,Yes,36,DSL,Yes,Two year,Yes,Electronic check,41.93,1485.82,No
CUST-00546,Male,0,No,No,68,Fiber optic,Yes,Month-to-month,No,Credit card (automatic),62.15,4205.57,No
CUST-00547,Male,0,No,Yes,50,Fiber optic,No,Month-to-month,No,Electronic check,78.16,3984.19,Yes
CUST-00548,Female,0,No,No,17,DSL,No,Month-to-month,Yes,Mailed check,47.77,1137.95,Yes
CUST-00549,Female,0,No,No,20,DSL,Yes,One year,No,Credit card (automatic),45.54,1067.35,No
CUST-00550,Female,0,Yes,Yes,48,DSL,No,Month-to-month,No,Bank transfer (automatic),56.89,2955.02,Yes
CUST-00551,Female,1,Yes,No,0,DSL,Yes,Two year,Yes,Electronic check,43.61,0.0,No
CUST-00552,Male,0,No,No,11,DSL,No,Month-to-month,Yes,Credit card (automatic),23.85,391.32,Yes
CUST-00553,Female,0,No,Yes,5,Fiber optic,No,Two year,No,Mailed check,80.75,289.77,No
CUST-00554,Male,0,No,No,52,No,No internet service,Month-to-month,No,Electronic check,30.7,1797.57,No
CUST-00555,Female,0,No,Yes,32,Fiber optic,Yes,Month-to-month,Yes,Electronic check,64.03,2211.84,No
CUST-00556,Female,0,No,No,0,Fiber optic,No,Month-to-month,Yes,Credit card (automatic),55.54,72.46,No
CUST-00557,Female,0,No,No,54,DSL,Yes,Month-to-month,No,Electronic check,35.13,1807.87,No
CUST-00558,Female,0,No,No,47,No,No internet service,Month-to-month,Yes,Credit card (automatic),20.36,898.86,No
CUST-00559,Female,0,Yes,No,52,DSL,No,Two year,No,Electronic check,43.83,2230.81,No
CUST-00560,Female,1,No,No,11,DSL,No,Two year,No,Electronic check,43.22,566.9,No
CUST-00561,Female,1,No,Yes,63,Fiber optic,Yes,One year,Yes,Credit card (automatic),71.27,4538.48,No
CUST-00562,Male,0,Yes,No,13,No,No internet service,Month-to-month,No,Credit card (automatic),23.93,481.49,No
CUST-00563,Male,0,No,Yes,41,No,No internet service,Two year,No,Electronic check,18.0,931.3,No
CUST-00564,Male,0,No,No,40,Fiber optic,Yes,Month-to-month,Yes,Electronic check,68.79,2650.16,Yes
CUST-00565,Female,0,No,Yes,15,Fiber optic,No,One year,Yes,Bank transfer (automatic),53.28,856.22,No
CUST-00566,Male,0,No,No,27,Fiber optic,No,One year,Yes,Mailed check,69.36,1928.28,No
CUST-00567,Male,0,Yes,No,3,Fiber optic,No,Month-to-month,No,Mailed check,83.91,240.33,No
CUST-00568,Male,0,Yes,No,34,DSL,No,Month-to-month,No,Electronic check,41.32,1517.89,No
CUST-00569,Female,0,Yes,No,49,DSL,No,Two year,Yes,Credit card (automatic),32.37,1645.05,No
CUST-00570,Female,1,Yes,Yes,22,No,No internet service,Month-to-month,No,Electronic check,18.0,327.05,No
CUST-00571,Female,0,No,No,39,No,No internet service,One year,No,Electronic check,18.0,684.95,No
CUST-00572,Male,0,No,Yes,69,DSL,Yes,Two year,Yes,Electronic check,42.42,2885.07,No
CUST-00573,Male,0,No,Yes,17,DSL,No,Month-to-month,Yes,Electronic check,30.23,426.61,Yes
CUST-00574,Male,0,Yes,No,21,DSL,Yes,Month-to-month,No,Mailed check,51.77,1076.93,Yes
CUST-00575,Male,0,Yes,No,8,Fiber optic,No,Month-to-month,Yes,Mailed check,70.41,407.65,Yes
CUST-00576,Male,1,Yes,No,39,DSL,Yes,One year,No,Bank transfer (automatic),47.5,1909.37,No
CUST-00577,Female,0,No,No,14,Fiber optic,No,Month-to-month,Yes,Mailed check,74.21,1207.43,Yes
CUST-00578,Female,0,Yes,Yes,62,DSL,No,Month-to-month,Yes,Electronic check,43.69,2714.84,No
CUST-00579,Female,0,No,Yes,21,DSL,No,Month-to-month,Yes,Credit card (automatic),41.88,993.05,No
CUST-00580,Male,0,No,No,48,DSL,Yes,Two year,Yes,Mailed check,45.94,2223.76,No
CUST-00581,Male,0,No,No,13,Fiber optic,No,Two year,No,Electronic check,68.7,770.45,Yes
CUST-00582,Female,0,Yes,Yes,23,DSL,No,One year,Yes,Electronic check,48.03,1345.54,No
CUST-00583,Male,0,Yes,No,12,Fiber optic,No,Two year,Yes,Bank transfer (automatic),74.8,606.91,No
CUST-00584,Male,0,No,No,40,Fiber optic,No,One year,Yes,Credit card (automatic),79.85,3195.24,No
CUST-00585,Male,0,No,No,2,Fiber optic,Yes,Two year,No,Bank transfer (automatic),67.48,42.73,No
CUST-00586,Female,0,Yes,No,6,DSL,Yes,Month-to-month,Yes,Credit card (automatic),42.16,442.76,No
CUST-00587,Female,1,No,No,36,Fiber optic,No,Month-to-month,No,Electronic check,97.67,3542.04,No
CUST-00588,Male,0,No,No,39,DSL,Yes,Two year,Yes,Credit card (automatic),38.03,1789.83,No
CUST-00589,Female,0,Yes,No,24,Fiber optic,No,Month-to-month,Yes,Electronic check,72.62,1747.2,Yes
CUST-00590,Female,0,Yes,No,31,Fiber optic,No,Month-to-month,No,Electronic check,56.98,1675.08,No
CUST-00591,Female,0,Yes,Yes,30,No,No internet service,One year,Yes,Mailed check,20.79,418.47,No
CUST-00592,Female,0,Yes,Yes,55,No,No internet service,One year,No,Electronic check,24.45,1477.55,No
CUST-00593,Male,0,Yes,No,32,Fiber optic,Yes,Month-to-month,No,Mailed check,74.26,2276.15,No
CUST-00594,Female,0,No,Yes,61,No,No internet service,Month-to-month,No,Electronic check,34.52,2055.34,No
CUST-00595,Male,0,Yes,No,15,DSL,No,Month-to-month,Yes,Bank transfer (automatic),46.49,844.72,Yes
CUST-00596,Female,0,No,No,14,Fiber optic,Yes,Month-to-month,No,Bank transfer (automatic),81.72,1270.48,No
CUST-00597,Female,1,No,No,29,DSL,No,Month-to-month,Yes,Bank transfer (automatic),32.65,873.69,Yes
CUST-00598,Female,1,Yes,No,5,DSL,Yes,Month-to-month,Yes,Mailed check,51.34,202.22,Yes
CUST-00599,Female,0,Yes,No,48,Fiber optic,No,One year,Yes,Electronic check,64.51,2885.75,Yes
CUST-00600,Female,0,No,Yes,28,Fiber optic,No,Month-to-month,Yes,Credit card (automatic),71.12,1744.7,Yes
CUST-00601,Female,0,No,No,26,Fiber optic,Yes,Month-to-month,Yes,Mailed check,66.79,1828.18,Yes
CUST-00602,Female,1,No,No,38,No,No internet service,One year,No,Mailed check,18.0,788.88,No
CUST-00603,Female,0,Yes,No,5,Fiber optic,No,Month-to-month,Yes,Electronic check,56.25,324.12,Yes
CUST-00604,Male,0,Yes,No,27,No,No internet service,Month-to-month,Yes,Electronic check,41.01,1129.74,No
CUST-00605,Female,0,Yes,No,70,No,No internet service,Month-to-month,Yes,Mailed check,18.0,1175.26,No
CUST-00606,Female,0,No,No,45,No,No internet service,One year,No,Bank transfer (automatic),20.36,1092.38,No
CUST-00607,Male,0,No,No,41,DSL,No,Month-to-month,Yes,Credit card (automatic),46.61,1696.93,No
CUST-00608,Female,0,No,No,36,Fiber optic,No,Month-to-month,No,Credit card (automatic),67.47,2372.7,No
CUST-00609,Female,1,No,No,34,Fiber optic,No,One year,Yes,Mailed check,70.93,2430.9,No
CUST-00610,Female,0,Yes,Yes,68,No,No internet service,Two year,No,Mailed check,21.94,1491.87,No
CUST-00611,Female,1,No,Yes,67,DSL,Yes,One year,Yes,Bank transfer (automatic),38.69,2591.98,No
CUST-00612,Male,0,Yes,No,29,DSL,Yes,Two year,No,Electronic check,63.17,1769.62,No
CUST-00613,Female,0,No,No,67,DSL,No,One year,Yes,Mailed check,46.35,3170.36,No
CUST-00614,Male,1,No,No,6,DSL,Yes,Month-to-month,Yes,Bank transfer (automatic),31.82,45.07,No
CUST-00615,Female,0,No,No,23,No,No internet service,Month-to-month,No,Electronic check,18.0,396.72,Yes
CUST-00616,Female,0,Yes,Yes,22,DSL,Yes,Month-to-month,No,Electronic check,32.53,767.49,Yes
CUST-00617,Male,0,No,No,50,Fiber optic,Yes,Month-to-month,Yes,Mailed check,62.71,3095.6,No
CUST-00618,Male,0,No,No,44,Fiber optic,No,Month-to-month,Yes,Bank transfer (automatic),48.82,2148.65,No
CUST-00619,Male,0,Yes,No,34,Fiber optic,No,Month-to-month,No,Electronic check,67.54,2322.22,Yes
CUST-00620,Male,0,Yes,No,18,DSL,Yes,One year,Yes,Electronic check,45.91,615.08,No
CUST-00621,Male,0,No,No,37,Fiber optic,No,One year,No,Electronic check,63.33,2143.13,No
CUST-00622,Male,0,Yes,Yes,19,Fiber optic,Yes,Month-to-month,Yes,Credit card (automatic),62.51,1203.76,No
CUST-00623,Male,0,Yes,No,36,No,No internet service,Month-to-month,Yes,Credit card (automatic),35.78,1215.07,Yes
CUST-00624,Male,0,Yes,No,24,Fiber optic,No,Month-to-month,Yes,Credit card (automatic),79.41,1840.08,No
CUST-00625,Female,0,Yes,No,64,No,No internet service,Month-to-month,Yes,Credit card (automatic),18.0,1220.28,No
CUST-00626,Male,0,Yes,Yes,54,DSL,Yes,Month-to-month,Yes,Electronic check,45.52,2339.42,No
CUST-00627,Male,1,No,No,12,Fiber optic,Yes,Month-to-month,Yes,Electronic check,50.18,312.57,No
CUST-00628,Male,0,Yes,Yes,68,Fiber optic,No,Month-to-month,No,Mailed check,74.21,5245.12,No
CUST-00629,Female,0,No,No,48,Fiber optic,No,Two year,Yes,Mailed check,58.21,2939.26,Yes
CUST-00630,Male,0,Yes,Yes,25,Fiber optic,Yes,Month-to-month,No,Bank transfer (automatic),65.2,1773.66,No
CUST-00631,Female,1,Yes,No,38,DSL,Yes,One year,Yes,Electronic check,65.38,2349.95,No
CUST-00632,Male,0,Yes,No,14,DSL,Yes,Month-to-month,No,Credit card (automatic),47.89,661.17,No
CUST-00633,Male,0,No,No,3,No,No internet service,Month-to-month,Yes,Electronic check,18.0,0.0,No
CUST-00634,Male,0,No,No,30,No,No internet service,Month-to-month,No,Bank transfer (automatic),32.02,953.4,No
CUST-00635,Male,0,No,No,57,DSL,Yes,Two year,No,Credit card (automatic),57.33,3226.05,No
CUST-00636,Female,0,Yes,No,25,Fiber optic,Yes,Month-to-month,No,Mailed check,77.57,1809.88,No
CUST-00637,Male,1,Yes,No,28,Fiber optic,Yes,Month-to-month,No,Bank transfer (automatic),64.64,1870.31,Yes
CUST-00638,Male,0,Yes,No,72,Fiber optic,No,Two year,Yes,Bank transfer (automatic),67.29,4813.83,No
CUST-00639,Female,0,No,Yes,72,DSL,No,Month-to-month,Yes,Credit card (automatic),40.07,3091.76,No
CUST-00640,Female,0,Yes,Yes,33,No,No internet service,Month-to-month,Yes,Credit card (automatic),18.0,604.29,No
CUST-00641,Female,0,No,No,3,Fiber optic,No,One year,No,Mailed check,78.51,0.0,No
CUST-00642,Female,0,No,No,49,Fiber optic,Yes,Month-to-month,Yes,Mailed check,88.04,4096.5,No
CUST-00643,Female,0,No,No,52,Fiber optic,No,Two year,No,Credit card (automatic),81.95,4512.88,No
CUST-00644,Male,0,No,Yes,66,Fiber optic,No,Month-to-month,No,Bank transfer (automatic),80.65,5279.82,No
CUST-00645,Female,0,Yes,No,69,DSL,Yes,One year,Yes,Bank transfer (automatic),56.03,3894.87,No
CUST-00646,Male,1,No,No,45,No,No internet service,Month-to-month,Yes,Mailed check,18.0,811.17,No
CUST-00647,Male,0,Yes,No,7,DSL,No,One year,Yes,Electronic check,41.47,460.25,No
CUST-00648,Female,0,No,No,18,No,No internet service,Two year,Yes,Mailed check,18.0,95.17,No
CUST-00649,Female,0,No,No,52,No,No internet service,Two year,Yes,Credit card (automatic),24.21,1418.43,Yes
CUST-00650,Female,0,Yes,No,44,Fiber optic,No,Two year,Yes,Electronic check,80.15,3677.84,Yes
CUST-00651,Male,0,No,No,31,Fiber optic,No,One year,No,Electronic check,60.09,1863.53,No
CUST-00652,Female,0,Yes,No,29,DSL,No,Month-to-month,No,Electronic check,29.91,916.98,No
CUST-00653,Male,0,Yes,No,51,Fiber optic,Yes,Month-to-month,Yes,Mailed check,64.37,3238.4,No
CUST-00654,Female,1,No,No,30,Fiber optic,No,Month-to-month,Yes,Electronic check,65.84,1772.97,No
CUST-00655,Female,0,Yes,No,11,DSL,Yes,Month-to-month,No,Bank transfer (automatic),41.55,526.68,No
CUST-00656,Female,0,No,No,71,DSL,Yes,Month-to-month,Yes,Electronic check,22.42,1621.41,No
CUST-00657,Female,0,No,No,25,No,No internet service,One year,No,Electronic check,28.67,748.83,No
CUST-00658,Female,0,No,Yes,20,DSL,No,One year,Yes,Electronic check,62.33,1304.48,Yes
CUST-00659,Male,0,Yes,No,5,DSL,No,Two year,No,Electronic check,47.29,163.93,Yes
CUST-00660,Male,1,Yes,No,34,DSL,No,Month-to-month,No,Credit card (automatic),60.25,2227.69,No
CUST-00661,Male,0,No,No,71,Fiber optic,No,One year,No,Credit card (automatic),62.57,4443.45,No
CUST-00662,Female,1,Yes,No,11,Fiber optic,No,One year,No,Bank transfer (automatic),74.97,889.68,No
CUST-00663,Male,0,No,Yes,17,Fiber optic,No,Two year,Yes,Credit card (automatic),77.21,1279.91,No
CUST-00664,Male,0,Yes,No,13,Fiber optic,No,One year,Yes,Electronic check,71.54,1056.05,No
CUST-00665,Female,0,Yes,No,6,DSL,Yes,Month-to-month,No,Credit card (automatic),46.59,292.02,No
CUST-00666,Female,0,No,No,44,Fiber optic,Yes,Month-to-month,Yes,Mailed check,69.21,3035.03,No
CUST-00667,Female,0,No,No,21,DSL,No,Two year,Yes,Bank transfer (automatic),35.91,898.99,Yes
CUST-00668,Female,0,No,No,54,No,No internet service,One year,Yes,Bank transfer (automatic),18.0,765.26,No
CUST-00669,Female,0,No,No,29,DSL,Yes,Two year,Yes,Mailed check,58.85,1673.05,Yes
CUST-00670,Male,1,Yes,No,46,DSL,No,One year,Yes,Electronic check,39.11,1725.54,No
CUST-00671,Female,0,Yes,Yes,6,Fiber optic,Yes,One year,Yes,Electronic check,76.38,503.15,Yes
CUST-00672,Female,0,Yes,Yes,24,DSL,No,One year,Yes,Mailed check,55.95,1380.7,No
CUST-00673,Female,0,No,No,30,Fiber optic,Yes,Two year,Yes,Mailed check,58.76,1761.38,No
CUST-00674,Male,0,Yes,Yes,4,Fiber optic,Yes,Two year,No,Credit card (automatic),79.11,230.76,Yes
CUST-00675,Female,1,No,No,30,No,No internet service,Month-to-month,Yes,Electronic check,18.0,537.12,No
CUST-00676,Female,0,Yes,No,34,DSL,No,Month-to-month,No,Bank transfer (automatic),35.01,1229.14,Yes
CUST-00677,Female,0,No,Yes,29,Fiber optic,No,Month-to-month,No,Mailed check,74.91,2150.98,No
CUST-00678,Male,0,No,No,36,Fiber optic,Yes,Month-to-month,Yes,Electronic check,83.2,3128.11,Yes
CUST-00679,Female,0,No,No,58,DSL,Yes,Two year,Yes,Electronic check,49.71,2956.62,No
CUST-00680,Female,0,Yes,No,56,Fiber optic,No,Two year,Yes,Mailed check,71.35,3997.88,No
CUST-00681,Female,0,No,No,1,No,No internet service,Month-to-month,No,Mailed check,20.91,0.0,Yes
CUST-00682,Male,0,Yes,Yes,46,Fiber optic,No,Month-to-month,Yes,Electronic check,44.09,2001.94,No
CUST-00683,Female,0,Yes,No,65,No,No internet service,Month-to-month,Yes,Electronic check,27.33,1852.06,No
CUST-00684,Female,0,Yes,No,63,Fiber optic,No,Two year,Yes,Electronic check,79.23,4957.97,No
CUST-00685,Male,0,Yes,No,23,Fiber optic,Yes,One year,No,Credit card (automatic),72.24,1697.91,No
CUST-00686,Female,1,No,No,57,No,No internet service,Month-to-month,Yes,Credit card (automatic),18.0,999.05,No
CUST-00687,Male,0,Yes,Yes,58,DSL,No,Month-to-month,Yes,Electronic check,37.79,2219.72,No
CUST-00688,Female,0,Yes,No,26,Fiber optic,No,Month-to-month,No,Bank transfer (automatic),62.12,1783.24,No
CUST-00689,Male,0,No,No,63,Fiber optic,No,Month-to-month,Yes,Credit card (automatic),58.81,3799.44,No
CUST-00690,Female,0,No,Yes,46,No,No internet service,Two year,No,Electronic check,38.26,1604.49,Yes
CUST-00691,Female,1,No,No,54,No,No internet service,Two year,No,Electronic check,37.32,1816.32,No
CUST-00692,Female,0,No,No,54,DSL,No,Month-to-month,Yes,Electronic check,57.11,3137.05,No
CUST-00693,Female,0,Yes,No,57,Fiber optic,No,Month-to-month,Yes,Electronic check,54.22,3230.68,Yes
CUST-00694,Female,0,No,Yes,69,DSL,No,Month-to-month,Yes,Credit card (automatic),29.45,1832.77,Yes
CUST-00695,Male,0,Yes,No,62,Fiber optic,No,Month-to-month,No,Credit card (automatic),60.2,3707.22,No
CUST-00696,Male,0,Yes,Yes,30,Fiber optic,No,Month-to-month,No,Mailed check,62.5,2159.79,Yes
CUST-00697,Female,0,Yes,No,41,DSL,Yes,Month-to-month,Yes,Electronic check,37.69,1513.05,No
CUST-00698,Female,0,No,No,47,No,No internet service,Month-to-month,No,Credit card (automatic),18.0,1149.1,No
CUST-00699,Male,0,Yes,Yes,62,Fiber optic,No,Two year,Yes,Electronic check,79.0,4799.17,No
CUST-00700,Male,0,No,No,28,Fiber optic,No,Month-to-month,Yes,Electronic check,58.03,1547.21,Yes
CUST-00701,Female,0,Yes,No,22,No,No internet service,Two year,Yes,Electronic check,37.47,739.99,No
CUST-00702,Female,0,Yes,Yes,53,Fiber optic,No,Month-to-month,No,Credit card (automatic),79.76,4073.78,No
CUST-00703,Male,0,Yes,No,69,Fiber optic,No,Month-to-month,Yes,Bank transfer (automatic),74.05,4906.49,No
CUST-00704,Male,0,Yes,No,66,DSL,No,Month-to-month,No,Bank transfer (automatic),50.9,3332.85,No
CUST-00705,Male,0,Yes,No,10,DSL,Yes,Month-to-month,Yes,Bank transfer (automatic),35.98,377.18,Yes
CUST-00706,Female,0,No,Yes,67,DSL,Yes,Month-to-month,No,Electronic check,53.0,3464.99,No
CUST-00707,Male,0,No,Yes,57,DSL,No,Two year,No,Mailed check,40.58,2255.91,No
CUST-00708,Female,0,Yes,Yes,11,DSL,No,Two year,Yes,Credit card (automatic),40.09,614.52,No
CUST-00709,Male,0,No,No,0,Fiber optic,Yes,Month-to-month,Yes,Credit card (automatic),76.25,116.61,No
CUST-00710,Male,0,Yes,No,14,Fiber optic,No,Month-to-month,No,Mailed check,60.01,809.1,Yes
CUST-00711,Female,1,Yes,No,67,DSL,No,Month-to-month,Yes,Electronic check,37.58,2569.45,No
CUST-00712,Female,0,Yes,Yes,55,Fiber optic,No,One year,Yes,Credit card (automatic),63.08,3273.03,No
CUST-00713,Female,0,No,Yes,41,No,No internet service,Month-to-month,No,Mailed check,18.0,770.36,No
CUST-00714,Female,0,Yes,Yes,46,DSL,Yes,Month-to-month,Yes,Electronic check,46.03,2109.89,No
CUST-00715,Female,0,No,No,30,Fiber optic,No,Two year,No,Electronic check,65.29,1913.8,No
CUST-00716,Female,0,Yes,Yes,66,DSL,No,Two year,Yes,Electronic check,42.46,2806.3,No
CUST-00717,Female,0,No,Yes,11,Fiber optic,Yes,One year,Yes,Bank transfer (automatic),83.64,904.58,No
CUST-00718,Male,0,Yes,No,22,Fiber optic,Yes,Month-to-month,No,Bank transfer (automatic),65.72,1288.2,Yes
CUST-00719,Male,0,No,No,14,DSL,No,Month-to-month,No,Electronic check,59.76,1038.21,Yes
CUST-00720,Female,0,No,Yes,61,DSL,No,Month-to-month,Yes,Electronic check,56.62,3567.92,No
CUST-00721,Male,0,Yes,No,39,No,No internet service,One year,Yes,Mailed check,18.0,655.46,No
CUST-00722,Female,1,Yes,Yes,49,DSL,Yes,One year,Yes,Mailed check,41.13,1804.1,No
CUST-00723,Female,0,No,Yes,67,Fiber optic,Yes,Month-to-month,Yes,Electronic check,79.05,5001.6,No
CUST-00724,Male,0,No,Yes,14,Fiber optic,No,Two year,No,Electronic check,68.22,1195.64,No
CUST-00725,Female,0,No,No,70,DSL,Yes,Month-to-month,Yes,Credit card (automatic),40.4,2807.16,No
CUST-00726,Male,0,Yes,No,9,Fiber optic,Yes,One year,Yes,Credit card (automatic),65.73,683.13,Yes
CUST-00727,Female,0,No,No,55,Fiber optic,No,Month-to-month,Yes,Mailed check,84.55,4536.4,No
CUST-00728,Male,0,Yes,No,51,DSL,No,Month-to-month,Yes,Bank transfer (automatic),46.36,2327.48,No
CUST-00729,Male,0,Yes,No,60,No,No internet service,Month-to-month,No,Credit card (automatic),20.0,1169.24,No
CUST-00730,Female,1,No,No,11,Fiber optic,Yes,One year,Yes,Electronic check,65.52,749.7,Yes
CUST-00731,Female,0,No,No,70,Fiber optic,No,Month-to-month,Yes,Credit card (automatic),85.98,6029.38,No
CUST-00732,Male,0,No,No,57,DSL,No,Month-to-month,Yes,Mailed check,60.08,3313.89,Yes
CUST-00733,Female,0,No,No,8,DSL,No,One year,Yes,Mailed check,37.36,186.96,No
CUST-00734,Female,0,Yes,No,40,Fiber optic,Yes,One year,Yes,Mailed check,73.75,2940.21,No
CUST-00735,Male,0,No,No,59,Fiber optic,No,One year,No,Electronic check,55.44,3060.44,No
CUST-00736,Female,0,Yes,Yes,34,DSL,No,One year,Yes,Credit card (automatic),52.33,1680.45,No
CUST-00737,Female,0,Yes,No,27,Fiber optic,Yes,One year,Yes,Bank transfer (automatic),66.41,1774.57,No
CUST-00738,Male,0,Yes,No,20,Fiber optic,Yes,One year,Yes,Electronic check,63.64,1320.5,Yes
CUST-00739,Female,0,No,No,37,DSL,Yes,Month-to-month,No,Bank transfer (automatic),38.65,1610.46,No
CUST-00740,Female,0,No,No,71,Fiber optic,No,Month-to-month,Yes,Credit card (automatic),63.39,4443.51,No
CUST-00741,Female,1,Yes,No,44,Fiber optic,No,Month-to-month,Yes,Credit card (automatic),69.98,3083.45,No
CUST-00742,Female,0,No,No,52,Fiber optic,No,Month-to-month,Yes,Bank transfer (automatic),83.52,4118.96,Yes
CUST-00743,Female,0,No,No,56,Fiber optic,Yes,Month-to-month,Yes,Electronic check,70.22,3972.5,Yes
CUST-00744,Male,1,No,No,56,Fiber optic,No,Month-to-month,Yes,Mailed check,81.6,4460.48,Yes
CUST-00745,Female,1,No,Yes,29,No,No internet service,Month-to-month,No,Electronic check,18.0,485.01,No
CUST-00746,Male,0,Yes,Yes,56,No,No internet service,One year,Yes,Credit card (automatic),18.0,1065.11,No
CUST-00747,Female,0,No,Yes,23,Fiber optic,No,One year,No,Bank transfer (automatic),61.74,1482.14,Yes
CUST-00748,Male,0,No,Yes,42,Fiber optic,No,Month-to-month,Yes,Credit card (automatic),78.45,3120.45,No
CUST-00749,Male,0,No,No,22,No,No internet service,Two year,No,Electronic check,35.21,870.85,No
CUST-00750,Male,0,No,Yes,68,No,No internet service,Month-to-month,Yes,Credit card (automatic),18.0,1219.34,No
CUST-00751,Female,0,Yes,No,53,DSL,No,Month-to-month,Yes,Credit card (automatic),56.33,3137.55,No
CUST-00752,Male,0,Yes,No,42,DSL,No,Month-to-month,No,Bank transfer (automatic),35.95,1685.3,No
CUST-00753,Male,1,No,No,32,Fiber optic,No,Month-to-month,Yes,Credit card (automatic),70.24,2440.42,Yes
CUST-00754,Female,0,Yes,Yes,37,No,No internet service,Month-to-month,Yes,Mailed check,20.36,582.39,No
CUST-00755,Female,0,Yes,No,56,No,No internet service,Two year,No,Electronic check,18.0,1056.27,No
CUST-00756,Male,0,No,No,19,No,No internet service,Month-to-month,No,Electronic check,18.0,152.71,No
CUST-00757,Female,1,No,No,60,DSL,No,Month-to-month,No,Electronic check,58.21,3648.77,No
CUST-00758,Male,1,No,Yes,20,No,No internet service,Month-to-month,Yes,Electronic check,37.43,921.85,Yes
CUST-00759,Male,0,No,No,10,DSL,No,Month-to-month,No,Bank transfer (automatic),62.4,741.37,Yes
CUST-00760,Female,0,No,Yes,53,Fiber optic,No,One year,No,Electronic check,73.78,3859.39,No
CUST-00761,Male,0,No,No,51,Fiber optic,Yes,One year,No,Electronic check,71.63,3718.44,No
CUST-00762,Female,0,No,No,24,Fiber optic,No,One year,Yes,Electronic check,78.13,1808.85,Yes
CUST-00763,Female,0,Yes,Yes,47,Fiber optic,Yes,One year,No,Bank transfer (automatic),76.2,3583.05,No
CUST-00764,Female,0,No,No,53,DSL,Yes,Month-to-month,No,Credit card (automatic),47.92,2528.69,No
CUST-00765,Male,0,Yes,Yes,57,DSL,No,Month-to-month,Yes,Mailed check,46.8,2427.8,No
CUST-00766,Female,1,Yes,No,69,No,No internet service,One year,Yes,Bank transfer (automatic),18.0,1144.86,No
CUST-00767,Female,0,Yes,No,62,DSL,Yes,Month-to-month,Yes,Credit card (automatic),41.9,2870.3,No
CUST-00768,Male,0,No,No,32,Fiber optic,Yes,Month-to-month,Yes,Bank transfer (automatic),73.94,2355.68,No
CUST-00769,Male,0,No,No,16,DSL,No,Month-to-month,No,Bank transfer (automatic),34.15,565.63,Yes
CUST-00770,Male,0,No,Yes,7,DSL,No,One year,Yes,Bank transfer (automatic),44.04,307.24,Yes
CUST-00771,Female,0,No,No,41,DSL,No,Month-to-month,Yes,Credit card (automatic),50.71,2029.85,No
CUST-00772,Female,0,No,No,48,Fiber optic,Yes,Two year,No,Electronic check,65.17,3132.49,No
CUST-00773,Male,0,Yes,Yes,50,Fiber optic,Yes,Month-to-month,No,Credit card (automatic),85.06,4204.16,No
CUST-00774,Female,0,No,No,0,DSL,Yes,Month-to-month,Yes,Mailed check,42.91,0.0,Yes
CUST-00775,Female,1,No,Yes,51,No,No internet service,Month-to-month,Yes,Electronic check,18.0,1012.35,No
CUST-00776,Female,0,No,No,57,DSL,Yes,Month-to-month,Yes,Bank transfer (automatic),43.14,2652.52,No
CUST-00777,Male,1,Yes,No,52,Fiber optic,Yes,Month-to-month,Yes,Credit card (automatic),66.71,3329.22,Yes
CUST-00778,Male,1,Yes,Yes,38,DSL,No,One year,Yes,Credit card (automatic),47.62,1760.02,Yes
CUST-00779,Male,0,No,No,1,No,No internet service,Month-to-month,Yes,Credit card (automatic),27.27,207.26,No
CUST-00780,Female,0,Yes,Yes,35,DSL,No,Month-to-month,No,Bank transfer (automatic),43.33,1423.98,Yes
CUST-00781,Female,0,Yes,No,47,Fiber optic,No,Month-to-month,Yes,Mailed check,61.41,2932.8,Yes
CUST-00782,Female,0,Yes,No,41,Fiber optic,No,Month-to-month,Yes,Credit card (automatic),64.82,3176.85,No
CUST-00783,Male,0,Yes,No,41,Fiber optic,No,Two year,No,Electronic check,48.87,2079.54,No
CUST-00784,Male,0,Yes,No,37,No,No internet service,Month-to-month,Yes,Electronic check,18.0,674.26,Yes
CUST-00785,Male,1,No,No,40,DSL,No,One year,Yes,Mailed check,29.64,1291.41,Yes
CUST-00786,Female,0,No,No,23,Fiber optic,No,Month-to-month,Yes,Bank transfer (automatic),90.68,2178.85,Yes
CUST-00787,Male,0,No,No,44,No,No internet service,Month-to-month,Yes,Bank transfer (automatic),22.04,890.29,No
CUST-00788,Female,0,Yes,Yes,20,No,No internet service,Two year,Yes,Credit card (automatic),29.25,376.63,No
CUST-00789,Female,0,Yes,No,35,Fiber optic,No,Month-to-month,Yes,Electronic check,67.2,2423.27,Yes
CUST-00790,Male,0,Yes,Yes,30,Fiber optic,No,Two year,Yes,Credit card (automatic),70.0,2189.26,Yes
CUST-00791,Male,0,Yes,No,52,Fiber optic,No,Month-to-month,No,Bank transfer (automatic),83.04,4282.38,No
CUST-00792,Male,0,Yes,No,65,Fiber optic,No,Month-to-month,No,Credit card (automatic),74.93,5067.87,No
CUST-00793,Female,0,No,No,46,No,No internet service,Two year,Yes,Mailed check,35.06,1786.13,No
CUST-00794,Female,0,No,No,9,No,No internet service,Month-to-month,No,Bank transfer (automatic),19.14,265.2,No
CUST-00795,Male,0,No,No,48,Fiber optic,No,Two year,Yes,Bank transfer (automatic),79.53,3784.01,No
CUST-00796,Male,0,Yes,Yes,23,Fiber optic,Yes,Two year,Yes,Mailed check,79.5,1577.59,Yes
CUST-00797,Female,1,Yes,No,3,Fiber optic,No,Month-to-month,Yes,Electronic check,49.48,127.52,Yes
CUST-00798,Male,0,Yes,No,14,DSL,No,Month-to-month,Yes,Electronic check,43.8,392.86,Yes
CUST-00799,Male,0,Yes,No,72,No,No internet service,Two year,Yes,Electronic check,18.0,1013.15,No
CUST-00800,Male,0,No,Yes,31,Fiber optic,Yes,Month-to-month,No,Mailed check,62.84,2025.7,Yes
CUST-00801,Male,0,Yes,No,14,DSL,No,One year,Yes,Bank transfer (automatic),32.61,597.22,Yes
CUST-00802,Male,0,No,Yes,9,Fiber optic,No,Month-to-month,Yes,Bank transfer (automatic),66.46,364.07,Yes
CUST-00803,Female,0,No,No,47,DSL,No,Month-to-month,Yes,Bank transfer (automatic),44.86,2077.63,No
CUST-00804,Female,1,Yes,Yes,55,DSL,Yes,Month-to-month,No,Electronic check,46.33,2546.05,No
CUST-00805,Female,0,Yes,Yes,25,Fiber optic,Yes,One year,Yes,Electronic check,70.67,1731.66,No
CUST-00806,Female,0,Yes,Yes,7,Fiber optic,No,One year,No,Bank transfer (automatic),95.94,506.16,Yes
CUST-00807,Female,0,Yes,No,25,Fiber optic,Yes,One year,Yes,Credit card (automatic),62.99,1734.47,No
CUST-00808,Male,0,No,No,48,DSL,No,Month-to-month,No,Bank transfer (automatic),36.27,1578.85,Yes
CUST-00809,Male,0,No,No,8,Fiber optic,No,Month-to-month,Yes,Bank transfer (automatic),61.49,258.02,Yes
CUST-00810,Female,0,No,No,19,DSL,Yes,Month-to-month,Yes,Credit card (automatic),56.92,916.55,No
CUST-00811,Male,0,No,No,0,No,No internet service,Month-to-month,Yes,Credit card (automatic),18.87,57.76,No
CUST-00812,Female,0,Yes,Yes,34,DSL,Yes,Month-to-month,Yes,Bank transfer (automatic),34.1,1127.34,No
CUST-00813,Female,0,Yes,Yes,12,No,No internet service,One year,Yes,Electronic check,44.79,445.05,No
CUST-00814,Male,0,Yes,No,14,DSL,No,Month-to-month,Yes,Electronic check,42.15,653.42,Yes
CUST-00815,Female,0,Yes,No,8,DSL,No,Month-to-month,Yes,Bank transfer (automatic),25.54,244.24,Yes
CUST-00816,Female,0,No,No,53,Fiber optic,No,One year,Yes,Mailed check,58.01,2797.65,No
CUST-00817,Male,0,No,Yes,35,Fiber optic,Yes,Month-to-month,Yes,Electronic check,75.86,2717.21,Yes
CUST-00818,Male,0,Yes,No,69,No,No internet service,Two year,No,Electronic check,26.28,1955.07,No
CUST-00819,Female,0,Yes,Yes,28,Fiber optic,Yes,Month-to-month,No,Credit card (automatic),58.69,1628.54,No
CUST-00820,Female,1,Yes,No,16,Fiber optic,No,Month-to-month,No,Electronic check,62.78,976.29,Yes
CUST-00821,Male,0,No,Yes,14,DSL,Yes,Two year,Yes,Credit card (automatic),43.35,834.16,No
CUST-00822,Female,0,Yes,No,69,Fiber optic,No,One year,Yes,Credit card (automatic),83.73,5692.19,No
CUST-00823,Male,0,Yes,No,43,Fiber optic,Yes,Two year,No,Bank transfer (automatic),71.69,3062.79,No
CUST-00824,Female,0,Yes,No,23,No,No internet service,Month-to-month,No,Electronic check,18.0,453.72,No
CUST-00825,Female,0,No,Yes,47,Fiber optic,Yes,Month-to-month,No,Credit card (automatic),75.13,3536.92,No
CUST-00826,Male,0,No,No,40,Fiber optic,Yes,One year,No,Bank transfer (automatic),69.77,2758.13,No
CUST-00827,Female,0,No,Yes,8,No,No internet service,Month-to-month,No,Electronic check,18.0,154.71,No
CUST-00828,Female,1,Yes,No,51,DSL,Yes,Month-to-month,No,Bank transfer (automatic),23.98,1411.25,No
CUST-00829,Female,0,Yes,Yes,8,Fiber optic,No,Month-to-month,Yes,Electronic check,58.14,562.04,Yes
CUST-00830,Male,1,No,Yes,14,No,No internet service,Month-to-month,Yes,Bank transfer (automatic),18.0,243.03,Yes
CUST-00831,Male,0,Yes,No,52,Fiber optic,Yes,Month-to-month,No,Credit card (automatic),78.59,3983.01,No
CUST-00832,Male,1,Yes,Yes,32,Fiber optic,No,One year,No,Mailed check,69.26,2128.6,No
CUST-00833,Male,0,No,Yes,16,No,No internet service,Month-to-month,Yes,Credit card (automatic),18.23,405.71,No
CUST-00834,Male,0,Yes,No,4,DSL,Yes,Two year,Yes,Mailed check,49.25,5.8,No
CUST-00835,Female,0,Yes,No,43,No,No internet service,Month-to-month,No,Credit card (automatic),21.59,1216.75,No
CUST-00836,Female,0,No,No,50,Fiber optic,No,Month-to-month,Yes,Bank transfer (automatic),62.07,3099.69,No
CUST-00837,Female,0,No,No,14,Fiber optic,No,Month-to-month,No,Electronic check,71.08,829.69,Yes
CUST-00838,Male,0,Yes,No,30,DSL,No,One year,Yes,Credit card (automatic),50.67,1541.94,No
CUST-00839,Male,0,Yes,No,25,Fiber optic,No,One year,Yes,Credit card (automatic),49.99,1153.67,No
CUST-00840,Female,0,No,Yes,65,DSL,No,Month-to-month,No,Mailed check,64.1,4116.22,No
CUST-00841,Male,0,Yes,No,57,DSL,No,Month-to-month,No,Credit card (automatic),28.71,1455.18,No
CUST-00842,Female,1,Yes,Yes,20,Fiber optic,No,One year,Yes,Electronic check,66.88,1308.97,No
CUST-00843,Female,0,No,No,37,DSL,No,Month-to-month,Yes,Electronic check,46.9,1480.58,No
CUST-00844,Male,0,No,No,67,Fiber optic,No,One year,Yes,Electronic check,74.62,4927.56,No
CUST-00845,Male,0,No,No,25,DSL,No,One year,Yes,Mailed check,44.35,1009.47,No
CUST-00846,Male,1,Yes,No,10,DSL,No,Month-to-month,No,Electronic check,43.93,379.02,Yes
CUST-00847,Male,0,Yes,Yes,21,DSL,Yes,One year,Yes,Electronic check,60.89,1186.99,No
CUST-00848,Male,0,No,No,44,Fiber optic,Yes,One year,No,Credit card (automatic),64.85,2857.48,No
CUST-00849,Female,1,No,No,72,DSL,Yes,Month-to-month,No,Mailed check,71.11,5226.48,No
CUST-00850,Female,1,Yes,No,22,DSL,Yes,Month-to-month,Yes,Credit card (automatic),54.65,1245.57,Yes
CUST-00851,Female,0,No,No,4,Fiber optic,No,Month-to-month,Yes,Electronic check,71.54,442.07,Yes
CUST-00852,Female,0,Yes,Yes,13,Fiber optic,No,One year,No,Electronic check,81.23,996.17,Yes
CUST-00853,Female,0,No,No,30,Fiber optic,Yes,One year,Yes,Credit card (automatic),62.62,1917.57,No
CUST-00854,Male,0,No,No,6,DSL,No,Month-to-month,No,Mailed check,46.22,321.01,Yes
CUST-00855,Male,0,Yes,Yes,2,No,No internet service,Month-to-month,Yes,Mailed check,18.0,174.2,No
CUST-00856,Female,0,No,No,47,Fiber optic,No,Month-to-month,Yes,Credit card (automatic),70.07,3205.64,No
CUST-00857,Male,0,No,No,60,Fiber optic,No,Month-to-month,Yes,Electronic check,58.86,3626.26,No
CUST-00858,Male,0,Yes,No,17,DSL,Yes,Month-to-month,Yes,Mailed check,55.67,843.51,Yes
CUST-00859,Female,0,Yes,No,38,DSL,Yes,Month-to-month,No,Bank transfer (automatic),51.84,1901.53,No
CUST-00860,Female,0,No,No,41,Fiber optic,No,Month-to-month,Yes,Electronic check,55.19,2219.75,Yes
CUST-00861,Female,1,Yes,No,48,DSL,No,One year,Yes,Bank transfer (automatic),61.34,2998.7,No
CUST-00862,Female,0,Yes,No,71,Fiber optic,No,One year,Yes,Mailed check,78.45,5439.51,No
CUST-00863,Male,0,Yes,No,64,DSL,Yes,Month-to-month,Yes,Electronic check,54.17,3353.16,No
CUST-00864,Female,0,No,Yes,23,DSL,Yes,One year,No,Mailed check,32.61,672.62,No
CUST-00865,Female,0,Yes,Yes,71,DSL,No,Month-to-month,No,Mailed check,58.17,4135.88,No
CUST-00866,Female,0,No,No,2,DSL,Yes,Month-to-month,No,Bank transfer (automatic),44.38,0.0,Yes
CUST-00867,Female,0,Yes,Yes,70,Fiber optic,No,Two year,No,Credit card (automatic),75.78,5336.28,No
CUST-00868,Female,1,Yes,Yes,10,DSL,No,Month-to-month,Yes,Bank transfer (automatic),43.06,387.66,Yes
CUST-00869,Male,0,No,No,8,Fiber optic,Yes,Month-to-month,Yes,Mailed check,35.32,361.51,Yes
CUST-00870,Male,1,Yes,No,8,DSL,No,Month-to-month,Yes,Credit card (automatic),34.72,285.31,No
CUST-00871,Male,1,Yes,Yes,8,Fiber optic,No,One year,No,Credit card (automatic),60.33,692.9,No
CUST-00872,Male,1,Yes,No,33,No,No internet service,Month-to-month,Yes,Electronic check,18.0,608.54,Yes
CUST-00873,Male,0,No,No,46,No,No internet service,Two year,No,Electronic check,21.11,824.85,No
CUST-00874,Male,1,Yes,No,54,Fiber optic,No,Month-to-month,Yes,Electronic check,71.99,3861.93,Yes
CUST-00875,Female,0,Yes,No,1,Fiber optic,Yes,Month-to-month,Yes,Electronic check,76.07,78.61,No
CUST-00876,Female,0,Yes,No,21,Fiber optic,No,Month-to-month,Yes,Mailed check,72.47,1412.83,Yes
CUST-00877,Female,0,Yes,Yes,9,No,No internet service,One year,Yes,Mailed check,18.0,344.05,No
CUST-00878,Female,0,Yes,No,10,Fiber optic,Yes,Month-to-month,Yes,Credit card (automatic),58.54,548.21,No
CUST-00879,Female,0,No,No,54,DSL,No,Two year,No,Mailed check,29.38,1509.16,No
CUST-00880,Female,0,Yes,No,46,Fiber optic,No,Two year,No,Electronic check,76.65,3547.68,No
CUST-00881,Male,0,Yes,No,15,DSL,No,Month-to-month,Yes,Credit card (automatic),37.64,455.86,Yes
CUST-00882,Female,0,No,No,21,Fiber optic,Yes,Month-to-month,No,Mailed check,62.49,1428.25,No
CUST-00883,Male,1,No,Yes,67,DSL,No,Month-to-month,Yes,Electronic check,45.59,3146.37,No
CUST-00884,Male,0,Yes,No,41,DSL,No,One year,No,Electronic check,43.68,1806.55,No
CUST-00885,Female,0,Yes,No,17,Fiber optic,Yes,One year,Yes,Bank transfer (automatic),86.44,1540.47,No
CUST-00886,Female,0,Yes,Yes,68,Fiber optic,Yes,Month-to-month,No,Mailed check,69.44,4661.96,No
CUST-00887,Male,0,No,No,14,Fiber optic,No,Two year,Yes,Bank transfer (automatic),69.2,788.47,Yes
CUST-00888,Male,0,Yes,No,21,No,No internet service,Month-to-month,Yes,Credit card (automatic),18.0,338.93,No
CUST-00889,Male,0,Yes,No,50,No,No internet service,One year,No,Bank transfer (automatic),29.82,1430.82,No
CUST-00890,Male,0,Yes,Yes,37,Fiber optic,No,Two year,Yes,Credit card (automatic),69.9,2341.92,No
CUST-00891,Male,0,Yes,No,5,No,No internet service,Month-to-month,No,Bank transfer (automatic),18.0,0.0,No
CUST-00892,Female,0,Yes,Yes,58,Fiber optic,No,Month-to-month,Yes,Bank transfer (automatic),74.4,4167.56,No
CUST-00893,Female,0,Yes,No,16,DSL,No,Month-to-month,Yes,Electronic check,45.1,595.14,Yes
CUST-00894,Female,1,No,Yes,50,No,No internet service,Two year,Yes,Mailed check,18.62,1091.0,No
CUST-00895,Female,0,No,No,24,Fiber optic,No,Month-to-month,No,Mailed check,60.01,1501.67,No
CUST-00896,Female,1,No,No,54,No,No internet service,Two year,Yes,Mailed check,37.73,2153.22,No
CUST-00897,Female,0,No,No,65,DSL,Yes,Month-to-month,Yes,Mailed check,45.04,2988.75,No
CUST-00898,Male,0,Yes,No,56,DSL,No,Month-to-month,Yes,Bank transfer (automatic),49.3,2890.76,No
CUST-00899,Male,0,No,Yes,67,DSL,No,Two year,Yes,Mailed check,44.11,2958.6,No
CUST-00900,Female,1,No,No,39,Fiber optic,No,Month-to-month,No,Mailed check,74.52,3088.16,Yes
CUST-00901,Male,1,No,No,4,No,No internet service,One year,No,Mailed check,18.0,0.0,No
CUST-00902,Male,0,No,No,39,Fiber optic,Yes,Month-to-month,Yes,Credit card (automatic),74.75,2907.12,No
CUST-00903,Male,0,Yes,Yes,33,DSL,No,Month-to-month,Yes,Mailed check,36.78,1090.75,No
CUST-00904,Female,0,Yes,No,52,Fiber optic,No,Month-to-month,Yes,Bank transfer (automatic),65.23,3540.96,Yes
CUST-00905,Male,0,Yes,No,18,DSL,Yes,Month-to-month,No,Bank transfer (automatic),37.82,731.14,No
CUST-00906,Female,1,Yes,No,50,Fiber optic,No,One year,No,Mailed check,44.41,2362.9,No
CUST-00907,Male,0,Yes,No,32,Fiber optic,Yes,Month-to-month,Yes,Credit card (automatic),53.51,1543.9,No
CUST-00908,Male,0,Yes,Yes,48,DSL,No,Month-to-month,No,Credit card (automatic),37.55,1730.11,No
CUST-00909,Male,0,Yes,No,30,Fiber optic,No,Month-to-month,Yes,Bank transfer (automatic),72.09,1948.63,No
CUST-00910,Male,0,No,No,27,Fiber optic,Yes,One year,Yes,Credit card (automatic),76.05,2096.7,No
CUST-00911,Female,1,No,No,15,DSL,No,One year,Yes,Mailed check,58.56,827.02,No
CUST-00912,Male,0,No,No,60,Fiber optic,No,One year,Yes,Credit card (automatic),55.98,3449.47,No
CUST-00913,Male,0,Yes,Yes,5,Fiber optic,No,Two year,Yes,Credit card (automatic),48.21,244.85,Yes
CUST-00914,Female,0,No,No,17,Fiber optic,No,Month-to-month,Yes,Bank transfer (automatic),75.96,1035.7,Yes
CUST-00915,Female,0,No,Yes,31,DSL,Yes,Month-to-month,Yes,Credit card (automatic),39.69,1031.14,No
CUST-00916,Male,0,No,No,11,DSL,Yes,Month-to-month,Yes,Bank transfer (automatic),38.14,429.43,No
CUST-00917,Female,1,No,No,66,Fiber optic,No,Month-to-month,Yes,Mailed check,85.84,5721.33,No
CUST-00918,Female,0,Yes,No,25,DSL,No,One year,Yes,Mailed check,45.29,866.3,Yes
CUST-00919,Male,0,Yes,No,17,No,No internet service,One year,No,Mailed check,18.37,302.27,No
CUST-00920,Female,0,No,No,18,Fiber optic,No,Month-to-month,Yes,Bank transfer (automatic),69.81,1134.49,Yes
CUST-00921,Female,0,No,Yes,13,Fiber optic,Yes,Two year,Yes,Electronic check,75.66,850.35,Yes
CUST-00922,Female,0,Yes,No,48,Fiber optic,Yes,Month-to-month,Yes,Bank transfer (automatic),68.59,3213.72,No
CUST-00923,Male,0,Yes,No,35,Fiber optic,No,One year,Yes,Mailed check,55.7,1964.32,No
CUST-00924,Male,0,Yes,No,16,DSL,No,Month-to-month,Yes,Mailed check,42.0,587.21,Yes
CUST-00925,Male,0,Yes,No,63,DSL,No,One year,Yes,Electronic check,42.55,2442.31,No
CUST-00926,Female,0,No,Yes,47,Fiber optic,Yes,Month-to-month,Yes,Electronic check,82.43,3888.09,No
CUST-00927,Female,0,No,No,29,Fiber optic,Yes,Two year,Yes,Bank transfer (automatic),62.64,1774.48,No
CUST-00928,Male,0,Yes,No,37,No,No internet service,Two year,No,Mailed check,21.44,680.69,No
CUST-00929,Male,0,Yes,No,47,Fiber optic,No,Month-to-month,Yes,Electronic check,65.97,3063.65,No
CUST-00930,Female,0,Yes,No,11,Fiber optic,No,Month-to-month,Yes,Electronic check,82.63,867.19,Yes
CUST-00931,Female,0,Yes,No,59,DSL,Yes,One year,Yes,Mailed check,47.79,2824.89,No
CUST-00932,Female,1,No,Yes,18,DSL,No,One year,No,Electronic check,48.76,847.93,Yes
CUST-00933,Male,0,No,No,2,No,No internet service,Month-to-month,No,Electronic check,24.97,69.79,Yes
CUST-00934,Female,0,No,Yes,38,DSL,Yes,One year,No,Bank transfer (automatic),71.15,2697.87,No
CUST-00935,Male,0,Yes,Yes,63,No,No internet service,Two year,No,Bank transfer (automatic),18.0,1232.36,No
CUST-00936,Female,0,No,Yes,53,DSL,No,One year,Yes,Credit card (automatic),26.79,1610.04,No
CUST-00937,Male,0,No,No,22,Fiber optic,Yes,Month-to-month,Yes,Electronic check,84.14,1849.26,Yes
CUST-00938,Male,0,Yes,No,29,DSL,Yes,Two year,No,Electronic check,48.0,1317.41,No
CUST-00939,Male,0,No,Yes,43,Fiber optic,Yes,Month-to-month,Yes,Electronic check,71.17,2887.89,Yes
CUST-00940,Female,0,No,Yes,16,DSL,No,Month-to-month,No,Bank transfer (automatic),52.75,921.56,No
CUST-00941,Female,1,No,No,59,Fiber optic,No,Two year,Yes,Electronic check,55.77,3182.13,No
CUST-00942,Male,0,Yes,Yes,21,No,No internet service,Month-to-month,Yes,Electronic check,18.0,659.71,No
CUST-00943,Female,1,Yes,No,15,Fiber optic,Yes,Month-to-month,Yes,Bank transfer (automatic),64.84,1306.1,No
CUST-00944,Male,1,No,Yes,6,DSL,No,One year,Yes,Mailed check,56.1,311.04,No
CUST-00945,Male,1,Yes,No,50,Fiber optic,Yes,Two year,Yes,Mailed check,67.77,3188.7,No
CUST-00946,Male,0,Yes,No,1,Fiber optic,No,Month-to-month,Yes,Bank transfer (automatic),60.17,138.62,Yes
CUST-00947,Female,0,No,No,58,DSL,No,Month-to-month,Yes,Credit card (automatic),47.3,2995.25,No
CUST-00948,Male,0,Yes,No,71,Fiber optic,No,Month-to-month,Yes,Mailed check,75.09,5173.92,No
CUST-00949,Female,0,Yes,Yes,8,No,No internet service,Month-to-month,No,Electronic check,18.0,371.77,No
CUST-00950,Male,1,No,Yes,7,Fiber optic,No,Month-to-month,No,Mailed check,67.4,249.92,Yes
CUST-00951,Male,0,No,Yes,68,Fiber optic,Yes,Month-to-month,No,Electronic check,62.05,4044.9,No
CUST-00952,Male,0,No,Yes,9,Fiber optic,Yes,Two year,Yes,Electronic check,79.23,750.15,No
CUST-00953,Female,0,No,No,29,Fiber optic,No,One year,Yes,Mailed check,74.24,2274.97,No
CUST-00954,Male,0,Yes,Yes,63,DSL,Yes,Two year,Yes,Electronic check,41.7,2619.13,No
CUST-00955,Female,0,Yes,No,10,Fiber optic,Yes,Two year,Yes,Electronic check,70.79,761.83,No
CUST-00956,Female,0,No,Yes,48,Fiber optic,No,Two year,Yes,Bank transfer (automatic),60.22,3023.09,No
CUST-00957,Male,1,Yes,No,27,DSL,No,One year,No,Credit card (automatic),33.58,1053.08,No
CUST-00958,Female,0,Yes,No,31,DSL,No,Month-to-month,Yes,Electronic check,47.1,1385.42,No
CUST-00959,Female,0,Yes,No,67,No,No internet service,Two year,Yes,Bank transfer (automatic),25.84,1627.67,No
CUST-00960,Male,0,No,No,47,DSL,No,Month-to-month,Yes,Credit card (automatic),37.67,1896.92,No
CUST-00961,Male,1,Yes,No,23,DSL,Yes,Month-to-month,Yes,Electronic check,30.96,766.59,Yes
CUST-00962,Male,0,No,No,68,DSL,No,Month-to-month,Yes,Bank transfer (automatic),23.0,1634.65,No
CUST-00963,Female,0,Yes,No,42,DSL,Yes,Month-to-month,No,Electronic check,72.41,2961.88,No
CUST-00964,Male,0,No,No,7,No,No internet service,Month-to-month,No,Credit card (automatic),18.0,202.57,No
CUST-00965,Female,1,Yes,Yes,28,Fiber optic,No,One year,No,Electronic check,81.89,2161.58,No
CUST-00966,Female,0,Yes,No,17,Fiber optic,Yes,Month-to-month,No,Electronic check,82.95,1439.82,Yes
CUST-00967,Female,0,No,Yes,46,Fiber optic,No,Month-to-month,Yes,Credit card (automatic),71.73,3312.99,No
CUST-00968,Male,1,No,Yes,62,Fiber optic,Yes,Month-to-month,No,Bank transfer (automatic),65.41,4069.66,No
CUST-00969,Female,0,Yes,No,2,Fiber optic,No,Two year,No,Electronic check,87.64,269.02,Yes
CUST-00970,Male,0,Yes,Yes,56,No,No internet service,Month-to-month,Yes,Credit card (automatic),29.0,1501.58,No
CUST-00971,Male,0,Yes,No,66,Fiber optic,No,Month-to-month,No,Credit card (automatic),62.14,4182.47,No
CUST-00972,Male,0,Yes,No,72,Fiber optic,Yes,One year,No,Mailed check,65.6,4725.68,No
CUST-00973,Male,0,No,No,48,Fiber optic,Yes,Two year,No,Electronic check,49.41,2276.69,No
CUST-00974,Male,0,Yes,No,22,No,No internet service,Month-to-month,Yes,Electronic check,28.06,458.7,No
CUST-00975,Male,0,No,No,10,DSL,No,One year,Yes,Credit card (automatic),66.62,892.84,Yes
CUST-00976,Male,0,Yes,No,68,Fiber optic,No,Month-to-month,No,Electronic check,83.52,5671.03,No
CUST-00977,Male,0,No,Yes,30,Fiber optic,Yes,Two year,No,Electronic check,60.08,1759.8,No
CUST-00978,Female,0,Yes,Yes,25,Fiber optic,Yes,One year,Yes,Electronic check,55.4,1247.76,No
CUST-00979,Male,0,Yes,No,53,No,No internet service,One year,Yes,Electronic check,20.81,1233.57,No
CUST-00980,Female,1,Yes,No,52,Fiber optic,Yes,Month-to-month,Yes,Mailed check,64.82,3491.97,No
CUST-00981,Female,0,No,Yes,59,DSL,No,One year,Yes,Mailed check,45.73,2796.29,No
CUST-00982,Female,0,No,No,64,Fiber optic,Yes,Month-to-month,No,Electronic check,82.37,5264.36,Yes
CUST-00983,Female,0,No,No,64,No,No internet service,Month-to-month,Yes,Electronic check,30.57,2046.63,No
CUST-00984,Female,0,Yes,Yes,12,Fiber optic,No,One year,Yes,Electronic check,62.95,656.54,No
CUST-00985,Female,0,Yes,Yes,12,No,No internet service,One year,No,Electronic check,18.0,242.11,No
CUST-00986,Female,0,Yes,No,15,No,No internet service,Month-to-month,Yes,Electronic check,18.0,263.48,Yes
CUST-00987,Female,0,Yes,Yes,45,No,No internet service,Two year,No,Bank transfer (automatic),30.93,1423.9,No
CUST-00988,Male,0,No,Yes,42,DSL,Yes,Month-to-month,Yes,Electronic check,51.1,1928.62,Yes
CUST-00989,Male,0,No,No,62,Fiber optic,No,One year,Yes,Electronic check,70.43,4591.02,No
CUST-00990,Female,0,No,No,61,No,No internet service,Month-to-month,No,Bank transfer (automatic),25.05,1722.27,No
CUST-00991,Male,0,No,No,59,No,No internet service,Month-to-month,Yes,Bank transfer (automatic),18.0,924.0,No
CUST-00992,Female,1,Yes,No,5,DSL,Yes,Two year,Yes,Bank transfer (automatic),40.31,270.83,No
CUST-00993,Male,0,Yes,No,50,DSL,No,Month-to-month,Yes,Credit card (automatic),62.58,2950.56,No
CUST-00994,Male,0,No,No,62,DSL,Yes,Two year,No,Electronic check,53.06,3299.78,No
CUST-00995,Female,0,Yes,No,71,Fiber optic,No,Month-to-month,Yes,Electronic check,62.07,4143.48,No
CUST-00996,Female,0,Yes,No,25,No,No internet service,One year,Yes,Electronic check,18.0,414.94,Yes
CUST-00997,Female,0,No,No,56,Fiber optic,Yes,Month-to-month,Yes,Electronic check,75.42,4164.99,Yes
CUST-00998,Male,0,No,No,29,DSL,No,One year,No,Credit card (automatic),52.53,1662.18,No
CUST-00999,Female,0,No,No,11,DSL,No,Two year,Yes,Bank transfer (automatic),47.27,720.19,No
CUST-01000,Female,0,Yes,Yes,24,No,No internet service,Month-to-month,No,Credit card (automatic),28.19,879.48,No
CUST-01001,Female,0,No,No,18,DSL,No,Month-to-month,No,Credit card (automatic),34.86,766.47,No
CUST-01002,Female,0,Yes,No,66,DSL,Yes,One year,No,Credit card (automatic),64.99,4299.23,No
CUST-01003,Female,1,Yes,No,12,DSL,Yes,One year,Yes,Mailed check,44.43,579.76,No
CUST-01004,Female,0,Yes,Yes,9,No,No internet service,Month-to-month,Yes,Credit card (automatic),27.24,291.17,Yes
CUST-01005,Male,1,No,No,42,Fiber optic,No,One year,No,Mailed check,67.69,2701.34,No
CUST-01006,Female,0,No,No,41,DSL,No,One year,No,Electronic check,51.03,2229.74,No
CUST-01007,Female,1,No,No,40,DSL,No,One year,No,Mailed check,18.0,802.81,No
CUST-01008,Female,0,Yes,No,10,No,No internet service,Month-to-month,No,Credit card (automatic),18.34,271.78,No
CUST-01009,Female,0,No,Yes,36,Fiber optic,No,Month-to-month,Yes,Credit card (automatic),64.42,2045.34,Yes
CUST-01010,Female,0,Yes,Yes,67,Fiber optic,No,Two year,Yes,Mailed check,70.91,4805.3,No
CUST-01011,Male,0,No,No,6,DSL,No,One year,No,Credit card (automatic),56.06,457.04,No
CUST-01012,Female,1,Yes,Yes,58,DSL,No,Month-to-month,Yes,Mailed check,44.22,2562.93,No
CUST-01013,Male,0,Yes,No,9,No,No internet service,Two year,No,Bank transfer (automatic),18.0,101.91,No
CUST-01014,Male,0,No,Yes,17,Fiber optic,Yes,Month-to-month,No,Electronic check,64.93,940.32,No
CUST-01015,Female,0,Yes,No,65,Fiber optic,Yes,Month-to-month,Yes,Electronic check,65.26,4069.8,No
CUST-01016,Female,1,No,No,21,No,No internet service,One year,Yes,Electronic check,18.0,396.52,No
CUST-01017,Male,0,Yes,Yes,38,Fiber optic,Yes,One year,No,Credit card (automatic),68.57,2577.49,Yes
CUST-01018,Male,0,No,No,27,No,No internet service,Two year,No,Credit card (automatic),27.65,716.7,No
CUST-01019,Male,1,Yes,No,44,DSL,No,One year,Yes,Electronic check,48.64,2323.63,Yes
CUST-01020,Male,1,Yes,Yes,29,DSL,No,Month-to-month,Yes,Electronic check,39.95,1007.84,Yes
CUST-01021,Male,0,Yes,No,32,No,No internet service,Month-to-month,No,Electronic check,18.0,534.52,No
CUST-01022,Male,0,Yes,No,59,No,No internet service,Month-to-month,No,Bank transfer (automatic),25.44,1704.25,No
CUST-01023,Female,1,No,No,40,Fiber optic,No,Two year,No,Mailed check,76.67,3029.35,Yes
CUST-01024,Female,0,Yes,No,41,Fiber optic,No,Month-to-month,Yes,Mailed check,60.01,2468.36,No
CUST-01025,Female,0,Yes,No,58,No,No internet service,Month-to-month,Yes,Electronic check,18.0,1022.99,No
CUST-01026,Male,0,No,Yes,31,Fiber optic,Yes,Month-to-month,Yes,Electronic check,71.99,2316.38,No
CUST-01027,Male,0,Yes,Yes,60,DSL,Yes,Month-to-month,No,Credit card (automatic),39.16,2102.99,No
CUST-01028,Male,0,No,No,52,Fiber optic,Yes,Month-to-month,Yes,Bank transfer (automatic),71.74,3706.08,No
CUST-01029,Female,0,No,No,64,Fiber optic,No,One year,Yes,Electronic check,54.14,3471.49,No
CUST-01030,Male,0,Yes,No,33,Fiber optic,No,Month-to-month,Yes,Electronic check,74.29,2331.79,Yes
CUST-01031,Male,0,No,Yes,40,No,No internet service,Two year,Yes,Electronic check,36.16,1487.63,No
CUST-01032,Male,0,Yes,No,9,Fiber optic,Yes,Two year,Yes,Electronic check,66.83,695.84,No
CUST-01033,Female,0,Yes,No,8,DSL,No,Month-to-month,No,Electronic check,20.2,215.83,No
CUST-01034,Male,0,Yes,Yes,7,DSL,No,Two year,Yes,Bank transfer (automatic),40.06,493.93,Yes
CUST-01035,Male,0,No,No,46,No,No internet service,Month-to-month,No,Electronic check,18.0,776.0,No
CUST-01036,Female,0,No,No,23,DSL,No,Month-to-month,Yes,Mailed check,18.0,473.83,Yes
CUST-01037,Female,0,No,Yes,21,No,No internet service,Month-to-month,No,Mailed check,30.25,692.38,No
CUST-01038,Male,0,No,No,44,DSL,No,One year,Yes,Electronic check,42.97,1862.41,No
CUST-01039,Male,1,Yes,Yes,29,Fiber optic,No,One year,Yes,Mailed check,77.34,2378.87,No
CUST-01040,Female,0,No,No,9,No,No internet service,Month-to-month,Yes,Credit card (automatic),18.0,196.59,No
CUST-01041,Female,1,No,Yes,40,Fiber optic,Yes,One year,No,Electronic check,67.49,2555.47,No
CUST-01042,Female,0,No,Yes,40,No,No internet service,One year,No,Credit card (automatic),18.0,810.07,No
CUST-01043,Male,0,No,Yes,10,DSL,Yes,One year,No,Electronic check,56.14,501.48,Yes
CUST-01044,Male,1,No,Yes,19,Fiber optic,Yes,Month-to-month,Yes,Electronic check,88.18,1636.69,No
CUST-01045,Female,1,Yes,Yes,17,Fiber optic,No,Two year,Yes,Electronic check,71.53,1186.17,Yes
CUST-01046,Male,0,No,No,50,No,No internet service,One year,No,Bank transfer (automatic),18.0,988.23,No
CUST-01047,Male,0,No,Yes,18,DSL,Yes,Month-to-month,Yes,Mailed check,52.65,1077.18,Yes
CUST-01048,Female,0,No,Yes,2,DSL,Yes,Two year,No,Bank transfer (automatic),50.29,81.44,Yes
CUST-01049,Female,0,Yes,Yes,19,Fiber optic,No,Month-to-month,No,Electronic check,53.69,994.09,No
CUST-01050,Male,0,No,No,34,No,No internet service,One year,No,Bank transfer (automatic),29.27,749.52,No
CUST-01051,Female,1,Yes,Yes,56,No,No internet service,One year,Yes,Electronic check,25.55,1345.62,No
CUST-01052,Male,0,No,No,3,No,No internet service,Month-to-month,Yes,Electronic check,18.09,0.0,Yes
CUST-01053,Female,0,No,No,64,Fiber optic,No,Month-to-month,Yes,Bank transfer (automatic),59.47,3843.42,No
CUST-01054,Female,0,Yes,No,24,Fiber optic,Yes,One year,No,Electronic check,66.99,1594.91,No
CUST-01055,Male,0,No,Yes,25,No,No internet service,Two year,No,Mailed check,18.0,340.94,No
CUST-01056,Female,0,Yes,No,1,No,No internet service,Two year,Yes,Bank transfer (automatic),18.0,36.32,Yes
CUST-01057,Male,0,No,No,20,No,No internet service,One year,No,Bank transfer (automatic),18.0,351.88,No
CUST-01058,Female,0,No,Yes,34,No,No internet service,Month-to-month,Yes,Bank transfer (automatic),18.0,307.15,No
CUST-01059,Male,0,Yes,No,45,No,No internet service,Month-to-month,Yes,Electronic check,26.48,1324.55,No
CUST-01060,Male,0,No,No,55,DSL,No,One year,Yes,Electronic check,50.14,2879.01,No
CUST-01061,Female,0,Yes,No,38,DSL,Yes,Month-to-month,No,Mailed check,31.93,1184.79,No
CUST-01062,Female,1,No,No,7,No,No internet service,One year,Yes,Electronic check,22.56,200.23,Yes
CUST-01063,Male,0,No,No,28,Fiber optic,Yes,Month-to-month,Yes,Electronic check,71.73,1969.41,No
CUST-01064,Female,0,Yes,Yes,53,DSL,Yes,Month-to-month,Yes,Mailed check,48.61,2383.8,No
CUST-01065,Female,0,No,No,46,Fiber optic,No,One year,Yes,Mailed check,65.47,3271.27,No
CUST-01066,Male,0,No,Yes,42,Fiber optic,No,One year,Yes,Mailed check,63.02,2736.81,No
CUST-01067,Female,0,No,Yes,37,No,No internet service,One year,Yes,Electronic check,18.0,778.87,Yes
CUST-01068,Female,0,No,Yes,36,No,No internet service,Month-to-month,No,Electronic check,18.0,613.85,No
CUST-01069,Male,0,No,No,72,DSL,Yes,Two year,No,Electronic check,58.15,4321.92,No
CUST-01070,Male,1,No,No,43,Fiber optic,Yes,Month-to-month,Yes,Electronic check,53.65,2142.52,No
CUST-01071,Female,0,Yes,No,43,DSL,Yes,One year,No,Credit card (automatic),47.52,2013.9,No
CUST-01072,Male,0,Yes,No,24,No,No internet service,One year,No,Electronic check,18.0,520.78,No
CUST-01073,Female,0,No,No,35,DSL,No,Month-to-month,No,Electronic check,41.27,1369.23,No
CUST-01074,Female,1,Yes,No,51,Fiber optic,No,One year,Yes,Credit card (automatic),71.63,3762.42,No
CUST-01075,Male,1,No,No,62,Fiber optic,No,One year,No,Mailed check,81.09,5064.03,No
CUST-01076,Male,0,Yes,Yes,56,Fiber optic,No,Month-to-month,Yes,Electronic check,41.98,2376.03,No
CUST-01077,Female,0,No,No,48,Fiber optic,No,One year,Yes,Bank transfer (automatic),57.9,2692.79,No
CUST-01078,Male,0,No,No,56,Fiber optic,No,Month-to-month,No,Bank transfer (automatic),76.88,4353.81,Yes
CUST-01079,Male,0,Yes,No,2,Fiber optic,No,Two year,Yes,Credit card (automatic),59.24,350.39,No
CUST-01080,Female,0,Yes,No,19,DSL,No,Month-to-month,No,Credit card (automatic),35.43,694.2,No
CUST-01081,Female,0,Yes,No,17,Fiber optic,No,Month-to-month,No,Bank transfer (automatic),67.73,1218.13,No
CUST-01082,Female,0,No,Yes,47,Fiber optic,Yes,One year,Yes,Electronic check,63.98,3091.48,No
CUST-01083,Female,0,No,No,54,DSL,No,Month-to-month,Yes,Mailed check,44.14,2246.23,No
CUST-01084,Female,0,Yes,No,10,Fiber optic,Yes,Two year,No,Electronic check,77.37,757.79,Yes
CUST-01085,Male,0,No,No,14,DSL,Yes,Month-to-month,Yes,Mailed check,43.98,596.16,No
CUST-01086,Female,0,Yes,Yes,36,No,No internet service,Month-to-month,No,Credit card (automatic),38.78,1141.09,No
CUST-01087,Female,0,Yes,Yes,70,DSL,Yes,Month-to-month,No,Electronic check,33.29,2424.98,No
CUST-01088,Female,0,Yes,No,0,Fiber optic,Yes,Month-to-month,Yes,Credit card (automatic),71.42,0.0,Yes
CUST-01089,Female,0,Yes,No,64,DSL,Yes,Month-to-month,Yes,Mailed check,57.34,3751.32,No
CUST-01090,Male,0,No,No,14,Fiber optic,No,Month-to-month,No,Electronic check,75.88,971.36,Yes
CUST-01091,Female,0,No,No,19,DSL,No,Month-to-month,No,Credit card (automatic),52.17,1236.28,No
CUST-01092,Male,0,No,Yes,46,Fiber optic,No,Month-to-month,Yes,Mailed check,68.04,3096.41,No
CUST-01093,Female,0,No,Yes,53,DSL,No,Month-to-month,Yes,Mailed check,55.15,3153.49,No
CUST-01094,Male,0,Yes,No,63,Fiber optic,Yes,Month-to-month,Yes,Mailed check,79.08,4961.31,No
CUST-01095,Male,0,Yes,Yes,0,Fiber optic,No,Month-to-month,No,Electronic check,79.22,0.0,No
CUST-01096,Male,0,No,No,3,No,No internet service,Month-to-month,Yes,Electronic check,35.04,293.11,No
CUST-01097,Female,0,No,No,34,Fiber optic,Yes,Month-to-month,Yes,Bank transfer (automatic),67.95,2200.19,Yes
CUST-01098,Female,0,No,No,40,Fiber optic,No,Month-to-month,Yes,Credit card (automatic),51.01,2046.39,No
CUST-01099,Male,0,No,No,19,No,No internet service,Month-to-month,No,Bank transfer (automatic),27.23,582.11,No
CUST-01100,Male,0,No,Yes,46,DSL,Yes,Month-to-month,Yes,Credit card (automatic),42.88,2020.93,No
CUST-01101,Male,0,No,Yes,19,Fiber optic,No,Two year,No,Credit card (automatic),73.27,1397.29,No
CUST-01102,Male,0,No,No,68,Fiber optic,Yes,Month-to-month,Yes,Electronic check,77.23,5240.32,No
CUST-01103,Female,0,No,No,12,Fiber optic,No,Month-to-month,No,Bank transfer (automatic),57.63,793.13,Yes
CUST-01104,Male,0,Yes,Yes,47,DSL,No,One year,Yes,Bank transfer (automatic),45.67,2167.7,No
CUST-01105,Male,0,Yes,Yes,38,Fiber optic,Yes,Month-to-month,No,Mailed check,75.82,2997.13,No
CUST-01106,Male,1,No,Yes,7,Fiber optic,No,Month-to-month,No,Mailed check,67.76,521.35,Yes
CUST-01107,Male,0,Yes,No,44,Fiber optic,No,One year,Yes,Bank transfer (automatic),63.35,2865.42,No
CUST-01108,Female,0,No,No,10,DSL,Yes,One year,Yes,Credit card (automatic),19.5,331.03,No
CUST-01109,Female,0,No,No,39,Fiber optic,No,Two year,Yes,Credit card (automatic),81.67,3147.92,Yes
CUST-01110,Male,0,Yes,No,46,No,No internet service,Two year,Yes,Mailed check,18.0,960.77,No
CUST-01111,Female,0,Yes,Yes,5,DSL,No,One year,No,Credit card (automatic),37.36,167.98,No
CUST-01112,Male,0,No,No,15,Fiber optic,No,One year,Yes,Mailed check,68.76,863.32,No
CUST-01113,Male,0,No,Yes,21,No,No internet service,Month-to-month,No,Credit card (automatic),25.02,485.92,Yes
CUST-01114,Male,0,Yes,No,67,No,No internet service,Two year,Yes,Bank transfer (automatic),18.0,1119.28,No
CUST-01115,Male,0,No,Yes,16,DSL,No,Month-to-month,No,Credit card (automatic),53.06,894.0,Yes
CUST-01116,Male,0,Yes,No,67,Fiber optic,Yes,Month-to-month,No,Credit card (automatic),65.6,4360.91,No
CUST-01117,Female,0,Yes,Yes,38,DSL,No,Month-to-month,No,Electronic check,51.61,1976.52,No
CUST-01118,Female,0,Yes,No,69,No,No internet service,One year,Yes,Credit card (automatic),22.82,1696.29,No
CUST-01119,Female,1,No,Yes,60,Fiber optic,No,Month-to-month,No,Bank transfer (automatic),55.34,3498.69,No
CUST-01120,Male,0,No,No,21,Fiber optic,No,Two year,No,Electronic check,70.71,1520.03,No
CUST-01121,Male,0,No,Yes,40,DSL,No,Month-to-month,Yes,Electronic check,65.84,2763.88,Yes
CUST-01122,Male,0,Yes,No,52,Fiber optic,No,Two year,No,Bank transfer (automatic),68.71,3551.66,No
CUST-01123,Male,0,No,No,5,DSL,No,Month-to-month,No,Electronic check,66.83,146.57,No
CUST-01124,Male,0,No,Yes,48,Fiber optic,Yes,One year,Yes,Electronic check,64.95,2976.08,No
CUST-01125,Female,0,Yes,Yes,33,Fiber optic,No,Month-to-month,Yes,Mailed check,61.97,2021.52,Yes
CUST-01126,Female,0,Yes,No,2,Fiber optic,Yes,Month-to-month,Yes,Electronic check,76.08,247.63,Yes
CUST-01127,Female,0,Yes,No,63,No,No internet service,Month-to-month,Yes,Mailed check,22.05,1366.01,Yes
CUST-01128,Female,0,No,No,19,DSL,Yes,Month-to-month,No,Credit card (automatic),34.43,796.48,No
CUST-01129,Female,0,Yes,Yes,63,DSL,No,Month-to-month,No,Electronic check,41.93,2861.39,No
CUST-01130,Female,0,Yes,No,15,Fiber optic,No,One year,Yes,Bank transfer (automatic),65.44,875.01,Yes
CUST-01131,Male,0,No,Yes,39,Fiber optic,No,Month-to-month,Yes,Electronic check,83.43,3508.75,Yes
CUST-01132,Female,0,No,Yes,27,DSL,No,One year,Yes,Credit card (automatic),68.71,1659.0,No
CUST-01133,Female,0,No,No,65,Fiber optic,No,One year,Yes,Mailed check,82.05,5555.11,No
CUST-01134,Female,0,No,No,69,Fiber optic,Yes,Month-to-month,No,Credit card (automatic),74.88,5162.7,Yes
CUST-01135,Female,0,Yes,Yes,56,Fiber optic,Yes,Two year,No,Bank transfer (automatic),69.94,3888.7,Yes
CUST-01136,Male,0,No,No,61,Fiber optic,Yes,One year,Yes,Credit card (automatic),72.53,4423.37,No
CUST-01137,Female,0,Yes,No,56,DSL,No,One year,Yes,Mailed check,36.21,1931.76,No
CUST-01138,Male,1,Yes,No,21,DSL,Yes,One year,No,Mailed check,51.38,1259.17,No
CUST-01139,Female,0,No,Yes,67,Fiber optic,No,One year,Yes,Electronic check,80.06,5280.98,No
CUST-01140,Female,0,Yes,No,38,Fiber optic,Yes,Two year,Yes,Mailed check,76.01,2820.64,No
CUST-01141,Female,0,Yes,No,25,Fiber optic,No,Month-to-month,No,Mailed check,77.63,1775.24,No
CUST-01142,Male,1,No,No,14,No,No internet service,Month-to-month,No,Bank transfer (automatic),18.0,164.32,No
CUST-01143,Female,0,Yes,Yes,51,DSL,No,One year,No,Electronic check,26.06,1245.03,No
CUST-01144,Female,0,Yes,No,20,Fiber optic,Yes,Month-to-month,Yes,Mailed check,55.01,1008.12,Yes
CUST-01145,Male,1,No,No,47,Fiber optic,No,One year,No,Mailed check,70.86,3309.34,No
CUST-01146,Male,0,No,No,4,DSL,Yes,Month-to-month,No,Bank transfer (automatic),51.67,72.91,No
CUST-01147,Female,1,No,No,46,No,No internet service,Month-to-month,Yes,Bank transfer (automatic),18.0,1019.34,No
CUST-01148,Female,0,Yes,No,46,No,No internet service,Two year,Yes,Mailed check,18.0,809.66,No
CUST-01149,Female,0,No,No,38,DSL,No,Month-to-month,Yes,Mailed check,40.86,1597.56,No
CUST-01150,Female,0,No,No,47,No,No internet service,Month-to-month,Yes,Mailed check,32.64,1637.49,No
CUST-01151,Male,0,Yes,Yes,72,DSL,No,One year,No,Bank transfer (automatic),40.75,3176.99,No
CUST-01152,Female,1,Yes,Yes,61,No,No internet service,One year,No,Credit card (automatic),38.49,2457.08,No
CUST-01153,Male,0,Yes,No,32,No,No internet service,Two year,Yes,Electronic check,19.88,606.42,No
CUST-01154,Female,1,No,No,63,DSL,No,Month-to-month,Yes,Electronic check,53.88,3265.71,Yes
CUST-01155,Male,0,Yes,No,69,Fiber optic,Yes,Two year,Yes,Bank transfer (automatic),80.79,5615.08,No
CUST-01156,Female,0,No,No,11,Fiber optic,Yes,One year,Yes,Bank transfer (automatic),81.67,1025.85,Yes
CUST-01157,Male,1,No,No,26,DSL,Yes,Two year,Yes,Electronic check,46.33,1221.61,No
CUST-01158,Female,0,Yes,No,54,Fiber optic,Yes,Month-to-month,No,Mailed check,75.14,4065.39,No
CUST-01159,Male,1,No,No,37,Fiber optic,Yes,Month-to-month,No,Electronic check,89.98,3354.88,Yes
CUST-01160,Male,0,Yes,No,9,DSL,No,Month-to-month,No,Bank transfer (automatic),34.3,84.33,No
CUST-01161,Female,0,Yes,Yes,34,DSL,Yes,One year,Yes,Electronic check,37.53,1293.6,No
CUST-01162,Male,0,No,No,27,DSL,No,Month-to-month,No,Bank transfer (automatic),43.95,1274.52,No
CUST-01163,Female,0,Yes,No,53,Fiber optic,Yes,Month-to-month,No,Bank transfer (automatic),58.44,3091.84,No
CUST-01164,Female,0,No,Yes,37,Fiber optic,No,One year,Yes,Credit card (automatic),69.3,2698.92,No
CUST-01165,Female,0,No,No,10,Fiber optic,Yes,Month-to-month,Yes,Credit card (automatic),66.29,801.73,No
CUST-01166,Male,0,Yes,No,3,DSL,Yes,Month-to-month,Yes,Mailed check,52.56,97.21,No
CUST-01167,Male,0,Yes,No,20,DSL,No,Month-to-month,Yes,Bank transfer (automatic),50.81,1069.21,No
CUST-01168,Male,1,Yes,No,11,Fiber optic,No,Two year,No,Bank transfer (automatic),91.55,1012.18,Yes
CUST-01169,Female,0,No,Yes,63,DSL,No,One year,No,Credit card (automatic),49.44,2871.3,No
CUST-01170,Female,0,No,No,19,Fiber optic,Yes,Month-to-month,No,Mailed check,71.16,1329.58,No
CUST-01171,Female,1,Yes,Yes,46,Fiber optic,No,Two year,Yes,Electronic check,68.82,3042.01,No
CUST-01172,Female,0,No,No,9,Fiber optic,No,One year,Yes,Credit card (automatic),70.82,653.46,No
CUST-01173,Male,0,No,No,32,Fiber optic,No,Month-to-month,Yes,Electronic check,76.54,2531.21,Yes
CUST-01174,Male,0,No,Yes,68,No,No internet service,One year,Yes,Credit card (automatic),30.4,2041.09,No
CUST-01175,Male,0,Yes,Yes,46,DSL,Yes,Two year,No,Electronic check,36.1,1552.6,No
CUST-01176,Male,0,Yes,No,21,No,No internet service,Month-to-month,Yes,Mailed check,24.56,543.84,No
CUST-01177,Male,0,Yes,No,54,DSL,No,One year,Yes,Credit card (automatic),44.59,2701.1,No
CUST-01178,Male,0,Yes,Yes,36,DSL,Yes,Month-to-month,Yes,Bank transfer (automatic),54.65,1706.72,No
CUST-01179,Male,0,Yes,No,17,Fiber optic,Yes,Two year,No,Bank transfer (automatic),76.89,1335.07,Yes
CUST-01180,Male,0,Yes,No,72,DSL,No,One year,Yes,Electronic check,36.84,2587.23,No
CUST-01181,Female,0,Yes,Yes,68,Fiber optic,No,Two year,Yes,Electronic check,72.67,4890.43,Yes
CUST-01182,Female,0,Yes,No,41,No,No internet service,One year,No,Electronic check,18.51,746.35,Yes
CUST-01183,Female,0,Yes,No,2,Fiber optic,No,Month-to-month,Yes,Bank transfer (automatic),70.67,100.05,Yes
CUST-01184,Male,1,No,Yes,30,Fiber optic,Yes,Month-to-month,No,Mailed check,85.31,2631.52,Yes
CUST-01185,Male,0,No,No,37,No,No internet service,Two year,No,Electronic check,18.0,636.99,No
CUST-01186,Male,0,Yes,Yes,67,Fiber optic,Yes,Month-to-month,Yes,Mailed check,78.09,4972.6,No
CUST-01187,Male,0,No,Yes,53,DSL,Yes,Month-to-month,Yes,Credit card (automatic),39.51,2247.59,No
CUST-01188,Female,0,Yes,Yes,16,No,No internet service,One year,Yes,Credit card (automatic),23.76,515.67,No
CUST-01189,Female,0,No,No,37,DSL,Yes,Month-to-month,Yes,Mailed check,47.83,1696.9,Yes
CUST-01190,Male,0,No,No,13,DSL,No,Month-to-month,No,Credit card (automatic),32.06,422.75,No
CUST-01191,Male,1,No,No,34,DSL,No,Month-to-month,Yes,Mailed check,37.25,1412.61,Yes
CUST-01192,Male,0,No,Yes,39,DSL,Yes,Month-to-month,Yes,Mailed check,50.69,2100.89,Yes
CUST-01193,Male,0,No,No,37,DSL,Yes,One year,No,Mailed check,34.44,1437.16,No
CUST-01194,Female,0,No,No,31,DSL,Yes,Month-to-month,No,Credit card (automatic),52.36,1668.1,No
CUST-01195,Female,0,Yes,No,31,Fiber optic,Yes,Month-to-month,No,Electronic check,54.25,1774.09,Yes
CUST-01196,Female,0,Yes,Yes,58,Fiber optic,No,One year,No,Electronic check,63.4,3846.25,Yes
CUST-01197,Female,0,No,No,36,No,No internet service,Month-to-month,Yes,Credit card (automatic),29.96,1037.37,No
CUST-01198,Female,0,Yes,Yes,3,DSL,Yes,One year,Yes,Bank transfer (automatic),55.2,218.47,No
CUST-01199,Female,1,No,No,54,DSL,Yes,Month-to-month,Yes,Bank transfer (automatic),25.12,1098.89,No
CUST-01200,Female,1,No,No,45,Fiber optic,No,Month-to-month,No,Bank transfer (automatic),58.26,2432.12,No
CUST-01201,Female,0,Yes,Yes,50,DSL,No,Month-to-month,Yes,Bank transfer (automatic),32.21,1670.5,No
CUST-01202,Male,0,Yes,No,51,Fiber optic,No,One year,No,Electronic check,91.21,4730.03,No
CUST-01203,Female,0,No,No,12,Fiber optic,Yes,Two year,No,Bank transfer (automatic),64.05,722.13,No
CUST-01204,Female,1,Yes,No,70,Fiber optic,No,Month-to-month,Yes,Electronic check,67.42,4646.63,No
CUST-01205,Female,0,No,No,72,DSL,Yes,Month-to-month,No,Electronic check,44.99,3196.61,No
CUST-01206,Female,0,No,No,10,Fiber optic,No,Month-to-month,Yes,Credit card (automatic),53.73,560.32,Yes
CUST-01207,Female,0,Yes,No,15,Fiber optic,Yes,Month-to-month,No,Electronic check,63.88,680.55,No
CUST-01208,Female,0,No,Yes,17,No,No internet service,Month-to-month,Yes,Electronic check,18.0,361.87,No
CUST-01209,Male,0,No,No,70,DSL,Yes,Two year,No,Electronic check,54.71,3833.59,No
CUST-01210,Female,1,No,No,68,Fiber optic,No,One year,No,Credit card (automatic),75.47,5161.65,No
CUST-01211,Female,0,Yes,No,19,Fiber optic,Yes,Month-to-month,Yes,Credit card (automatic),78.94,1485.01,Yes
CUST-01212,Female,1,No,No,46,DSL,No,Month-to-month,No,Electronic check,32.22,1316.15,Yes
CUST-01213,Male,0,No,Yes,17,Fiber optic,Yes,Month-to-month,Yes,Mailed check,76.85,1174.67,No
CUST-01214,Female,0,Yes,No,2,Fiber optic,No,Month-to-month,Yes,Bank transfer (automatic),70.38,323.58,Yes
CUST-01215,Male,0,No,Yes,16,DSL,Yes,One year,Yes,Bank transfer (automatic),42.48,602.57,No
CUST-01216,Male,0,No,Yes,5,Fiber optic,No,Two year,No,Electronic check,67.03,432.09,No
CUST-01217,Female,0,Yes,No,61,Fiber optic,No,Month-to-month,No,Electronic check,62.85,3703.97,No
CUST-01218,Female,0,No,No,57,Fiber optic,Yes,Month-to-month,Yes,Bank transfer (automatic),72.11,4108.47,No
CUST-01219,Female,0,No,Yes,13,DSL,Yes,Month-to-month,No,Electronic check,44.07,520.03,No
CUST-01220,Male,0,No,No,41,Fiber optic,Yes,Month-to-month,No,Bank transfer (automatic),72.85,2952.35,No
CUST-01221,Female,0,Yes,No,14,DSL,Yes,Two year,Yes,Electronic check,40.56,527.04,No
CUST-01222,Female,0,No,Yes,41,Fiber optic,No,One year,No,Credit card (automatic),70.26,3053.93,No
CUST-01223,Female,0,No,No,65,Fiber optic,Yes,Two year,Yes,Bank transfer (automatic),78.72,5348.1,No
CUST-01224,Female,1,No,No,64,Fiber optic,Yes,Two year,No,Bank transfer (automatic),56.29,3631.08,No
CUST-01225,Male,0,Yes,No,60,Fiber optic,Yes,Month-to-month,Yes,Bank transfer (automatic),78.97,4688.68,No
CUST-01226,Female,0,Yes,Yes,17,DSL,Yes,One year,No,Electronic check,37.97,485.98,No
CUST-01227,Male,0,No,No,13,DSL,Yes,One year,Yes,Electronic check,35.04,287.75,No
CUST-01228,Female,0,Yes,No,11,Fiber optic,No,Month-to-month,Yes,Mailed check,83.82,1095.94,Yes
CUST-01229,Male,0,Yes,Yes,9,DSL,Yes,Month-to-month,No,Bank transfer (automatic),56.57,332.9,No
CUST-01230,Male,1,Yes,Yes,44,Fiber optic,No,One year,No,Credit card (automatic),77.31,3348.8,No
CUST-01231,Female,0,No,Yes,48,Fiber optic,No,Two year,No,Mailed check,62.59,3022.96,No
CUST-01232,Female,0,Yes,Yes,64,No,No internet service,Month-to-month,No,Credit card (automatic),18.0,839.81,No
CUST-01233,Female,0,No,No,6,DSL,No,Two year,No,Electronic check,44.53,117.11,No
CUST-01234,Female,0,No,No,19,Fiber optic,No,Two year,Yes,Electronic check,78.03,1321.96,No
CUST-01235,Female,0,No,No,53,DSL,No,Two year,Yes,Electronic check,60.22,3111.78,No
CUST-01236,Male,0,No,No,49,No,No internet service,Month-to-month,Yes,Credit card (automatic),30.71,1535.83,No
CUST-01237,Male,0,Yes,No,31,Fiber optic,No,Month-to-month,Yes,Mailed check,77.46,2524.59,No
CUST-01238,Male,0,No,No,11,Fiber optic,Yes,One year,No,Mailed check,55.84,534.61,No
CUST-01239,Male,0,Yes,No,35,Fiber optic,No,Month-to-month,Yes,Bank transfer (automatic),82.87,2845.05,No
CUST-01240,Male,0,No,No,12,DSL,Yes,Month-to-month,Yes,Electronic check,31.42,362.69,Yes
CUST-01241,Female,0,Yes,Yes,39,Fiber optic,No,One year,Yes,Electronic check,57.63,2150.91,No
CUST-01242,Female,0,No,No,65,No,No internet service,Month-to-month,No,Electronic check,35.93,2385.59,No
CUST-01243,Female,0,No,No,14,DSL,Yes,Month-to-month,Yes,Electronic check,43.74,666.2,Yes
CUST-01244,Male,0,Yes,Yes,8,No,No internet service,Two year,Yes,Mailed check,18.0,0.0,No
CUST-01245,Female,0,No,No,53,No,No internet service,Month-to-month,No,Electronic check,18.0,1030.73,No
CUST-01246,Female,0,Yes,No,1,No,No internet service,Two year,Yes,Credit card (automatic),18.44,33.7,No
CUST-01247,Female,0,Yes,No,71,No,No internet service,Month-to-month,No,Credit card (automatic),29.02,2091.47,Yes
CUST-01248,Male,0,Yes,Yes,56,DSL,Yes,Month-to-month,Yes,Credit card (automatic),47.95,2826.75,No
CUST-01249,Male,1,Yes,No,29,Fiber optic,No,Month-to-month,No,Electronic check,77.76,2040.68,Yes
CUST-01250,Female,0,No,No,26,DSL,No,Month-to-month,Yes,Mailed check,42.73,960.32,No
CUST-01251,Male,0,No,No,28,Fiber optic,No,Month-to-month,Yes,Electronic check,65.47,1824.73,Yes
CUST-01252,Male,0,Yes,No,28,DSL,No,Two year,Yes,Electronic check,50.05,1122.83,No
CUST-01253,Male,0,No,Yes,61,No,No internet service,Two year,No,Bank transfer (automatic),18.0,1072.6,No
CUST-01254,Female,0,No,Yes,58,DSL,No,Month-to-month,No,Mailed check,42.18,2547.97,No
CUST-01255,Female,0,No,No,14,DSL,No,Month-to-month,Yes,Bank transfer (automatic),47.78,716.52,Yes
CUST-01256,Male,0,Yes,Yes,13,DSL,No,One year,No,Credit card (automatic),48.58,641.02,No
CUST-01257,Male,0,No,No,39,Fiber optic,No,Month-to-month,Yes,Electronic check,72.49,2799.18,No
CUST-01258,Female,0,Yes,No,47,DSL,Yes,Month-to-month,No,Credit card (automatic),42.59,1950.39,No
CUST-01259,Female,0,No,Yes,53,DSL,Yes,Month-to-month,No,Electronic check,53.18,2760.28,No
CUST-01260,Female,0,No,No,22,DSL,Yes,Month-to-month,Yes,Credit card (automatic),50.17,1131.19,No
CUST-01261,Male,0,No,No,35,DSL,No,Month-to-month,Yes,Bank transfer (automatic),41.06,1250.99,Yes
CUST-01262,Female,1,Yes,No,7,No,No internet service,Month-to-month,No,Electronic check,28.0,371.57,No
CUST-01263,Male,0,Yes,Yes,33,Fiber optic,No,One year,No,Mailed check,70.04,2222.8,Yes
CUST-01264,Female,0,No,Yes,50,DSL,No,Month-to-month,No,Electronic check,66.63,3398.42,No
CUST-01265,Male,0,Yes,No,22,DSL,No,Month-to-month,Yes,Credit card (automatic),39.58,880.4,Yes
CUST-01266,Male,0,Yes,Yes,23,DSL,No,Month-to-month,No,Electronic check,36.83,708.65,No
CUST-01267,Male,1,No,No,33,Fiber optic,No,Month-to-month,Yes,Credit card (automatic),65.56,2318.6,Yes
CUST-01268,Male,0,No,No,63,DSL,Yes,Two year,No,Electronic check,40.51,2681.91,Yes
CUST-01269,Female,0,Yes,Yes,44,DSL,No,One year,No,Credit card (automatic),52.89,2138.68,No
CUST-01270,Male,0,Yes,No,67,DSL,Yes,Two year,No,Electronic check,41.97,2803.16,No
CUST-01271,Male,0,No,Yes,4,DSL,Yes,Month-to-month,No,Bank transfer (automatic),40.24,185.84,Yes
CUST-01272,Male,0,Yes,Yes,61,Fiber optic,Yes,Month-to-month,No,Credit card (automatic),63.04,3596.88,No
CUST-01273,Female,0,Yes,No,3,DSL,Yes,Month-to-month,Yes,Electronic check,38.0,0.0,No
CUST-01274,Female,0,Yes,No,23,Fiber optic,Yes,Month-to-month,No,Electronic check,51.85,1092.51,No
CUST-01275,Female,0,Yes,Yes,31,Fiber optic,Yes,One year,Yes,Mailed check,78.72,2282.73,No
CUST-01276,Female,0,No,Yes,17,No,No internet service,Month-to-month,Yes,Bank transfer (automatic),18.0,180.78,Yes
CUST-01277,Female,0,Yes,No,72,DSL,Yes,Month-to-month,Yes,Credit card (automatic),41.9,2859.23,No
CUST-01278,Female,1,Yes,Yes,65,Fiber optic,No,Month-to-month,Yes,Electronic check,75.07,4864.86,No
CUST-01279,Male,0,No,No,41,No,No internet service,Month-to-month,Yes,Credit card (automatic),18.0,630.93,No
CUST-01280,Female,0,Yes,No,33,No,No internet service,Month-to-month,Yes,Credit card (automatic),36.81,1348.41,No
CUST-01281,Female,0,Yes,No,55,No,No internet service,One year,Yes,Bank transfer (automatic),18.0,1011.63,No
CUST-01282,Female,0,No,No,51,DSL,No,Two year,Yes,Electronic check,44.09,2343.91,No
CUST-01283,Male,0,No,No,35,No,No internet service,Month-to-month,Yes,Electronic check,32.99,952.06,No
CUST-01284,Female,0,Yes,Yes,60,No,No internet service,Month-to-month,No,Credit card (automatic),21.0,1184.61,No
CUST-01285,Male,1,Yes,No,14,DSL,Yes,Month-to-month,Yes,Bank transfer (automatic),21.84,322.11,Yes
CUST-01286,Male,0,Yes,No,20,DSL,No,Month-to-month,No,Bank transfer (automatic),36.09,776.16,No
CUST-01287,Female,0,Yes,No,1,No,No internet service,One year,No,Credit card (automatic),33.6,0.0,No
CUST-01288,Male,0,No,No,8,DSL,Yes,Month-to-month,No,Electronic check,54.22,373.62,No
CUST-01289,Male,0,No,No,14,Fiber optic,Yes,Two year,Yes,Bank transfer (automatic),79.13,1060.84,No
CUST-01290,Female,0,No,No,45,Fiber optic,No,Two year,Yes,Bank transfer (automatic),82.75,3688.01,Yes
CUST-01291,Male,0,No,Yes,62,Fiber optic,Yes,Month-to-month,Yes,Credit card (automatic),65.17,4300.24,No
CUST-01292,Female,1,Yes,No,43,DSL,No,Two year,Yes,Bank transfer (automatic),44.12,1934.75,No
CUST-01293,Male,0,No,No,32,Fiber optic,Yes,One year,No,Mailed check,61.7,1979.19,No
CUST-01294,Male,0,No,No,19,Fiber optic,Yes,Two year,Yes,Electronic check,48.15,763.77,No
CUST-01295,Female,0,Yes,No,7,No,No internet service,Month-to-month,No,Credit card (automatic),20.43,0.0,No
CUST-01296,Female,1,No,No,42,DSL,No,Two year,Yes,Bank transfer (automatic),24.72,1012.66,No
CUST-01297,Male,0,Yes,No,10,DSL,No,Month-to-month,No,Mailed check,40.79,543.55,No
CUST-01298,Female,0,No,No,57,DSL,No,Month-to-month,Yes,Credit card (automatic),22.64,1266.58,No
CUST-01299,Female,1,No,No,29,DSL,Yes,Two year,No,Electronic check,51.53,1475.61,No
CUST-01300,Male,0,Yes,No,25,No,No internet service,Month-to-month,No,Mailed check,18.0,360.69,No
CUST-01301,Female,1,No,Yes,1,DSL,No,Month-to-month,Yes,Credit card (automatic),29.33,0.0,Yes
CUST-01302,Male,0,Yes,Yes,17,DSL,Yes,Month-to-month,Yes,Bank transfer (automatic),52.89,951.56,No
CUST-01303,Female,0,No,No,0,No,No internet service,Month-to-month,No,Credit card (automatic),20.77,0.0,Yes
CUST-01304,Female,0,Yes,No,52,DSL,No,Month-to-month,Yes,Credit card (automatic),32.85,1761.72,No
CUST-01305,Female,0,Yes,No,35,DSL,No,Month-to-month,Yes,Mailed check,37.58,1333.86,No
CUST-01306,Female,0,Yes,Yes,57,Fiber optic,Yes,Month-to-month,No,Electronic check,71.36,3951.83,Yes
CUST-01307,Male,0,No,Yes,41,Fiber optic,Yes,Two year,No,Credit card (automatic),72.69,3007.34,No
CUST-01308,Male,0,Yes,No,69,No,No internet service,Month-to-month,Yes,Mailed check,18.0,1087.07,No
CUST-01309,Male,0,No,No,57,Fiber optic,No,Two year,Yes,Bank transfer (automatic),54.54,3134.89,No
CUST-01310,Female,0,Yes,No,10,DSL,No,One year,Yes,Mailed check,70.18,694.26,Yes
CUST-01311,Female,0,Yes,No,8,Fiber optic,No,One year,No,Electronic check,90.75,910.87,No
CUST-01312,Male,0,Yes,No,64,No,No internet service,One year,Yes,Electronic check,38.07,2332.45,No
CUST-01313,Female,0,Yes,No,19,Fiber optic,No,Two year,Yes,Bank transfer (automatic),62.0,1018.77,No
CUST-01314,Female,1,No,Yes,55,Fiber optic,No,Month-to-month,Yes,Credit card (automatic),70.21,3811.97,Yes
CUST-01315,Female,0,Yes,No,45,Fiber optic,No,One year,No,Mailed check,76.25,3504.34,No
CUST-01316,Male,0,No,No,51,Fiber optic,Yes,Two year,Yes,Electronic check,60.62,2755.89,No
CUST-01317,Female,0,No,No,19,Fiber optic,No,One year,No,Mailed check,62.79,1298.07,No
CUST-01318,Female,0,No,No,22,DSL,No,Month-to-month,Yes,Bank transfer (automatic),55.88,1204.33,Yes
CUST-01319,Male,0,No,Yes,40,Fiber optic,Yes,One year,No,Electronic check,77.93,2980.17,Yes
CUST-01320,Male,0,No,Yes,1,DSL,No,One year,Yes,Bank transfer (automatic),40.9,0.0,No
CUST-01321,Male,0,No,No,22,Fiber optic,No,Month-to-month,No,Bank transfer (automatic),75.61,1574.49,Yes
CUST-01322,Male,1,No,No,37,Fiber optic,Yes,One year,No,Mailed check,62.98,2183.25,No
CUST-01323,Female,0,No,No,14,DSL,No,Two year,Yes,Bank transfer (automatic),34.91,256.11,No
CUST-01324,Female,0,No,No,20,DSL,Yes,Month-to-month,Yes,Credit card (automatic),43.96,966.86,Yes
CUST-01325,Female,1,Yes,Yes,71,No,No internet service,Month-to-month,No,Electronic check,18.0,1210.86,Yes
CUST-01326,Male,1,No,No,21,DSL,No,Month-to-month,Yes,Electronic check,50.71,1017.93,Yes
CUST-01327,Female,0,Yes,No,65,DSL,No,One year,No,Electronic check,54.19,3623.72,No
CUST-01328,Male,0,No,Yes,67,DSL,No,Month-to-month,No,Bank transfer (automatic),53.77,3609.29,No
CUST-01329,Female,0,No,No,49,Fiber optic,No,One year,Yes,Credit card (automatic),68.6,3174.27,No
CUST-01330,Male,0,No,No,11,DSL,No,Month-to-month,Yes,Bank transfer (automatic),44.2,566.94,Yes
CUST-01331,Male,0,No,No,15,No,No internet service,Two year,Yes,Credit card (automatic),27.39,588.91,No
CUST-01332,Female,0,No,Yes,68,Fiber optic,Yes,One year,Yes,Bank transfer (automatic),88.02,6045.73,No
CUST-01333,Male,0,No,Yes,0,DSL,No,One year,Yes,Electronic check,40.66,0.0,Yes
CUST-01334,Female,0,Yes,No,36,Fiber optic,No,Month-to-month,No,Electronic check,72.7,2440.47,Yes
CUST-01335,Female,0,Yes,No,43,DSL,No,Month-to-month,Yes,Bank transfer (automatic),52.7,2157.93,No
CUST-01336,Female,0,Yes,No,61,DSL,Yes,One year,No,Bank transfer (automatic),24.53,1508.69,No
CUST-01337,Female,0,Yes,No,65,Fiber optic,Yes,Month-to-month,Yes,Mailed check,88.87,5947.7,No
CUST-01338,Male,0,No,No,20,DSL,Yes,Month-to-month,Yes,Mailed check,36.7,642.88,No
CUST-01339,Female,0,No,Yes,36,No,No internet service,Month-to-month,Yes,Mailed check,22.36,727.09,No
CUST-01340,Male,1,No,No,46,Fiber optic,No,Month-to-month,Yes,Mailed check,50.64,2452.01,Yes
CUST-01341,Female,1,Yes,No,70,DSL,Yes,One year,Yes,Bank transfer (automatic),48.67,3354.82,No
CUST-01342,Male,1,No,Yes,40,No,No internet service,Month-to-month,No,Bank transfer (automatic),18.0,925.68,No
CUST-01343,Male,1,Yes,Yes,8,Fiber optic,Yes,Month-to-month,Yes,Credit card (automatic),84.85,661.03,No
CUST-01344,Female,1,No,No,67,DSL,No,Month-to-month,Yes,Electronic check,64.75,4478.38,No
CUST-01345,Male,0,No,No,37,Fiber optic,Yes,Month-to-month,No,Credit card (automatic),60.58,2287.39,No
CUST-01346,Female,0,Yes,No,13,No,No internet service,Month-to-month,No,Electronic check,20.16,346.93,Yes
CUST-01347,Female,0,Yes,Yes,13,Fiber optic,No,Two year,Yes,Electronic check,67.45,855.6,No
CUST-01348,Female,0,Yes,No,14,Fiber optic,No,Two year,Yes,Credit card (automatic),69.23,955.82,Yes
CUST-01349,Female,0,Yes,Yes,52,Fiber optic,No,Two year,Yes,Credit card (automatic),73.47,3870.71,No
CUST-01350,Female,0,Yes,Yes,69,DSL,No,Month-to-month,Yes,Credit card (automatic),40.74,2906.84,No
CUST-01351,Male,1,Yes,No,32,DSL,Yes,Month-to-month,Yes,Electronic check,43.57,1457.37,Yes
CUST-01352,Male,0,Yes,No,7,Fiber optic,No,Month-to-month,Yes,Electronic check,63.96,235.63,Yes
CUST-01353,Male,1,Yes,No,64,No,No internet service,One year,No,Bank transfer (automatic),26.26,1711.56,No
CUST-01354,Female,0,Yes,No,46,Fiber optic,No,One year,No,Credit card (automatic),69.04,3097.05,No
CUST-01355,Male,0,No,No,41,DSL,No,One year,Yes,Mailed check,33.41,1304.3,No
CUST-01356,Male,0,Yes,Yes,4,Fiber optic,Yes,Month-to-month,Yes,Electronic check,77.06,363.14,Yes
CUST-01357,Male,0,No,No,70,DSL,No,Month-to-month,No,Mailed check,48.09,3570.05,No
CUST-01358,Male,0,Yes,No,5,DSL,Yes,Two year,Yes,Electronic check,31.2,128.15,No
CUST-01359,Male,0,Yes,No,44,Fiber optic,No,Month-to-month,No,Electronic check,64.67,3082.23,No
CUST-01360,Male,1,Yes,No,43,DSL,No,One year,No,Bank transfer (automatic),25.18,951.1,No
CUST-01361,Male,0,No,No,37,No,No internet service,One year,No,Electronic check,18.0,813.81,No
CUST-01362,Male,0,Yes,Yes,40,Fiber optic,No,Month-to-month,No,Bank transfer (automatic),72.03,2932.88,No
CUST-01363,Male,0,No,No,29,Fiber optic,Yes,Two year,Yes,Bank transfer (automatic),63.17,1856.96,No
CUST-01364,Male,0,Yes,No,41,No,No internet service,Two year,No,Mailed check,18.0,903.98,No
CUST-01365,Female,0,No,Yes,26,Fiber optic,No,One year,No,Mailed check,71.93,1793.8,No
CUST-01366,Male,0,Yes,No,34,No,No internet service,Month-to-month,Yes,Credit card (automatic),35.35,1355.21,No
CUST-01367,Male,0,Yes,No,49,No,No internet service,Month-to-month,Yes,Mailed check,44.57,2158.93,No
CUST-01368,Male,0,No,No,54,Fiber optic,Yes,One year,Yes,Credit card (automatic),62.28,3286.07,No
CUST-01369,Female,0,Yes,No,11,DSL,No,Month-to-month,Yes,Mailed check,45.24,338.44,No
CUST-01370,Female,0,Yes,No,72,DSL,No,Month-to-month,Yes,Bank transfer (automatic),41.46,3175.36,Yes
CUST-01371,Female,0,No,Yes,7,No,No internet service,Month-to-month,No,Credit card (automatic),18.0,262.95,No
CUST-01372,Male,0,Yes,Yes,20,DSL,Yes,Month-to-month,Yes,Electronic check,43.23,807.23,Yes
CUST-01373,Male,0,Yes,Yes,25,No,No internet service,One year,Yes,Electronic check,18.0,515.45,No
CUST-01374,Male,0,Yes,Yes,23,DSL,Yes,Month-to-month,No,Credit card (automatic),45.6,1063.99,No
CUST-01375,Female,0,Yes,Yes,25,Fiber optic,Yes,Month-to-month,Yes,Mailed check,63.77,1551.9,No
CUST-01376,Female,0,No,No,23,DSL,No,Month-to-month,Yes,Electronic check,46.24,1179.29,Yes
CUST-01377,Female,0,No,Yes,31,No,No internet service,Month-to-month,Yes,Credit card (automatic),37.92,1100.47,No
CUST-01378,Female,0,No,No,55,DSL,No,Month-to-month,Yes,Electronic check,51.74,2582.7,Yes
CUST-01379,Female,0,Yes,Yes,60,Fiber optic,No,Month-to-month,No,Bank transfer (automatic),69.55,4204.18,Yes
CUST-01380,Female,1,No,No,25,No,No internet service,Month-to-month,Yes,Credit card (automatic),18.22,463.51,Yes
CUST-01381,Female,0,No,No,18,DSL,Yes,Month-to-month,Yes,Credit card (automatic),49.0,810.81,No
CUST-01382,Male,1,Yes,Yes,49,DSL,Yes,One year,No,Mailed check,34.55,1585.86,No
CUST-01383,Male,0,No,No,4,No,No internet service,Month-to-month,No,Electronic check,31.93,0.0,Yes
CUST-01384,Female,0,No,No,32,No,No internet service,One year,Yes,Credit card (automatic),35.06,1078.39,No
CUST-01385,Male,0,No,No,16,DSL,No,Month-to-month,Yes,Credit card (automatic),52.59,736.41,Yes
CUST-01386,Male,0,Yes,Yes,44,Fiber optic,Yes,One year,No,Electronic check,77.51,3526.17,No
CUST-01387,Female,1,Yes,No,5,DSL,No,One year,Yes,Mailed check,46.24,293.18,No
CUST-01388,Male,0,No,No,60,DSL,No,Month-to-month,Yes,Mailed check,51.21,3014.46,No
CUST-01389,Female,0,No,No,19,Fiber optic,Yes,One year,Yes,Electronic check,70.27,1397.86,Yes
CUST-01390,Female,0,Yes,Yes,37,DSL,No,One year,Yes,Credit card (automatic),40.49,1485.23,Yes
CUST-01391,Male,0,Yes,Yes,41,Fiber optic,Yes,Month-to-month,Yes,Credit card (automatic),73.59,2984.86,No
CUST-01392,Female,0,No,No,34,DSL,No,One year,No,Electronic check,45.63,1544.84,Yes
CUST-01393,Female,1,Yes,No,32,No,No internet service,One year,No,Credit card (automatic),37.29,1405.84,No
CUST-01394,Female,0,Yes,Yes,19,Fiber optic,Yes,Month-to-month,No,Credit card (automatic),70.04,1408.04,No
CUST-01395,Male,0,No,No,56,DSL,No,Two year,No,Bank transfer (automatic),40.08,2208.66,No
CUST-01396,Female,0,Yes,No,37,No,No internet service,Month-to-month,No,Credit card (automatic),22.2,928.66,Yes
CUST-01397,Female,0,Yes,Yes,15,No,No internet service,One year,No,Electronic check,18.0,372.94,No
CUST-01398,Female,0,Yes,Yes,19,DSL,No,Two year,No,Credit card (automatic),40.32,797.25,No
CUST-01399,Male,1,No,No,32,No,No internet service,Two year,No,Electronic check,18.0,536.57,No
CUST-01400,Male,0,Yes,No,61,DSL,Yes,One year,Yes,Mailed check,32.93,1961.38,No
CUST-01401,Female,0,No,No,70,DSL,No,One year,Yes,Mailed check,40.07,2675.88,No
CUST-01402,Male,0,No,No,28,Fiber optic,No,Month-to-month,Yes,Electronic check,70.84,2005.18,Yes
CUST-01403,Male,0,No,Yes,28,DSL,No,Month-to-month,No,Bank transfer (automatic),47.78,1264.66,No
CUST-01404,Male,0,No,No,9,Fiber optic,No,Two year,No,Mailed check,58.56,474.63,No
CUST-01405,Male,0,No,No,39,Fiber optic,Yes,Month-to-month,No,Mailed check,60.75,2444.13,No
CUST-01406,Male,0,Yes,No,17,No,No internet service,Two year,No,Bank transfer (automatic),21.33,565.07,No
CUST-01407,Male,0,No,No,59,DSL,No,Month-to-month,No,Electronic check,50.66,3033.84,No
CUST-01408,Female,0,No,No,39,DSL,No,Month-to-month,Yes,Electronic check,57.4,2225.98,Yes
CUST-01409,Male,1,No,No,16,Fiber optic,Yes,Month-to-month,Yes,Electronic check,73.75,1177.75,Yes
CUST-01410,Male,0,Yes,No,66,DSL,No,Month-to-month,No,Credit card (automatic),50.3,3456.36,Yes
CUST-01411,Male,1,Yes,Yes,59,No,No internet service,Month-to-month,Yes,Bank transfer (automatic),18.0,1108.52,No
CUST-01412,Female,1,No,No,21,Fiber optic,No,Month-to-month,No,Mailed check,68.49,1461.54,Yes
CUST-01413,Male,0,Yes,No,8,Fiber optic,No,Two year,No,Bank transfer (automatic),95.07,792.31,Yes
CUST-01414,Female,0,No,No,19,Fiber optic,No,One year,Yes,Bank transfer (automatic),64.87,1061.1,No
CUST-01415,Female,0,Yes,Yes,27,DSL,Yes,One year,No,Electronic check,47.42,1327.2,No
CUST-01416,Female,0,No,No,29,DSL,No,Month-to-month,Yes,Electronic check,48.93,1313.94,Yes
CUST-01417,Female,0,No,No,60,Fiber optic,No,Month-to-month,No,Mailed check,75.26,4562.93,No
CUST-01418,Male,0,Yes,No,70,No,No internet service,One year,No,Electronic check,18.0,1171.78,No
CUST-01419,Female,0,Yes,No,54,DSL,Yes,Month-to-month,Yes,Credit card (automatic),66.6,3667.34,No
CUST-01420,Male,0,No,Yes,61,DSL,Yes,Month-to-month,No,Electronic check,51.16,3102.39,No
CUST-01421,Female,1,Yes,No,9,Fiber optic,No,Two year,Yes,Bank transfer (automatic),64.13,439.73,No
CUST-01422,Female,0,Yes,No,10,DSL,No,Month-to-month,Yes,Mailed check,58.47,549.82,No
CUST-01423,Female,0,No,No,66,Fiber optic,Yes,Two year,Yes,Bank transfer (automatic),75.14,5223.95,No
CUST-01424,Female,1,Yes,Yes,44,DSL,No,Month-to-month,No,Credit card (automatic),31.58,1116.75,No
CUST-01425,Male,0,No,Yes,17,Fiber optic,No,Month-to-month,No,Mailed check,47.53,827.97,No
CUST-01426,Female,0,Yes,No,57,Fiber optic,No,Month-to-month,Yes,Electronic check,90.61,5043.5,Yes
CUST-01427,Female,1,Yes,Yes,12,No,No internet service,Two year,No,Bank transfer (automatic),22.89,439.91,No
CUST-01428,Female,0,No,No,56,Fiber optic,No,One year,No,Electronic check,56.08,3238.44,No
CUST-01429,Male,0,Yes,Yes,64,DSL,No,One year,No,Electronic check,34.68,2241.83,No
CUST-01430,Female,0,Yes,No,35,Fiber optic,No,Month-to-month,Yes,Bank transfer (automatic),85.89,3116.24,Yes
CUST-01431,Male,1,No,No,47,Fiber optic,Yes,Two year,Yes,Electronic check,59.03,2803.76,No
CUST-01432,Male,0,No,No,53,Fiber optic,No,One year,Yes,Electronic check,79.98,4239.67,No
CUST-01433,Male,0,No,Yes,64,No,No internet service,One year,No,Mailed check,28.94,1780.3,No
CUST-01434,Female,0,No,Yes,42,No,No internet service,One year,Yes,Mailed check,18.0,712.69,No
CUST-01435,Male,0,Yes,Yes,21,DSL,No,One year,Yes,Credit card (automatic),46.67,924.38,Yes
CUST-01436,Male,0,Yes,Yes,14,Fiber optic,Yes,One year,No,Electronic check,79.88,1119.56,No
CUST-01437,Male,0,No,No,25,DSL,Yes,Month-to-month,Yes,Mailed check,45.77,917.2,Yes
CUST-01438,Female,1,No,No,4,Fiber optic,Yes,Two year,No,Bank transfer (automatic),70.29,404.72,No
CUST-01439,Male,0,No,Yes,51,No,No internet service,Month-to-month,No,Credit card (automatic),23.68,1441.3,No
CUST-01440,Female,0,Yes,Yes,26,Fiber optic,Yes,Two year,Yes,Mailed check,68.76,1735.89,Yes
CUST-01441,Female,0,Yes,No,51,DSL,Yes,Month-to-month,Yes,Bank transfer (automatic),56.43,3018.92,No
CUST-01442,Female,0,Yes,Yes,4,No,No internet service,Month-to-month,Yes,Bank transfer (automatic),22.85,75.31,No
CUST-01443,Female,0,No,No,23,Fiber optic,No,Month-to-month,No,Electronic check,63.09,1378.79,Yes
CUST-01444,Male,0,No,No,28,DSL,No,One year,Yes,Electronic check,28.08,740.43,No
CUST-01445,Male,0,Yes,Yes,6,No,No internet service,Month-to-month,Yes,Bank transfer (automatic),18.0,118.28,No
CUST-01446,Male,0,Yes,No,60,DSL,Yes,Two year,Yes,Electronic check,33.11,1900.04,No
CUST-01447,Female,0,Yes,Yes,43,Fiber optic,Yes,One year,Yes,Electronic check,77.42,3401.8,No
CUST-01448,Female,0,Yes,No,61,Fiber optic,No,Month-to-month,No,Bank transfer (automatic),84.09,5067.18,Yes
CUST-01449,Female,0,No,No,58,No,No internet service,Month-to-month,Yes,Electronic check,20.53,1061.95,No
CUST-01450,Male,1,No,No,2,DSL,No,One year,No,Electronic check,48.45,94.51,Yes
CUST-01451,Male,0,Yes,No,63,DSL,Yes,Two year,No,Mailed check,38.53,2344.12,No
CUST-01452,Male,1,No,No,5,Fiber optic,Yes,Month-to-month,No,Credit card (automatic),74.14,331.42,No
CUST-01453,Male,1,No,No,63,No,No internet service,Two year,No,Bank transfer (automatic),20.24,1268.6,No
CUST-01454,Male,0,Yes,No,48,DSL,No,Month-to-month,Yes,Electronic check,51.12,2293.0,No
CUST-01455,Female,1,Yes,No,59,DSL,Yes,One year,Yes,Electronic check,43.21,2724.45,Yes
CUST-01456,Male,0,No,No,36,No,No internet service,One year,Yes,Credit card (automatic),35.03,1358.6,No
CUST-01457,Female,0,Yes,No,11,Fiber optic,Yes,Month-to-month,Yes,Bank transfer (automatic),66.2,652.59,No
CUST-01458,Male,0,No,Yes,10,DSL,Yes,Month-to-month,No,Bank transfer (automatic),53.0,527.7,No
CUST-01459,Male,0,No,Yes,8,Fiber optic,Yes,One year,Yes,Electronic check,75.76,682.37,Yes
CUST-01460,Female,0,Yes,No,58,Fiber optic,No,Month-to-month,Yes,Electronic check,58.29,3405.87,Yes
CUST-01461,Female,0,Yes,Yes,38,Fiber optic,No,Month-to-month,No,Electronic check,71.33,2936.12,Yes
CUST-01462,Male,0,No,No,15,Fiber optic,No,Month-to-month,No,Credit card (automatic),57.55,834.61,Yes
CUST-01463,Male,0,Yes,Yes,9,Fiber optic,No,One year,No,Credit card (automatic),74.27,811.11,No
CUST-01464,Male,0,No,No,5,DSL,No,Month-to-month,Yes,Electronic check,42.86,54.14,Yes
CUST-01465,Female,0,No,No,18,No,No internet service,Month-to-month,Yes,Bank transfer (automatic),38.04,543.02,No
CUST-01466,Male,0,No,No,54,DSL,No,Two year,Yes,Credit card (automatic),30.04,1824.3,No
CUST-01467,Female,0,No,No,65,No,No internet service,One year,No,Credit card (automatic),29.16,1843.57,No
CUST-01468,Male,0,No,Yes,44,DSL,Yes,Month-to-month,No,Mailed check,50.39,2077.07,No
CUST-01469,Female,0,No,Yes,72,DSL,Yes,Month-to-month,No,Electronic check,37.11,2666.19,Yes
CUST-01470,Male,0,Yes,No,28,DSL,No,Month-to-month,Yes,Credit card (automatic),59.41,1815.16,No
CUST-01471,Female,0,Yes,No,24,DSL,Yes,Month-to-month,No,Electronic check,56.22,1257.66,No
CUST-01472,Female,0,Yes,No,50,Fiber optic,Yes,Month-to-month,Yes,Electronic check,41.33,2061.5,No
CUST-01473,Male,0,Yes,No,9,Fiber optic,Yes,Month-to-month,Yes,Electronic check,62.94,343.92,No
CUST-01474,Male,0,Yes,No,66,No,No internet service,Month-to-month,No,Mailed check,27.55,1762.04,No
CUST-01475,Female,0,Yes,No,56,Fiber optic,No,One year,Yes,Electronic check,95.12,5446.38,No
CUST-01476,Male,0,Yes,No,2,Fiber optic,No,Month-to-month,Yes,Bank transfer (automatic),66.81,39.5,Yes
CUST-01477,Male,0,Yes,No,13,DSL,No,Month-to-month,Yes,Credit card (automatic),18.0,81.37,Yes
CUST-01478,Male,0,Yes,Yes,45,No,No internet service,Two year,Yes,Mailed check,42.95,1839.62,No
CUST-01479,Male,0,No,Yes,53,DSL,Yes,Month-to-month,Yes,Credit card (automatic),48.23,2483.03,No
CUST-01480,Male,0,No,No,15,DSL,No,One year,No,Credit card (automatic),31.13,558.72,Yes
CUST-01481,Male,0,No,No,54,DSL,No,Month-to-month,Yes,Credit card (automatic),45.74,2515.53,No
CUST-01482,Male,0,No,No,34,DSL,Yes,One year,No,Bank transfer (automatic),49.44,1749.71,No
CUST-01483,Male,0,No,No,49,Fiber optic,No,Month-to-month,No,Credit card (automatic),64.03,3140.88,No
CUST-01484,Male,0,No,Yes,30,DSL,No,Month-to-month,No,Mailed check,51.93,1483.52,No
CUST-01485,Male,0,Yes,No,33,DSL,No,Two year,No,Electronic check,47.27,1466.75,No
CUST-01486,Female,0,No,Yes,28,No,No internet service,Month-to-month,No,Credit card (automatic),28.01,836.16,No
CUST-01487,Male,1,Yes,No,11,DSL,Yes,Month-to-month,Yes,Mailed check,43.11,664.89,No
CUST-01488,Male,0,No,Yes,13,Fiber optic,No,Month-to-month,No,Credit card (automatic),65.36,736.79,Yes
CUST-01489,Male,0,No,No,12,Fiber optic,No,Month-to-month,Yes,Mailed check,51.06,490.56,Yes
CUST-01490,Female,0,Yes,No,58,No,No internet service,Month-to-month,Yes,Electronic check,37.15,2018.4,No
CUST-01491,Male,1,No,Yes,30,Fiber optic,No,Month-to-month,Yes,Bank transfer (automatic),71.97,2258.88,Yes
CUST-01492,Male,0,Yes,Yes,27,DSL,Yes,Month-to-month,Yes,Bank transfer (automatic),52.66,1416.76,Yes
CUST-01493,Male,1,Yes,Yes,62,No,No internet service,One year,No,Mailed check,18.0,1182.65,No
CUST-01494,Male,0,Yes,No,64,Fiber optic,No,Two year,No,Credit card (automatic),76.38,4827.36,No
CUST-01495,Male,0,Yes,No,17,DSL,No,Month-to-month,No,Mailed check,55.28,1013.95,No
CUST-01496,Male,0,Yes,No,25,Fiber optic,No,Two year,Yes,Electronic check,79.73,1958.73,Yes
CUST-01497,Female,0,No,Yes,30,Fiber optic,No,Month-to-month,Yes,Bank transfer (automatic),75.94,2092.81,Yes
CUST-01498,Female,0,No,No,61,DSL,No,Month-to-month,Yes,Electronic check,38.86,2481.21,Yes
CUST-01499,Male,1,Yes,Yes,49,Fiber optic,No,One year,Yes,Mailed check,84.26,4124.39,No
CUST-01500,Female,0,No,No,39,DSL,Yes,One year,Yes,Electronic check,31.58,1194.38,No
CUST-01501,Female,1,Yes,No,17,Fiber optic,No,Month-to-month,No,Electronic check,57.54,1011.93,Yes
CUST-01502,Male,0,Yes,No,28,No,No internet service,Two year,No,Credit card (automatic),25.26,533.98,No
CUST-01503,Male,0,No,No,2,Fiber optic,Yes,Two year,No,Electronic check,69.4,190.49,Yes
CUST-01504,Male,0,No,No,51,No,No internet service,Month-to-month,Yes,Bank transfer (automatic),18.0,846.5,No
CUST-01505,Female,0,Yes,No,67,DSL,Yes,Month-to-month,Yes,Bank transfer (automatic),40.43,2690.08,No
CUST-01506,Male,0,Yes,No,57,Fiber optic,No,One year,No,Electronic check,75.41,4435.09,No
CUST-01507,Female,0,No,No,22,No,No internet service,Two year,Yes,Credit card (automatic),40.51,968.28,No
CUST-01508,Male,0,No,No,35,Fiber optic,No,One year,Yes,Electronic check,54.88,1899.63,No
CUST-01509,Female,0,Yes,No,69,DSL,No,Month-to-month,No,Mailed check,54.97,3780.8,No
CUST-01510,Female,0,Yes,No,31,DSL,No,One year,Yes,Credit card (automatic),41.83,989.46,No
CUST-01511,Male,0,Yes,No,61,DSL,No,Month-to-month,Yes,Bank transfer (automatic),41.37,2424.94,No
CUST-01512,Male,0,No,No,42,Fiber optic,No,One year,Yes,Electronic check,61.21,2590.88,No
CUST-01513,Female,0,No,Yes,36,No,No internet service,One year,Yes,Credit card (automatic),18.0,556.3,No
CUST-01514,Male,0,No,Yes,42,Fiber optic,No,One year,No,Credit card (automatic),63.19,2494.81,Yes
CUST-01515,Male,0,Yes,No,16,DSL,No,Month-to-month,Yes,Mailed check,40.28,702.1,No
CUST-01516,Female,0,No,No,31,DSL,Yes,Month-to-month,No,Bank transfer (automatic),42.75,1482.02,No
CUST-01517,Male,0,No,No,22,Fiber optic,No,One year,Yes,Mailed check,71.66,1489.95,Yes
CUST-01518,Male,0,Yes,Yes,55,Fiber optic,No,Month-to-month,Yes,Mailed check,67.03,3791.65,Yes
CUST-01519,Male,1,No,No,44,DSL,Yes,Month-to-month,Yes,Mailed check,57.11,2599.82,No
CUST-01520,Male,0,Yes,Yes,29,Fiber optic,Yes,Month-to-month,No,Electronic check,67.19,1831.29,No
CUST-01521,Female,1,Yes,No,60,DSL,Yes,Two year,Yes,Bank transfer (automatic),41.19,2384.08,No
CUST-01522,Female,0,No,No,33,Fiber optic,No,Month-to-month,No,Electronic check,66.49,2410.54,Yes
CUST-01523,Male,0,Yes,No,69,Fiber optic,No,One year,No,Electronic check,73.17,4914.69,Yes
CUST-01524,Male,0,No,No,44,DSL,Yes,Month-to-month,Yes,Mailed check,62.38,2671.64,No
CUST-01525,Female,0,No,Yes,64,Fiber optic,No,Two year,Yes,Electronic check,74.05,4975.09,No
CUST-01526,Male,0,Yes,Yes,72,Fiber optic,No,Month-to-month,No,Bank transfer (automatic),70.9,5036.54,No
CUST-01527,Male,0,Yes,No,23,Fiber optic,No,Month-to-month,No,Mailed check,81.46,2035.94,Yes
CUST-01528,Male,0,No,No,19,Fiber optic,No,Month-to-month,Yes,Electronic check,79.26,1383.3,Yes
CUST-01529,Male,0,Yes,Yes,61,Fiber optic,Yes,Month-to-month,No,Electronic check,53.58,3284.97,No
CUST-01530,Female,0,No,No,16,DSL,Yes,Two year,No,Electronic check,48.27,902.63,Yes
CUST-01531,Male,0,Yes,No,54,No,No internet service,One year,No,Bank transfer (automatic),18.0,915.9,No
CUST-01532,Male,0,Yes,No,12,No,No internet service,One year,Yes,Electronic check,18.0,227.97,No
CUST-01533,Female,0,No,No,63,DSL,No,One year,Yes,Bank transfer (automatic),40.55,2643.98,No
CUST-01534,Male,0,Yes,No,50,No,No internet service,Two year,Yes,Bank transfer (automatic),18.0,791.76,No
CUST-01535,Female,0,No,Yes,38,Fiber optic,No,Two year,No,Mailed check,60.95,2584.94,No
CUST-01536,Male,0,No,Yes,32,DSL,No,One year,Yes,Electronic check,39.38,1384.69,No
CUST-01537,Male,0,Yes,No,46,Fiber optic,No,Month-to-month,No,Electronic check,73.31,3329.39,No
CUST-01538,Male,0,No,No,28,DSL,Yes,Month-to-month,Yes,Electronic check,46.15,1264.02,Yes
CUST-01539,Female,0,No,No,29,Fiber optic,No,One year,Yes,Electronic check,60.47,1983.04,No
CUST-01540,Female,0,No,Yes,14,No,No internet service,One year,Yes,Credit card (automatic),23.24,282.78,No
CUST-01541,Male,0,Yes,No,11,Fiber optic,Yes,One year,No,Electronic check,59.85,601.69,No
CUST-01542,Male,0,Yes,No,65,Fiber optic,No,Month-to-month,Yes,Electronic check,69.37,4646.59,No
CUST-01543,Male,0,No,No,54,DSL,No,One year,No,Credit card (automatic),36.33,1793.75,No
CUST-01544,Female,0,No,No,32,Fiber optic,Yes,Month-to-month,No,Credit card (automatic),57.84,1841.48,No
CUST-01545,Male,0,No,Yes,60,No,No internet service,Month-to-month,No,Mailed check,39.68,2390.9,No
CUST-01546,Female,1,No,No,44,DSL,No,Two year,No,Mailed check,38.49,1609.11,No
CUST-01547,Female,0,No,No,43,Fiber optic,Yes,One year,No,Electronic check,54.07,2137.14,Yes
CUST-01548,Female,0,Yes,No,8,Fiber optic,Yes,Month-to-month,No,Credit card (automatic),80.08,648.93,Yes
CUST-01549,Male,0,No,No,39,Fiber optic,No,Month-to-month,Yes,Bank transfer (automatic),61.77,2491.61,Yes
CUST-01550,Male,0,Yes,No,7,Fiber optic,No,One year,Yes,Mailed check,77.05,457.86,No
CUST-01551,Male,1,Yes,Yes,49,Fiber optic,No,Month-to-month,No,Electronic check,77.94,3677.48,Yes
CUST-01552,Female,0,No,No,4,Fiber optic,No,Month-to-month,Yes,Mailed check,82.69,481.49,Yes
CUST-01553,Female,0,No,No,37,Fiber optic,No,One year,Yes,Bank transfer (automatic),68.07,2581.97,Yes
CUST-01554,Female,1,Yes,No,26,Fiber optic,No,One year,No,Electronic check,62.35,1577.68,Yes
CUST-01555,Male,0,No,No,9,Fiber optic,Yes,Month-to-month,No,Mailed check,74.92,784.78,No
CUST-01556,Male,0,No,No,34,Fiber optic,Yes,Month-to-month,Yes,Electronic check,42.73,1481.83,Yes
CUST-01557,Female,0,No,No,14,No,No internet service,One year,No,Bank transfer (automatic),18.0,466.71,No
CUST-01558,Female,0,No,Yes,17,DSL,No,Month-to-month,Yes,Electronic check,42.89,808.83,Yes
CUST-01559,Female,0,Yes,No,64,DSL,Yes,Month-to-month,Yes,Credit card (automatic),32.16,1891.46,No
CUST-01560,Female,0,No,Yes,25,No,No internet service,Month-to-month,No,Mailed check,18.0,370.95,No
CUST-01561,Male,1,Yes,Yes,29,DSL,No,Month-to-month,Yes,Mailed check,38.18,1033.91,No
CUST-01562,Male,1,Yes,No,0,No,No internet service,Two year,Yes,Mailed check,36.08,37.15,No
CUST-01563,Male,0,Yes,No,21,Fiber optic,No,Month-to-month,No,Mailed check,72.95,1495.53,Yes
CUST-01564,Female,0,Yes,No,25,No,No internet service,Two year,Yes,Electronic check,22.99,439.48,No
CUST-01565,Female,0,No,No,52,Fiber optic,No,Month-to-month,Yes,Mailed check,86.81,4584.82,Yes
CUST-01566,Male,0,Yes,No,8,No,No internet service,One year,No,Electronic check,18.0,264.01,No
CUST-01567,Female,0,No,No,67,Fiber optic,No,Month-to-month,Yes,Mailed check,64.17,4287.06,No
CUST-01568,Female,0,Yes,No,9,Fiber optic,Yes,One year,No,Credit card (automatic),73.07,682.77,No
CUST-01569,Female,0,Yes,No,47,Fiber optic,No,Two year,No,Electronic check,62.14,2804.47,No
CUST-01570,Female,0,No,No,0,DSL,Yes,Month-to-month,Yes,Credit card (automatic),58.07,0.0,Yes
CUST-01571,Male,0,No,No,59,DSL,No,Month-to-month,Yes,Credit card (automatic),38.6,2219.6,No
CUST-01572,Male,0,No,No,50,No,No internet service,Two year,Yes,Bank transfer (automatic),18.0,967.03,No
CUST-01573,Female,0,No,Yes,61,DSL,Yes,Two year,Yes,Electronic check,44.08,2719.6,No
CUST-01574,Female,0,Yes,No,67,Fiber optic,Yes,Two year,Yes,Bank transfer (automatic),76.74,5102.02,No
CUST-01575,Male,0,No,Yes,60,Fiber optic,No,Month-to-month,No,Credit card (automatic),77.8,4623.67,No
CUST-01576,Male,1,No,Yes,45,DSL,No,Month-to-month,No,Mailed check,52.62,2131.76,No
CUST-01577,Female,0,Yes,Yes,61,No,No internet service,Month-to-month,No,Electronic check,39.6,2608.3,No
CUST-01578,Female,1,No,Yes,7,DSL,No,One year,No,Electronic check,34.28,0.0,No
CUST-01579,Male,0,No,No,47,Fiber optic,Yes,Month-to-month,Yes,Mailed check,69.33,3309.14,Yes
CUST-01580,Female,0,No,No,72,Fiber optic,No,Month-to-month,Yes,Electronic check,81.67,5884.77,No
CUST-01581,Male,1,No,No,27,DSL,Yes,One year,Yes,Electronic check,37.86,990.34,Yes
CUST-01582,Male,0,No,No,71,DSL,No,Month-to-month,No,Bank transfer (automatic),40.83,2897.95,No
CUST-01583,Female,0,Yes,No,36,Fiber optic,No,One year,No,Mailed check,76.85,2687.04,No
CUST-01584,Male,0,No,Yes,34,DSL,No,Month-to-month,No,Electronic check,57.95,2048.64,No
CUST-01585,Female,0,Yes,Yes,21,No,No internet service,Two year,No,Credit card (automatic),27.74,424.91,Yes
CUST-01586,Male,0,Yes,No,7,Fiber optic,No,Month-to-month,Yes,Electronic check,60.16,460.46,No
CUST-01587,Female,0,Yes,No,63,DSL,No,One year,Yes,Electronic check,50.05,3071.82,No
CUST-01588,Male,1,No,No,52,DSL,No,Month-to-month,Yes,Electronic check,46.78,2381.33,Yes
CUST-01589,Female,0,No,No,29,DSL,Yes,Month-to-month,Yes,Electronic check,67.27,1902.84,No
CUST-01590,Male,0,No,No,70,Fiber optic,No,Month-to-month,Yes,Mailed check,85.79,5985.46,No
CUST-01591,Female,0,No,No,13,Fiber optic,Yes,Two year,No,Electronic check,62.11,867.69,No
CUST-01592,Male,0,No,No,56,DSL,No,Month-to-month,Yes,Credit card (automatic),49.23,2752.58,No
CUST-01593,Male,0,No,Yes,33,Fiber optic,Yes,Month-to-month,No,Credit card (automatic),69.82,2416.02,No
CUST-01594,Male,0,Yes,No,45,Fiber optic,No,One year,No,Electronic check,73.79,3445.94,No
CUST-01595,Female,0,No,No,2,Fiber optic,Yes,Month-to-month,Yes,Bank transfer (automatic),67.7,172.45,Yes
CUST-01596,Male,0,Yes,No,44,DSL,Yes,Month-to-month,No,Bank transfer (automatic),63.7,2884.71,No
CUST-01597,Female,0,Yes,No,49,DSL,Yes,Month-to-month,No,Credit card (automatic),30.85,1754.64,No
CUST-01598,Female,0,Yes,No,71,DSL,No,Month-to-month,No,Electronic check,56.76,3860.36,No
CUST-01599,Female,0,Yes,No,25,Fiber optic,No,Month-to-month,Yes,Bank transfer (automatic),54.82,1499.64,No
CUST-01600,Female,0,No,No,5,Fiber optic,No,Month-to-month,No,Electronic check,73.88,554.78,Yes
CUST-01601,Male,0,No,Yes,4,DSL,No,Month-to-month,Yes,Electronic check,47.56,242.28,Yes
CUST-01602,Female,0,Yes,No,10,DSL,No,Month-to-month,Yes,Credit card (automatic),27.45,502.99,No
CUST-01603,Female,0,No,No,21,Fiber optic,Yes,One year,Yes,Electronic check,69.0,1661.85,No
CUST-01604,Male,0,Yes,No,60,DSL,No,One year,Yes,Mailed check,31.09,1824.96,No
CUST-01605,Male,0,Yes,No,14,Fiber optic,Yes,Month-to-month,Yes,Electronic check,50.59,677.01,Yes
CUST-01606,Female,0,Yes,No,10,Fiber optic,No,Month-to-month,No,Credit card (automatic),62.13,684.97,Yes
CUST-01607,Male,0,Yes,No,2,DSL,Yes,One year,Yes,Mailed check,50.97,27.05,No
CUST-01608,Female,0,Yes,No,27,Fiber optic,No,Month-to-month,Yes,Electronic check,65.62,2097.09,Yes
CUST-01609,Male,0,Yes,No,44,DSL,No,Two year,No,Bank transfer (automatic),49.54,2274.42,No
CUST-01610,Male,0,Yes,No,20,Fiber optic,Yes,Month-to-month,Yes,Electronic check,77.59,1557.38,No
CUST-01611,Female,0,Yes,No,36,DSL,No,Month-to-month,Yes,Electronic check,34.82,1084.3,No
CUST-01612,Male,0,No,No,17,Fiber optic,Yes,Month-to-month,Yes,Bank transfer (automatic),66.25,1156.48,Yes
CUST-01613,Female,0,Yes,Yes,58,Fiber optic,No,One year,Yes,Credit card (automatic),85.88,4838.76,No
CUST-01614,Female,0,Yes,No,1,DSL,No,Month-to-month,Yes,Bank transfer (automatic),44.01,135.2,Yes
CUST-01615,Male,0,No,Yes,14,Fiber optic,No,Month-to-month,No,Electronic check,85.06,890.58,Yes
CUST-01616,Male,0,Yes,Yes,41,Fiber optic,No,Month-to-month,No,Electronic check,71.98,3117.23,No
CUST-01617,Female,0,No,No,61,No,No internet service,One year,Yes,Credit card (automatic),18.0,1047.1,No
CUST-01618,Female,0,Yes,No,29,DSL,No,Month-to-month,Yes,Electronic check,51.68,1295.71,No
CUST-01619,Male,0,No,No,5,DSL,Yes,One year,No,Bank transfer (automatic),39.71,196.58,No
CUST-01620,Female,0,No,No,40,DSL,No,Month-to-month,Yes,Mailed check,35.08,1405.22,No
CUST-01621,Male,1,No,Yes,19,No,No internet service,Month-to-month,Yes,Credit card (automatic),18.0,334.28,No
CUST-01622,Male,0,No,Yes,22,Fiber optic,Yes,Month-to-month,Yes,Mailed check,81.4,1956.37,No
CUST-01623,Female,1,Yes,Yes,67,DSL,Yes,Two year,No,Credit card (automatic),54.07,3668.4,Yes
CUST-01624,Male,0,Yes,Yes,68,Fiber optic,Yes,Month-to-month,No,Mailed check,91.3,6303.93,No
CUST-01625,Female,0,Yes,No,18,DSL,Yes,Month-to-month,Yes,Bank transfer (automatic),27.59,466.77,No
CUST-01626,Female,0,No,No,43,Fiber optic,Yes,Two year,Yes,Electronic check,62.06,2719.82,Yes
CUST-01627,Female,0,Yes,No,39,Fiber optic,Yes,Month-to-month,No,Mailed check,54.69,1975.89,No
CUST-01628,Female,1,Yes,Yes,70,Fiber optic,No,Month-to-month,Yes,Electronic check,84.71,5960.67,No
CUST-01629,Male,0,No,No,69,Fiber optic,No,Month-to-month,Yes,Electronic check,64.58,4365.03,No
CUST-01630,Male,1,Yes,Yes,25,DSL,Yes,One year,No,Mailed check,23.8,753.36,No
CUST-01631,Female,0,Yes,No,1,Fiber optic,No,Month-to-month,Yes,Electronic check,68.58,77.64,Yes
CUST-01632,Female,1,No,No,0,Fiber optic,No,Two year,Yes,Credit card (automatic),84.79,79.54,Yes
CUST-01633,Male,1,Yes,Yes,0,DSL,Yes,One year,No,Credit card (automatic),32.88,31.48,No
CUST-01634,Female,0,No,No,57,No,No internet service,Month-to-month,No,Bank transfer (automatic),18.0,1242.76,No
CUST-01635,Male,0,No,No,54,Fiber optic,No,Month-to-month,Yes,Mailed check,74.37,3828.74,No
CUST-01636,Female,0,No,No,60,No,No internet service,One year,Yes,Electronic check,18.0,1066.34,No
CUST-01637,Male,0,Yes,No,10,Fiber optic,Yes,Two year,Yes,Electronic check,75.01,634.89,Yes
CUST-01638,Female,1,Yes,No,4,DSL,No,Two year,Yes,Electronic check,36.72,0.0,Yes
CUST-01639,Male,0,No,Yes,12,Fiber optic,Yes,Month-to-month,Yes,Mailed check,62.08,621.96,Yes
CUST-01640,Male,0,No,Yes,45,Fiber optic,No,One year,Yes,Credit card (automatic),74.26,3482.34,No
CUST-01641,Female,0,No,No,0,DSL,No,One year,Yes,Electronic check,34.18,0.0,No
CUST-01642,Male,0,Yes,No,48,Fiber optic,Yes,Two year,Yes,Electronic check,77.45,3691.23,No
CUST-01643,Male,1,Yes,No,64,DSL,No,Month-to-month,Yes,Electronic check,50.98,3355.54,No
CUST-01644,Female,0,Yes,No,10,DSL,No,One year,Yes,Mailed check,53.47,548.55,Yes
CUST-01645,Male,0,Yes,No,53,No,No internet service,One year,No,Electronic check,19.51,1107.63,No
CUST-01646,Male,1,Yes,No,40,DSL,No,Two year,No,Mailed check,53.05,2160.74,No
CUST-01647,Male,0,No,Yes,68,Fiber optic,No,One year,No,Electronic check,86.76,5964.8,No
CUST-01648,Female,0,Yes,No,17,Fiber optic,Yes,Two year,No,Electronic check,67.49,1093.37,No
CUST-01649,Female,0,No,No,16,Fiber optic,Yes,Month-to-month,Yes,Bank transfer (automatic),64.08,1150.93,No
CUST-01650,Female,0,No,No,1,DSL,Yes,Month-to-month,No,Credit card (automatic),38.25,0.0,No
CUST-01651,Male,0,Yes,No,51,Fiber optic,No,Month-to-month,Yes,Electronic check,84.56,4302.24,Yes
CUST-01652,Male,1,No,Yes,63,Fiber optic,Yes,Two year,No,Electronic check,70.52,4574.39,Yes
CUST-01653,Male,0,No,No,1,No,No internet service,Month-to-month,No,Electronic check,25.58,7.09,No
CUST-01654,Female,1,Yes,No,35,DSL,No,One year,Yes,Credit card (automatic),41.15,1388.55,No
CUST-01655,Male,1,Yes,Yes,52,DSL,No,Two year,No,Mailed check,53.02,3031.65,No
CUST-01656,Male,0,No,Yes,57,Fiber optic,No,Two year,No,Bank transfer (automatic),64.17,3827.92,No
CUST-01657,Female,0,No,No,67,DSL,Yes,One year,No,Mailed check,48.02,3234.34,No
CUST-01658,Female,0,No,No,52,Fiber optic,Yes,One year,Yes,Credit card (automatic),54.59,2722.22,Yes
CUST-01659,Female,0,No,No,67,Fiber optic,No,Month-to-month,Yes,Electronic check,67.41,4272.26,Yes
CUST-01660,Male,0,Yes,Yes,72,Fiber optic,No,Month-to-month,No,Electronic check,80.57,5886.08,No
CUST-01661,Female,0,No,No,67,No,No internet service,Month-to-month,Yes,Mailed check,18.0,1357.9,No
CUST-01662,Female,0,No,Yes,31,Fiber optic,No,One year,Yes,Mailed check,86.49,2728.68,No
CUST-01663,Male,0,No,Yes,29,No,No internet service,Month-to-month,Yes,Electronic check,18.0,316.72,No
CUST-01664,Female,0,No,No,31,Fiber optic,No,Month-to-month,Yes,Credit card (automatic),61.36,1921.4,Yes
CUST-01665,Female,0,No,No,69,DSL,Yes,One year,No,Bank transfer (automatic),47.51,3219.77,No
CUST-01666,Male,0,No,No,20,Fiber optic,No,Month-to-month,No,Credit card (automatic),83.03,1680.0,Yes
CUST-01667,Female,0,Yes,No,54,Fiber optic,No,Two year,No,Credit card (automatic),63.09,3640.07,No
CUST-01668,Female,0,No,Yes,45,No,No internet service,Month-to-month,No,Mailed check,32.72,1567.13,No
CUST-01669,Female,0,Yes,Yes,4,DSL,Yes,Two year,No,Credit card (automatic),47.22,258.01,No
CUST-01670,Female,1,No,No,35,DSL,No,Month-to-month,No,Bank transfer (automatic),49.54,1728.46,No
CUST-01671,Female,1,No,Yes,14,No,No internet service,One year,Yes,Mailed check,18.0,301.74,No
CUST-01672,Female,0,No,Yes,53,DSL,Yes,One year,No,Bank transfer (automatic),27.0,1344.24,No
CUST-01673,Male,0,Yes,No,32,Fiber optic,Yes,Month-to-month,No,Credit card (automatic),80.32,2636.83,No
CUST-01674,Female,0,No,Yes,26,Fiber optic,No,Month-to-month,No,Bank transfer (automatic),76.14,1956.44,Yes
CUST-01675,Female,0,Yes,No,4,DSL,Yes,Two year,No,Bank transfer (automatic),46.21,86.17,Yes
CUST-01676,Female,0,Yes,No,9,DSL,Yes,Month-to-month,Yes,Electronic check,32.98,394.62,No
CUST-01677,Male,0,Yes,Yes,55,No,No internet service,One year,Yes,Credit card (automatic),30.32,1399.81,No
CUST-01678,Male,1,No,No,62,DSL,No,Month-to-month,No,Mailed check,52.3,3177.25,No
CUST-01679,Female,1,Yes,No,21,Fiber optic,No,One year,No,Bank transfer (automatic),76.99,1690.39,Yes
CUST-01680,Female,0,No,No,60,Fiber optic,No,Month-to-month,Yes,Bank transfer (automatic),79.95,4943.95,No
CUST-01681,Female,0,Yes,Yes,40,Fiber optic,No,One year,Yes,Mailed check,75.59,3080.2,No
CUST-01682,Male,0,No,No,25,Fiber optic,No,One year,Yes,Electronic check,43.98,1018.85,Yes
CUST-01683,Male,1,No,Yes,32,DSL,No,Month-to-month,Yes,Bank transfer (automatic),57.15,1822.69,No
CUST-01684,Female,0,No,No,50,No,No internet service,Month-to-month,Yes,Electronic check,18.0,934.95,No
CUST-01685,Male,0,No,Yes,66,DSL,No,Two year,Yes,Electronic check,49.38,3446.34,No
CUST-01686,Female,0,No,No,35,DSL,No,One year,Yes,Electronic check,58.24,2148.87,No
CUST-01687,Male,0,No,Yes,25,No,No internet service,Two year,Yes,Bank transfer (automatic),30.33,869.6,No
CUST-01688,Male,0,No,No,55,DSL,No,One year,No,Electronic check,51.92,2863.45,No
CUST-01689,Female,0,Yes,No,38,DSL,Yes,One year,Yes,Mailed check,59.21,2121.46,No
CUST-01690,Male,0,Yes,No,28,No,No internet service,One year,No,Credit card (automatic),18.0,335.28,No
CUST-01691,Female,0,No,No,33,DSL,No,Two year,Yes,Mailed check,51.05,1648.5,No
CUST-01692,Female,0,No,No,39,DSL,No,Month-to-month,Yes,Credit card (automatic),50.13,2039.0,No
CUST-01693,Female,0,No,No,10,Fiber optic,No,Month-to-month,Yes,Mailed check,81.69,756.67,Yes
CUST-01694,Male,0,No,No,4,Fiber optic,Yes,Two year,Yes,Electronic check,67.47,338.54,No
CUST-01695,Male,1,Yes,No,48,No,No internet service,Two year,Yes,Bank transfer (automatic),18.0,768.64,No
CUST-01696,Female,0,No,Yes,12,Fiber optic,No,Month-to-month,Yes,Mailed check,69.01,751.27,Yes
CUST-01697,Male,0,No,No,38,No,No internet service,Month-to-month,Yes,Credit card (automatic),24.88,1114.4,No
CUST-01698,Male,0,No,Yes,57,DSL,Yes,One year,No,Electronic check,53.98,3168.88,No
CUST-01699,Male,0,No,Yes,15,Fiber optic,Yes,One year,Yes,Credit card (automatic),64.39,929.07,No
CUST-01700,Female,0,No,Yes,27,DSL,No,Month-to-month,Yes,Mailed check,61.2,1552.73,No
CUST-01701,Male,0,No,No,71,No,No internet service,One year,No,Credit card (automatic),30.7,2293.57,No
CUST-01702,Male,0,No,No,2,No,No internet service,Month-to-month,Yes,Electronic check,24.99,155.16,Yes
CUST-01703,Female,0,Yes,No,55,DSL,Yes,Month-to-month,Yes,Bank transfer (automatic),32.05,1839.45,No
CUST-01704,Male,0,No,Yes,12,No,No internet service,One year,Yes,Electronic check,18.08,195.62,No
CUST-01705,Female,1,No,No,66,Fiber optic,No,Month-to-month,No,Credit card (automatic),65.25,4175.15,No
CUST-01706,Female,0,Yes,No,30,DSL,No,One year,Yes,Electronic check,35.57,1065.32,No
CUST-01707,Female,1,Yes,No,0,Fiber optic,No,Month-to-month,No,Mailed check,63.78,168.91,No
CUST-01708,Female,1,No,Yes,52,No,No internet service,Two year,Yes,Bank transfer (automatic),36.72,1800.36,No
CUST-01709,Male,0,Yes,No,10,DSL,Yes,Month-to-month,Yes,Mailed check,49.2,497.69,No
CUST-01710,Male,0,No,No,26,DSL,Yes,Two year,No,Bank transfer (automatic),27.79,918.84,No
CUST-01711,Male,0,Yes,No,36,No,No internet service,One year,No,Bank transfer (automatic),19.47,664.41,No
CUST-01712,Male,0,Yes,No,54,Fiber optic,No,Month-to-month,No,Electronic check,71.78,3860.82,Yes
CUST-01713,Female,0,No,Yes,30,Fiber optic,Yes,Two year,No,Bank transfer (automatic),72.27,2006.05,No
CUST-01714,Female,0,Yes,No,62,Fiber optic,Yes,Month-to-month,Yes,Mailed check,71.63,4515.84,No
CUST-01715,Female,0,Yes,Yes,35,Fiber optic,No,Month-to-month,No,Bank transfer (automatic),76.96,2604.73,No
CUST-01716,Female,0,No,No,24,DSL,No,Two year,Yes,Electronic check,18.0,245.45,No
CUST-01717,Female,0,No,No,24,DSL,No,Two year,Yes,Mailed check,54.23,1187.09,No
CUST-01718,Male,0,Yes,Yes,58,No,No internet service,One year,Yes,Credit card (automatic),18.0,1069.01,No
CUST-01719,Male,0,No,No,48,Fiber optic,Yes,Two year,Yes,Credit card (automatic),67.61,3055.67,No
CUST-01720,Female,1,No,Yes,9,Fiber optic,No,Month-to-month,No,Credit card (automatic),93.53,675.47,Yes
CUST-01721,Male,0,No,Yes,54,No,No internet service,Month-to-month,No,Bank transfer (automatic),32.92,1844.79,Yes
CUST-01722,Female,0,Yes,No,30,DSL,No,Month-to-month,No,Electronic check,50.43,1504.21,No
CUST-01723,Female,0,Yes,No,25,No,No internet service,Month-to-month,Yes,Mailed check,21.57,429.57,No
CUST-01724,Female,0,No,No,7,Fiber optic,No,One year,Yes,Electronic check,80.11,522.22,No
CUST-01725,Female,0,No,No,72,No,No internet service,Month-to-month,Yes,Bank transfer (automatic),25.3,2030.18,No
CUST-01726,Female,0,Yes,Yes,3,DSL,No,One year,Yes,Electronic check,64.36,346.89,No
CUST-01727,Female,0,No,No,72,DSL,Yes,Month-to-month,Yes,Credit card (automatic),36.96,2648.23,No
CUST-01728,Female,1,Yes,No,4,Fiber optic,No,Month-to-month,Yes,Electronic check,59.04,334.1,Yes
CUST-01729,Male,1,No,Yes,36,No,No internet service,One year,No,Electronic check,18.0,662.52,No
CUST-01730,Male,0,No,No,7,No,No internet service,Month-to-month,Yes,Credit card (automatic),23.54,0.0,No
CUST-01731,Female,0,No,No,35,Fiber optic,Yes,One year,No,Electronic check,67.03,2111.67,Yes
CUST-01732,Female,0,No,Yes,61,Fiber optic,No,One year,Yes,Electronic check,66.02,3918.1,No
CUST-01733,Female,1,Yes,No,43,DSL,Yes,One year,Yes,Mailed check,42.64,1644.43,No
CUST-01734,Female,0,No,No,39,Fiber optic,Yes,Two year,No,Credit card (automatic),60.65,2397.94,No
CUST-01735,Female,0,Yes,Yes,8,No,No internet service,Two year,Yes,Electronic check,24.16,127.29,No
CUST-01736,Female,0,No,No,69,Fiber optic,No,Month-to-month,Yes,Mailed check,72.47,5051.47,No
CUST-01737,Female,0,No,Yes,27,DSL,Yes,One year,No,Electronic check,46.11,1297.85,No
CUST-01738,Male,0,Yes,Yes,39,No,No internet service,Month-to-month,Yes,Mailed check,27.63,1160.37,No
CUST-01739,Male,0,Yes,No,65,DSL,Yes,Month-to-month,Yes,Electronic check,45.28,2831.53,No
CUST-01740,Male,0,Yes,No,45,Fiber optic,Yes,One year,Yes,Bank transfer (automatic),81.33,3721.73,No
CUST-01741,Male,0,Yes,Yes,53,Fiber optic,No,One year,No,Mailed check,69.12,3548.7,No
CUST-01742,Female,0,Yes,No,13,Fiber optic,No,Two year,No,Credit card (automatic),70.02,995.62,No
CUST-01743,Male,1,No,No,33,Fiber optic,No,One year,No,Bank transfer (automatic),74.44,2603.24,No
CUST-01744,Male,0,No,No,39,Fiber optic,No,One year,No,Bank transfer (automatic),80.65,3232.13,Yes
CUST-01745,Male,0,No,No,12,DSL,No,One year,Yes,Mailed check,32.14,364.43,No
CUST-01746,Female,0,No,No,28,DSL,No,Month-to-month,Yes,Electronic check,31.93,962.05,No
CUST-01747,Female,0,No,No,60,Fiber optic,No,Month-to-month,No,Electronic check,68.11,3902.61,Yes
CUST-01748,Male,0,Yes,No,67,Fiber optic,No,Month-to-month,Yes,Mailed check,57.63,3650.17,Yes
CUST-01749,Female,0,No,No,60,Fiber optic,Yes,One year,No,Electronic check,71.01,4316.62,No
CUST-01750,Female,1,No,No,68,Fiber optic,Yes,Month-to-month,No,Electronic check,64.65,4553.13,No
CUST-01751,Female,0,No,No,72,DSL,No,Month-to-month,No,Mailed check,55.09,3818.71,No
CUST-01752,Female,0,No,Yes,14,Fiber optic,No,Month-to-month,Yes,Electronic check,81.58,1143.94,Yes
CUST-01753,Female,0,No,Yes,62,Fiber optic,Yes,One year,Yes,Electronic check,66.06,4148.38,Yes
CUST-01754,Male,0,No,No,45,Fiber optic,No,Month-to-month,No,Mailed check,76.74,3379.55,No
CUST-01755,Female,0,No,No,62,Fiber optic,Yes,Month-to-month,Yes,Credit card (automatic),71.5,4392.27,No
CUST-01756,Male,0,Yes,No,46,DSL,No,Month-to-month,Yes,Electronic check,40.19,1922.33,No
CUST-01757,Male,0,No,No,9,DSL,Yes,Month-to-month,Yes,Credit card (automatic),44.86,416.72,No
CUST-01758,Female,0,Yes,Yes,41,DSL,No,Month-to-month,Yes,Electronic check,48.24,1991.35,Yes
CUST-01759,Female,0,Yes,Yes,55,Fiber optic,No,Two year,No,Credit card (automatic),62.52,3320.72,No
CUST-01760,Female,0,No,No,9,DSL,Yes,Month-to-month,No,Mailed check,43.51,387.85,Yes
CUST-01761,Male,1,Yes,No,36,DSL,No,Month-to-month,Yes,Mailed check,36.68,1272.73,No
CUST-01762,Male,0,No,No,47,No,No internet service,One year,Yes,Bank transfer (automatic),23.88,1081.03,No
CUST-01763,Male,1,Yes,Yes,33,Fiber optic,No,One year,Yes,Mailed check,44.29,1396.6,Yes
CUST-01764,Female,1,No,No,58,Fiber optic,No,Month-to-month,Yes,Mailed check,73.89,4282.35,Yes
CUST-01765,Female,1,Yes,No,9,Fiber optic,Yes,Month-to-month,No,Mailed check,81.29,627.42,No
CUST-01766,Female,0,No,Yes,25,DSL,No,Two year,No,Credit card (automatic),55.76,1395.45,No
CUST-01767,Female,0,Yes,Yes,69,DSL,No,Two year,Yes,Credit card (automatic),62.15,4244.55,No
CUST-01768,Male,0,Yes,No,37,No,No internet service,Month-to-month,No,Mailed check,29.21,968.92,No
CUST-01769,Male,0,Yes,No,13,Fiber optic,No,One year,Yes,Credit card (automatic),66.68,633.01,Yes
CUST-01770,Male,0,No,No,8,Fiber optic,No,Month-to-month,Yes,Electronic check,93.46,861.38,Yes
CUST-01771,Male,0,No,No,43,No,No internet service,Month-to-month,No,Mailed check,18.0,863.56,No
CUST-01772,Male,1,No,No,67,DSL,Yes,Month-to-month,Yes,Mailed check,38.04,2452.1,No
CUST-01773,Male,0,Yes,Yes,3,Fiber optic,Yes,One year,Yes,Electronic check,83.33,331.79,Yes
CUST-01774,Male,0,No,No,7,DSL,Yes,Month-to-month,No,Credit card (automatic),52.04,241.31,Yes
CUST-01775,Female,0,Yes,No,27,Fiber optic,No,Month-to-month,Yes,Credit card (automatic),53.89,1418.17,No
CUST-01776,Male,0,No,No,15,No,No internet service,Month-to-month,Yes,Credit card (automatic),21.72,262.17,No
CUST-01777,Male,0,No,No,8,DSL,No,Month-to-month,No,Bank transfer (automatic),47.31,345.17,Yes
CUST-01778,Male,0,Yes,No,21,No,No internet service,Month-to-month,Yes,Mailed check,18.0,455.54,Yes
CUST-01779,Male,1,No,Yes,46,Fiber optic,Yes,Month-to-month,Yes,Bank transfer (automatic),64.88,2936.26,No
CUST-01780,Female,0,No,No,60,Fiber optic,No,One year,Yes,Electronic check,84.13,5007.04,No
CUST-01781,Male,0,Yes,No,22,DSL,Yes,Month-to-month,No,Credit card (automatic),64.07,1498.73,Yes
CUST-01782,Male,0,Yes,Yes,51,Fiber optic,Yes,Month-to-month,Yes,Electronic check,78.55,4013.45,No
CUST-01783,Male,0,Yes,No,60,Fiber optic,No,One year,No,Credit card (automatic),69.68,4109.79,No
CUST-01784,Female,0,Yes,No,0,DSL,Yes,Month-to-month,Yes,Bank transfer (automatic),53.33,28.88,Yes
CUST-01785,Female,0,Yes,Yes,62,Fiber optic,Yes,Month-to-month,No,Electronic check,64.13,4095.18,No
CUST-01786,Male,0,No,No,13,DSL,No,Two year,No,Electronic check,24.13,440.4,No
CUST-01787,Male,0,Yes,No,50,No,No internet service,One year,No,Mailed check,18.0,741.04,No
CUST-01788,Male,0,No,No,54,DSL,Yes,Month-to-month,No,Electronic check,44.46,2247.89,No
CUST-01789,Male,0,No,No,61,Fiber optic,No,Month-to-month,Yes,Credit card (automatic),84.09,5249.38,No
CUST-01790,Female,0,No,No,29,Fiber optic,No,Month-to-month,Yes,Electronic check,64.37,1832.23,Yes
CUST-01791,Female,1,No,No,48,Fiber optic,No,Month-to-month,Yes,Mailed check,85.21,3826.08,No
CUST-01792,Female,0,Yes,No,1,No,No internet service,Two year,Yes,Electronic check,26.4,0.0,No
CUST-01793,Male,1,Yes,Yes,32,No,No internet service,One year,Yes,Electronic check,31.98,970.67,No
CUST-01794,Male,0,Yes,No,70,DSL,No,Month-to-month,No,Electronic check,40.1,2769.49,No
CUST-01795,Male,0,No,Yes,11,Fiber optic,Yes,Month-to-month,Yes,Credit card (automatic),75.58,923.17,Yes
CUST-01796,Male,0,No,No,11,Fiber optic,Yes,Month-to-month,No,Bank transfer (automatic),63.94,591.84,Yes
CUST-01797,Female,0,Yes,No,51,DSL,No,Month-to-month,No,Credit card (automatic),45.17,2415.93,No
CUST-01798,Male,1,Yes,No,37,Fiber optic,No,Month-to-month,Yes,Mailed check,59.08,2220.18,Yes
CUST-01799,Male,0,No,No,33,DSL,Yes,Month-to-month,Yes,Electronic check,52.42,1575.48,No
CUST-01800,Female,1,Yes,No,18,No,No internet service,Two year,Yes,Electronic check,18.0,285.66,No
CUST-01801,Male,1,No,No,12,Fiber optic,Yes,One year,Yes,Mailed check,79.44,1012.64,No
CUST-01802,Male,0,Yes,Yes,53,Fiber optic,No,Two year,Yes,Electronic check,59.34,3149.77,No
CUST-01803,Male,0,Yes,No,26,Fiber optic,Yes,Two year,Yes,Electronic check,60.91,1629.14,No
CUST-01804,Male,0,Yes,Yes,56,No,No internet service,Two year,No,Bank transfer (automatic),18.0,937.51,No
CUST-01805,Male,0,Yes,No,32,Fiber optic,Yes,Two year,Yes,Electronic check,80.42,2640.01,No
CUST-01806,Male,0,Yes,No,28,No,No internet service,Month-to-month,Yes,Mailed check,18.0,456.18,No
CUST-01807,Male,0,No,No,16,No,No internet service,Month-to-month,Yes,Bank transfer (automatic),23.79,686.18,Yes
CUST-01808,Male,1,Yes,Yes,48,DSL,No,Month-to-month,Yes,Bank transfer (automatic),45.62,2031.43,No
CUST-01809,Male,0,No,No,20,DSL,Yes,One year,Yes,Mailed check,25.11,825.95,No
CUST-01810,Female,0,Yes,No,66,DSL,No,One year,No,Bank transfer (automatic),53.51,3417.52,No
CUST-01811,Male,0,Yes,No,29,Fiber optic,No,Month-to-month,No,Mailed check,75.73,2348.72,No
CUST-01812,Female,0,Yes,No,59,Fiber optic,No,Two year,Yes,Electronic check,85.95,5170.34,No
CUST-01813,Female,1,Yes,No,34,DSL,No,One year,No,Electronic check,46.32,1465.73,No
CUST-01814,Male,0,Yes,Yes,30,No,No internet service,One year,No,Electronic check,18.0,611.94,No
CUST-01815,Female,1,Yes,No,33,DSL,No,Month-to-month,Yes,Mailed check,42.94,1357.52,Yes
CUST-01816,Male,0,No,No,32,Fiber optic,No,Month-to-month,No,Bank transfer (automatic),66.29,2154.26,No
CUST-01817,Male,1,No,Yes,34,Fiber optic,Yes,Month-to-month,No,Credit card (automatic),92.83,3173.96,No
CUST-01818,Male,0,No,No,64,Fiber optic,No,Month-to-month,Yes,Electronic check,64.51,4086.72,No
CUST-01819,Male,1,Yes,No,51,DSL,No,One year,Yes,Electronic check,37.36,1853.47,No
CUST-01820,Male,0,No,No,2,Fiber optic,No,Month-to-month,No,Electronic check,85.02,210.94,Yes
CUST-01821,Male,0,No,No,4,Fiber optic,Yes,Month-to-month,Yes,Credit card (automatic),65.29,152.7,Yes
CUST-01822,Female,0,Yes,No,1,DSL,No,Month-to-month,Yes,Electronic check,41.85,0.0,Yes
CUST-01823,Male,0,Yes,No,50,Fiber optic,No,One year,No,Mailed check,76.91,3960.1,No
CUST-01824,Female,0,No,No,15,Fiber optic,No,Month-to-month,No,Electronic check,56.7,901.91,Yes
CUST-01825,Female,0,No,No,28,Fiber optic,Yes,Two year,No,Credit card (automatic),55.7,1402.8,Yes
CUST-01826,Female,0,Yes,No,60,Fiber optic,No,Month-to-month,Yes,Mailed check,63.18,3670.41,No
CUST-01827,Male,0,Yes,No,9,Fiber optic,No,Two year,Yes,Electronic check,59.28,277.14,Yes
CUST-01828,Female,0,No,No,11,No,No internet service,Month-to-month,No,Mailed check,32.62,467.98,No
CUST-01829,Female,0,Yes,Yes,5,Fiber optic,No,Month-to-month,No,Bank transfer (automatic),61.36,389.43,Yes
CUST-01830,Female,0,No,Yes,20,DSL,Yes,Two year,No,Mailed check,61.39,1097.15,No
CUST-01831,Male,0,No,No,6,Fiber optic,No,One year,Yes,Credit card (automatic),61.73,448.34,Yes
CUST-01832,Female,0,No,No,45,DSL,No,One year,No,Credit card (automatic),35.17,1820.91,No
CUST-01833,Female,0,No,No,53,No,No internet service,One year,Yes,Mailed check,18.0,769.28,No
CUST-01834,Male,0,Yes,No,13,Fiber optic,No,Month-to-month,Yes,Credit card (automatic),75.58,908.73,Yes
CUST-01835,Male,1,No,No,38,DSL,No,One year,No,Credit card (automatic),29.22,923.02,No
CUST-01836,Male,0,No,No,22,Fiber optic,Yes,Month-to-month,Yes,Mailed check,73.96,1740.95,No
CUST-01837,Female,0,No,No,5,DSL,No,One year,No,Bank transfer (automatic),35.79,167.42,No
CUST-01838,Male,0,Yes,No,34,No,No internet service,Two year,Yes,Mailed check,33.01,1074.57,No
CUST-01839,Male,0,Yes,Yes,50,No,No internet service,Two year,No,Mailed check,34.03,1728.79,No
CUST-01840,Female,0,Yes,No,16,Fiber optic,No,One year,Yes,Mailed check,46.56,678.13,Yes
CUST-01841,Male,0,Yes,Yes,57,Fiber optic,Yes,One year,Yes,Credit card (automatic),70.59,3975.43,No
CUST-01842,Male,0,No,No,72,Fiber optic,No,Month-to-month,No,Credit card (automatic),73.48,5323.53,No
CUST-01843,Female,0,No,No,4,Fiber optic,No,Month-to-month,No,Electronic check,74.62,225.27,Yes
CUST-01844,Female,0,No,No,11,DSL,No,Two year,No,Bank transfer (automatic),59.41,597.23,Yes
CUST-01845,Female,0,No,No,21,No,No internet service,One year,Yes,Bank transfer (automatic),18.87,377.49,No
CUST-01846,Female,1,Yes,No,62,DSL,No,Month-to-month,No,Credit card (automatic),40.99,2552.34,No
CUST-01847,Male,1,Yes,Yes,10,DSL,No,One year,Yes,Mailed check,41.9,491.2,No
CUST-01848,Female,1,Yes,No,34,DSL,No,Month-to-month,Yes,Electronic check,20.79,776.85,No
CUST-01849,Female,1,Yes,Yes,39,No,No internet service,Two year,Yes,Electronic check,18.0,522.05,No
CUST-01850,Male,0,Yes,No,9,No,No internet service,Two year,Yes,Electronic check,18.0,330.95,No
CUST-01851,Male,0,Yes,No,3,DSL,Yes,Month-to-month,Yes,Electronic check,50.31,158.02,No
CUST-01852,Male,0,Yes,No,8,DSL,No,Month-to-month,Yes,Electronic check,38.94,271.72,No
CUST-01853,Male,0,No,No,4,No,No internet service,One year,Yes,Electronic check,21.37,0.0,Yes
CUST-01854,Male,0,Yes,No,36,Fiber optic,Yes,Month-to-month,No,Credit card (automatic),57.5,2308.7,Yes
CUST-01855,Male,1,Yes,No,68,No,No internet service,Two year,Yes,Mailed check,18.0,1507.18,No
CUST-01856,Female,0,Yes,Yes,25,No,No internet service,Month-to-month,No,Mailed check,18.0,673.94,No
CUST-01857,Male,0,No,No,18,Fiber optic,Yes,Month-to-month,No,Bank transfer (automatic),71.39,1299.59,No
CUST-01858,Female,0,No,No,17,DSL,No,Month-to-month,Yes,Electronic check,37.87,685.08,Yes
CUST-01859,Female,0,Yes,No,71,Fiber optic,No,One year,No,Bank transfer (automatic),91.67,6687.49,No
CUST-01860,Female,0,Yes,No,70,No,No internet service,One year,Yes,Credit card (automatic),19.43,1331.21,No
CUST-01861,Female,0,No,Yes,47,Fiber optic,No,Two year,Yes,Mailed check,75.56,3616.28,No
CUST-01862,Male,0,No,Yes,33,No,No internet service,Two year,No,Mailed check,31.71,1073.7,No
CUST-01863,Female,0,No,No,11,Fiber optic,No,One year,No,Electronic check,72.22,1024.67,Yes
CUST-01864,Male,1,No,Yes,67,No,No internet service,Month-to-month,Yes,Mailed check,42.13,2995.07,No
CUST-01865,Female,0,No,No,0,Fiber optic,Yes,Month-to-month,No,Bank transfer (automatic),74.34,0.0,Yes
CUST-01866,Male,0,No,No,11,DSL,No,Two year,No,Mailed check,61.37,858.08,Yes
CUST-01867,Male,0,Yes,No,49,Fiber optic,No,Month-to-month,Yes,Mailed check,61.62,3018.92,No
CUST-01868,Female,0,No,No,13,DSL,No,Two year,Yes,Mailed check,46.54,539.53,Yes
CUST-01869,Male,0,Yes,No,7,Fiber optic,No,Two year,No,Electronic check,63.33,409.07,No
CUST-01870,Female,1,No,No,43,No,No internet service,One year,No,Electronic check,18.0,791.69,No
CUST-01871,Male,0,Yes,No,1,DSL,No,One year,No,Mailed check,62.23,0.0,No
CUST-01872,Male,0,Yes,No,19,No,No internet service,Two year,No,Electronic check,18.0,279.89,No
CUST-01873,Female,0,No,No,46,DSL,No,One year,Yes,Bank transfer (automatic),45.8,1933.59,No
CUST-01874,Female,1,No,No,13,Fiber optic,No,One year,Yes,Credit card (automatic),67.69,781.27,Yes
CUST-01875,Male,0,Yes,No,55,No,No internet service,Month-to-month,No,Bank transfer (automatic),19.78,1116.05,No
CUST-01876,Male,0,No,No,6,Fiber optic,No,Month-to-month,No,Electronic check,74.97,574.88,Yes
CUST-01877,Male,1,Yes,Yes,44,No,No internet service,Month-to-month,Yes,Mailed check,18.0,901.68,No
CUST-01878,Female,0,Yes,Yes,5,No,No internet service,Two year,No,Bank transfer (automatic),21.92,161.18,No
CUST-01879,Female,0,No,No,53,Fiber optic,No,One year,Yes,Bank transfer (automatic),55.74,2770.71,No
CUST-01880,Male,0,Yes,No,54,Fiber optic,No,One year,Yes,Credit card (automatic),65.98,3459.6,No
CUST-01881,Male,0,Yes,Yes,58,DSL,No,Month-to-month,No,Mailed check,56.91,3277.09,No
CUST-01882,Male,1,No,Yes,20,Fiber optic,No,Two year,Yes,Electronic check,72.17,1558.94,No
CUST-01883,Male,0,Yes,No,17,DSL,Yes,Month-to-month,Yes,Mailed check,44.23,685.09,No
CUST-01884,Female,0,Yes,No,71,No,No internet service,One year,Yes,Credit card (automatic),22.5,1451.13,No
CUST-01885,Female,0,Yes,No,53,Fiber optic,Yes,Month-to-month,Yes,Bank transfer (automatic),76.06,4204.97,No
CUST-01886,Male,0,No,Yes,13,Fiber optic,No,Two year,No,Credit card (automatic),50.58,569.35,No
CUST-01887,Female,0,Yes,No,2,No,No internet service,One year,Yes,Bank transfer (automatic),18.0,0.0,No
CUST-01888,Male,0,Yes,No,25,DSL,Yes,Month-to-month,Yes,Credit card (automatic),53.22,1357.78,No
CUST-01889,Male,0,No,No,48,No,No internet service,Month-to-month,No,Mailed check,18.0,857.99,No
CUST-01890,Male,0,Yes,No,27,DSL,Yes,Month-to-month,No,Credit card (automatic),47.09,1211.41,No
CUST-01891,Male,0,Yes,No,58,DSL,No,Month-to-month,No,Credit card (automatic),49.68,2881.48,No
CUST-01892,Male,0,No,No,36,Fiber optic,Yes,Month-to-month,No,Credit card (automatic),107.72,3766.81,Yes
CUST-01893,Female,0,No,No,72,DSL,No,Month-to-month,No,Credit card (automatic),48.63,3439.97,No
CUST-01894,Female,0,Yes,No,63,Fiber optic,No,Month-to-month,No,Mailed check,88.25,5555.41,No
CUST-01895,Male,0,No,No,34,Fiber optic,No,Month-to-month,Yes,Bank transfer (automatic),58.04,1729.06,No
CUST-01896,Female,0,No,No,60,No,No internet service,One year,Yes,Mailed check,37.26,2350.21,No
CUST-01897,Female,0,Yes,No,32,DSL,Yes,Month-to-month,Yes,Bank transfer (automatic),33.65,912.05,No
CUST-01898,Female,0,No,No,0,DSL,Yes,Month-to-month,No,Bank transfer (automatic),45.61,0.0,No
CUST-01899,Female,0,No,Yes,22,DSL,Yes,Two year,No,Bank transfer (automatic),54.98,1329.58,No
CUST-01900,Male,1,No,Yes,29,Fiber optic,No,Month-to-month,No,Mailed check,50.53,1533.69,No
CUST-01901,Female,0,No,No,71,DSL,Yes,One year,No,Credit card (automatic),41.7,2971.18,No
CUST-01902,Female,0,No,No,60,DSL,Yes,Two year,No,Credit card (automatic),49.5,2765.02,No
CUST-01903,Female,0,No,No,10,No,No internet service,One year,Yes,Bank transfer (automatic),18.0,107.32,No
CUST-01904,Male,0,No,Yes,0,No,No internet service,Month-to-month,Yes,Mailed check,25.82,0.0,No
CUST-01905,Male,0,No,No,38,No,No internet service,Month-to-month,Yes,Credit card (automatic),18.0,666.78,No
CUST-01906,Male,0,No,Yes,38,DSL,No,Two year,Yes,Bank transfer (automatic),51.47,2092.83,No
CUST-01907,Male,0,No,No,53,Fiber optic,No,Two year,No,Mailed check,65.87,3730.43,No
CUST-01908,Male,0,No,No,18,DSL,Yes,Month-to-month,Yes,Bank transfer (automatic),47.4,926.98,No
CUST-01909,Male,1,Yes,No,59,Fiber optic,Yes,One year,Yes,Bank transfer (automatic),64.74,3755.53,No
CUST-01910,Female,0,Yes,No,30,Fiber optic,Yes,Two year,No,Bank transfer (automatic),80.99,2575.43,No
CUST-01911,Male,0,No,Yes,24,No,No internet service,One year,Yes,Electronic check,35.68,785.57,No
CUST-01912,Female,1,Yes,No,30,Fiber optic,Yes,Month-to-month,Yes,Electronic check,69.52,1770.76,No
CUST-01913,Male,1,No,No,68,DSL,Yes,Month-to-month,Yes,Credit card (automatic),33.78,2147.1,No
CUST-01914,Female,0,No,No,28,Fiber optic,No,Month-to-month,Yes,Credit card (automatic),64.13,1511.01,No
CUST-01915,Male,0,No,Yes,40,No,No internet service,Month-to-month,No,Mailed check,25.27,964.74,No
CUST-01916,Female,0,Yes,No,65,DSL,Yes,One year,Yes,Credit card (automatic),40.52,2612.41,No
CUST-01917,Male,0,No,Yes,1,No,No internet service,Month-to-month,Yes,Mailed check,21.88,0.0,Yes
CUST-01918,Male,0,Yes,Yes,39,DSL,Yes,Month-to-month,Yes,Electronic check,48.94,1806.17,No
CUST-01919,Male,0,No,Yes,51,DSL,Yes,Month-to-month,Yes,Bank transfer (automatic),56.7,2720.54,No
CUST-01920,Female,0,Yes,Yes,65,No,No internet service,Two year,Yes,Electronic check,22.58,1452.46,No
CUST-01921,Male,0,No,Yes,4,DSL,No,Two year,Yes,Electronic check,29.6,15.98,Yes
CUST-01922,Female,0,No,No,53,Fiber optic,Yes,Two year,No,Credit card (automatic),74.79,4085.06,No
CUST-01923,Female,0,No,Yes,58,DSL,No,Two year,Yes,Mailed check,45.96,2686.04,No
CUST-01924,Male,0,No,No,25,Fiber optic,No,Two year,No,Electronic check,59.81,1687.82,Yes
CUST-01925,Male,0,Yes,No,54,Fiber optic,No,Month-to-month,No,Mailed check,69.52,3699.51,No
CUST-01926,Male,1,Yes,No,36,No,No internet service,Month-to-month,Yes,Bank transfer (automatic),18.3,916.12,No
CUST-01927,Male,0,Yes,No,48,No,No internet service,One year,Yes,Bank transfer (automatic),24.86,1193.58,No
CUST-01928,Male,0,No,No,28,Fiber optic,No,One year,No,Mailed check,76.83,2087.82,No
CUST-01929,Male,0,No,Yes,12,Fiber optic,Yes,Month-to-month,Yes,Mailed check,72.21,1155.57,Yes
CUST-01930,Female,0,Yes,No,60,DSL,No,Two year,No,Mailed check,61.64,3478.98,No
CUST-01931,Male,0,Yes,No,15,Fiber optic,Yes,Month-to-month,Yes,Bank transfer (automatic),76.21,1076.83,No
CUST-01932,Male,0,Yes,No,13,Fiber optic,No,Two year,Yes,Credit card (automatic),71.42,728.65,No
CUST-01933,Female,0,No,No,64,DSL,No,One year,No,Mailed check,49.29,2933.97,No
CUST-01934,Female,0,Yes,No,68,No,No internet service,Month-to-month,No,Credit card (automatic),18.0,975.94,No
CUST-01935,Male,0,Yes,No,44,DSL,No,Two year,Yes,Credit card (automatic),60.95,2755.81,No
CUST-01936,Male,0,Yes,No,42,DSL,Yes,One year,No,Electronic check,37.77,1426.85,No
CUST-01937,Male,0,Yes,No,26,No,No internet service,One year,Yes,Electronic check,31.74,794.67,Yes
CUST-01938,Female,1,Yes,No,44,Fiber optic,Yes,One year,Yes,Bank transfer (automatic),75.22,3416.71,No
CUST-01939,Female,0,Yes,No,44,Fiber optic,No,Month-to-month,No,Credit card (automatic),72.33,3238.12,Yes
CUST-01940,Male,0,No,No,37,DSL,Yes,Month-to-month,Yes,Electronic check,41.6,1588.87,Yes
CUST-01941,Male,0,No,No,47,Fiber optic,Yes,Month-to-month,Yes,Electronic check,62.59,3087.39,Yes
CUST-01942,Male,0,Yes,No,40,Fiber optic,Yes,Month-to-month,Yes,Bank transfer (automatic),76.96,3271.53,No
CUST-01943,Female,0,No,Yes,64,DSL,Yes,Month-to-month,No,Credit card (automatic),53.52,3275.07,No
CUST-01944,Male,0,No,Yes,48,Fiber optic,No,Month-to-month,Yes,Electronic check,56.47,2768.54,Yes
CUST-01945,Male,0,No,No,28,DSL,No,Month-to-month,No,Mailed check,54.22,1485.49,No
CUST-01946,Male,0,No,Yes,47,DSL,No,Month-to-month,No,Electronic check,49.74,2320.18,No
CUST-01947,Male,0,Yes,No,16,DSL,Yes,Month-to-month,No,Credit card (automatic),35.91,393.18,No
CUST-01948,Female,0,No,No,15,DSL,No,Month-to-month,Yes,Bank transfer (automatic),43.36,586.57,Yes
CUST-01949,Male,0,No,No,60,DSL,No,Two year,Yes,Mailed check,55.16,3258.87,No
CUST-01950,Male,0,No,No,42,Fiber optic,No,Two year,No,Credit card (automatic),71.78,3186.39,No
CUST-01951,Female,1,Yes,No,3,Fiber optic,No,Two year,Yes,Mailed check,98.28,156.2,No
CUST-01952,Female,0,Yes,No,25,DSL,No,Month-to-month,Yes,Credit card (automatic),54.63,1079.5,No
CUST-01953,Male,0,Yes,Yes,71,Fiber optic,No,One year,Yes,Electronic check,75.31,5346.28,No
CUST-01954,Male,0,No,No,46,DSL,No,Month-to-month,No,Electronic check,52.9,2282.59,Yes
CUST-01955,Female,0,No,Yes,63,Fiber optic,No,One year,No,Mailed check,74.73,4691.24,No
CUST-01956,Male,0,Yes,No,39,No,No internet service,Two year,Yes,Electronic check,20.42,875.67,No
CUST-01957,Female,0,No,No,3,Fiber optic,No,Month-to-month,Yes,Credit card (automatic),80.58,229.76,Yes
CUST-01958,Female,0,Yes,No,13,Fiber optic,Yes,Two year,No,Mailed check,81.22,1004.11,Yes
CUST-01959,Female,0,Yes,No,6,DSL,Yes,One year,Yes,Electronic check,50.52,284.33,No
CUST-01960,Male,0,No,No,53,DSL,No,Month-to-month,No,Bank transfer (automatic),42.11,2333.52,No
CUST-01961,Female,1,No,No,55,Fiber optic,No,Month-to-month,Yes,Mailed check,92.52,4950.04,No
CUST-01962,Female,0,No,No,33,Fiber optic,Yes,Two year,Yes,Mailed check,84.85,2887.47,No
CUST-01963,Male,1,No,No,52,Fiber optic,Yes,Month-to-month,Yes,Electronic check,86.21,4362.39,No
CUST-01964,Female,0,No,Yes,40,No,No internet service,Month-to-month,Yes,Credit card (automatic),33.88,1427.45,No
CUST-01965,Female,1,No,No,54,DSL,Yes,Month-to-month,Yes,Bank transfer (automatic),59.9,3049.43,No
CUST-01966,Female,1,Yes,Yes,49,No,No internet service,Two year,No,Credit card (automatic),18.0,947.1,No
CUST-01967,Male,0,No,No,33,Fiber optic,No,Month-to-month,Yes,Bank transfer (automatic),51.72,1694.54,No
CUST-01968,Male,0,No,No,47,DSL,No,Two year,No,Mailed check,46.59,2201.32,No
CUST-01969,Female,1,Yes,Yes,23,DSL,Yes,One year,Yes,Electronic check,49.0,1242.07,No
CUST-01970,Male,0,Yes,No,54,Fiber optic,No,Month-to-month,Yes,Bank transfer (automatic),69.38,3647.99,Yes
CUST-01971,Female,0,Yes,Yes,66,DSL,Yes,Month-to-month,Yes,Electronic check,38.21,2518.85,No
CUST-01972,Female,0,Yes,Yes,15,Fiber optic,Yes,One year,Yes,Credit card (automatic),64.07,997.45,No
CUST-01973,Female,1,No,Yes,48,Fiber optic,No,Month-to-month,Yes,Electronic check,72.36,3437.4,No
CUST-01974,Male,0,Yes,Yes,8,Fiber optic,Yes,Month-to-month,No,Mailed check,66.46,617.69,No
CUST-01975,Female,0,No,No,27,Fiber optic,No,Month-to-month,Yes,Mailed check,63.38,1750.84,Yes
CUST-01976,Male,0,Yes,No,48,Fiber optic,No,Two year,Yes,Mailed check,54.51,2546.89,No
CUST-01977,Female,1,Yes,No,20,Fiber optic,Yes,One year,Yes,Bank transfer (automatic),87.53,1901.89,Yes
CUST-01978,Male,0,Yes,No,17,No,No internet service,Month-to-month,No,Credit card (automatic),18.0,373.43,No
CUST-01979,Male,0,Yes,No,28,DSL,Yes,Month-to-month,Yes,Bank transfer (automatic),54.67,1429.65,No
CUST-01980,Female,0,No,No,8,No,No internet service,Month-to-month,Yes,Credit card (automatic),28.19,123.21,No
CUST-01981,Female,1,Yes,No,45,DSL,No,One year,Yes,Mailed check,68.68,3064.26,No
CUST-01982,Female,1,Yes,Yes,9,DSL,No,Month-to-month,Yes,Mailed check,55.96,557.34,No
CUST-01983,Male,0,Yes,No,24,Fiber optic,No,Two year,Yes,Credit card (automatic),79.34,1638.55,No
CUST-01984,Female,0,Yes,No,22,DSL,No,Two year,No,Electronic check,33.92,650.18,No
CUST-01985,Female,0,No,Yes,70,DSL,No,Month-to-month,No,Electronic check,51.0,3500.7,No
CUST-01986,Female,1,No,No,72,DSL,No,Two year,Yes,Electronic check,49.55,3395.08,No
CUST-01987,Female,0,Yes,No,5,Fiber optic,Yes,One year,Yes,Bank transfer (automatic),76.25,258.64,No
CUST-01988,Male,0,No,No,11,Fiber optic,Yes,One year,Yes,Bank transfer (automatic),60.18,678.46,Yes
CUST-01989,Male,0,No,No,53,DSL,Yes,Month-to-month,No,Electronic check,42.86,2212.91,No
CUST-01990,Female,0,No,No,21,Fiber optic,Yes,Two year,No,Electronic check,72.57,1474.73,No
CUST-01991,Female,0,No,No,47,DSL,No,Month-to-month,Yes,Electronic check,60.34,2670.54,No
CUST-01992,Male,0,Yes,No,67,No,No internet service,One year,No,Mailed check,42.06,2792.4,No
CUST-01993,Male,1,No,Yes,11,DSL,No,Month-to-month,Yes,Electronic check,60.57,485.78,No
CUST-01994,Female,0,No,No,70,Fiber optic,Yes,Month-to-month,Yes,Credit card (automatic),70.92,5139.48,No
CUST-01995,Female,0,Yes,No,3,Fiber optic,No,Two year,No,Credit card (automatic),77.57,441.91,Yes
CUST-01996,Male,0,No,No,16,Fiber optic,Yes,Month-to-month,No,Bank transfer (automatic),75.34,1148.66,No
CUST-01997,Female,0,No,No,37,No,No internet service,Month-to-month,Yes,Credit card (automatic),18.0,531.31,No
CUST-01998,Female,1,Yes,No,64,DSL,No,Two year,No,Credit card (automatic),37.72,2516.63,No
CUST-01999,Male,0,No,No,40,Fiber optic,No,Month-to-month,No,Bank transfer (automatic),81.51,3331.48,No
CUST-02000,Male,0,No,Yes,10,Fiber optic,No,Two year,Yes,Bank transfer (automatic),80.53,1030.27,Yes
CUST-02001,Female,0,No,No,18,Fiber optic,No,Two year,Yes,Credit card (automatic),66.54,1454.65,Yes
CUST-02002,Male,0,No,Yes,55,Fiber optic,Yes,Month-to-month,Yes,Bank transfer (automatic),73.18,3781.68,No
CUST-02003,Male,0,No,No,40,DSL,Yes,One year,No,Mailed check,47.07,2021.84,No
CUST-02004,Male,0,No,Yes,0,DSL,Yes,Two year,Yes,Electronic check,21.62,0.0,Yes
CUST-02005,Female,0,No,No,36,DSL,Yes,Two year,Yes,Bank transfer (automatic),24.22,937.81,No
CUST-02006,Male,0,Yes,No,29,No,No internet service,Month-to-month,Yes,Credit card (automatic),30.38,974.36,No
CUST-02007,Male,0,Yes,No,0,Fiber optic,No,One year,Yes,Bank transfer (automatic),79.82,88.31,No
CUST-02008,Male,0,No,No,18,DSL,Yes,One year,No,Mailed check,46.89,964.06,No
CUST-02009,Female,1,No,No,68,Fiber optic,No,Month-to-month,Yes,Bank transfer (automatic),64.08,4290.21,No
CUST-02010,Female,0,Yes,No,51,Fiber optic,No,One year,No,Credit card (automatic),58.95,2892.1,No
CUST-02011,Male,1,No,Yes,5,Fiber optic,Yes,Month-to-month,No,Bank transfer (automatic),78.78,536.33,Yes
CUST-02012,Male,0,No,No,1,Fiber optic,Yes,Month-to-month,Yes,Mailed check,75.13,0.0,Yes
CUST-02013,Male,0,No,Yes,25,Fiber optic,No,Month-to-month,No,Mailed check,85.98,2372.87,No
CUST-02014,Female,0,Yes,No,33,DSL,No,Two year,Yes,Mailed check,42.77,1319.68,No
CUST-02015,Female,0,No,No,33,Fiber optic,Yes,Month-to-month,Yes,Credit card (automatic),76.24,2470.22,No
CUST-02016,Male,0,Yes,Yes,50,DSL,No,Month-to-month,No,Electronic check,37.16,1835.15,Yes
CUST-02017,Male,0,Yes,Yes,12,DSL,Yes,Month-to-month,Yes,Credit card (automatic),48.82,400.91,Yes
CUST-02018,Female,0,No,No,3,Fiber optic,No,Month-to-month,Yes,Electronic check,79.33,53.41,Yes
CUST-02019,Female,0,No,No,49,Fiber optic,No,Two year,Yes,Credit card (automatic),75.28,3798.16,No
CUST-02020,Male,0,Yes,No,65,No,No internet service,Month-to-month,Yes,Mailed check,26.17,1494.65,No
CUST-02021,Male,1,No,Yes,12,DSL,No,Month-to-month,No,Bank transfer (automatic),50.26,905.48,Yes
CUST-02022,Female,1,No,No,26,Fiber optic,No,Two year,Yes,Bank transfer (automatic),80.74,2087.94,Yes
CUST-02023,Female,0,Yes,No,45,No,No internet service,Month-to-month,Yes,Bank transfer (automatic),19.04,733.28,No
CUST-02024,Female,0,Yes,No,12,Fiber optic,No,Month-to-month,No,Credit card (automatic),63.77,815.67,No
CUST-02025,Male,0,No,Yes,62,No,No internet service,One year,Yes,Electronic check,18.0,820.57,No
CUST-02026,Male,0,No,No,16,No,No internet service,One year,No,Electronic check,18.0,247.97,No
CUST-02027,Female,0,Yes,No,38,No,No internet service,Month-to-month,No,Electronic check,20.16,741.44,No
CUST-02028,Female,0,No,No,24,No,No internet service,One year,No,Bank transfer (automatic),36.49,723.82,No
CUST-02029,Female,0,No,No,48,Fiber optic,No,One year,Yes,Bank transfer (automatic),62.18,2908.83,No
CUST-02030,Male,1,No,No,14,Fiber optic,Yes,One year,No,Electronic check,74.82,1230.6,No
CUST-02031,Female,0,No,No,7,No,No internet service,Month-to-month,No,Credit card (automatic),18.0,147.99,No
CUST-02032,Male,1,Yes,No,37,No,No internet service,Two year,No,Electronic check,18.0,713.94,No
CUST-02033,Male,1,Yes,Yes,63,DSL,Yes,Month-to-month,No,Mailed check,36.09,2179.25,No
CUST-02034,Female,0,Yes,Yes,46,DSL,Yes,One year,Yes,Mailed check,35.48,1473.27,No
CUST-02035,Female,0,No,No,55,DSL,No,Two year,Yes,Bank transfer (automatic),34.11,1847.12,No
CUST-02036,Female,1,No,No,31,No,No internet service,Two year,No,Electronic check,49.48,1238.97,No
CUST-02037,Female,1,No,No,10,DSL,No,One year,Yes,Credit card (automatic),46.81,336.48,No
CUST-02038,Male,0,Yes,Yes,31,DSL,No,Month-to-month,Yes,Bank transfer (automatic),32.01,842.01,No
CUST-02039,Female,0,No,Yes,72,Fiber optic,Yes,Month-to-month,Yes,Bank transfer (automatic),71.84,4927.83,No
CUST-02040,Male,0,Yes,Yes,57,DSL,No,One year,No,Electronic check,38.99,2300.34,No
CUST-02041,Male,0,Yes,No,51,No,No internet service,Month-to-month,No,Credit card (automatic),30.87,1558.71,No
CUST-02042,Female,0,Yes,No,21,Fiber optic,No,One year,No,Credit card (automatic),67.57,1344.61,No
CUST-02043,Female,0,No,No,43,DSL,Yes,One year,Yes,Mailed check,53.83,2395.21,No
CUST-02044,Female,0,Yes,No,45,DSL,No,One year,Yes,Electronic check,51.63,2126.04,No
CUST-02045,Male,0,No,Yes,47,Fiber optic,No,Month-to-month,Yes,Mailed check,66.31,2955.34,Yes
CUST-02046,Female,0,No,No,65,Fiber optic,No,Two year,No,Mailed check,54.71,3690.23,No
CUST-02047,Male,0,No,Yes,49,Fiber optic,Yes,One year,Yes,Electronic check,76.86,4039.91,Yes
CUST-02048,Female,0,Yes,No,16,DSL,Yes,Month-to-month,No,Bank transfer (automatic),43.83,783.39,Yes
CUST-02049,Female,0,No,No,16,No,No internet service,One year,Yes,Mailed check,18.0,344.59,No
CUST-02050,Female,0,No,No,45,Fiber optic,Yes,Month-to-month,No,Credit card (automatic),68.39,3007.73,No
CUST-02051,Male,0,Yes,Yes,63,Fiber optic,Yes,One year,Yes,Mailed check,68.79,4266.71,No
CUST-02052,Male,0,No,Yes,69,Fiber optic,No,Month-to-month,No,Bank transfer (automatic),72.35,5019.42,No
CUST-02053,Male,0,No,No,44,No,No internet service,One year,No,Credit card (automatic),18.0,956.75,No
CUST-02054,Female,0,Yes,Yes,38,Fiber optic,No,Month-to-month,No,Mailed check,76.03,2940.33,Yes
CUST-02055,Female,0,No,No,59,Fiber optic,Yes,Month-to-month,No,Electronic check,83.78,5057.97,No
CUST-02056,Male,0,Yes,No,71,No,No internet service,Month-to-month,Yes,Mailed check,18.0,1168.05,No
CUST-02057,Female,0,Yes,Yes,2,No,No internet service,Month-to-month,No,Mailed check,23.08,120.19,No
CUST-02058,Female,0,No,Yes,22,Fiber optic,No,Two year,No,Credit card (automatic),57.76,1190.16,Yes
CUST-02059,Male,1,Yes,Yes,24,Fiber optic,Yes,One year,Yes,Credit card (automatic),68.89,1670.18,No
CUST-02060,Male,0,Yes,No,41,Fiber optic,No,Month-to-month,Yes,Bank transfer (automatic),75.77,3180.47,No
CUST-02061,Female,0,Yes,No,21,Fiber optic,Yes,Month-to-month,Yes,Credit card (automatic),81.73,1652.58,No
CUST-02062,Female,0,Yes,No,22,DSL,No,One year,No,Electronic check,46.21,894.57,No
CUST-02063,Male,0,Yes,No,1,Fiber optic,No,Month-to-month,No,Electronic check,71.62,115.13,Yes
CUST-02064,Female,0,No,No,0,Fiber optic,No,Month-to-month,Yes,Electronic check,60.51,0.0,Yes
CUST-02065,Female,0,Yes,Yes,32,DSL,Yes,Month-to-month,No,Bank transfer (automatic),31.32,1018.58,No
CUST-02066,Female,0,Yes,Yes,72,No,No internet service,One year,Yes,Electronic check,25.27,1898.3,No
CUST-02067,Female,0,No,No,21,DSL,No,Two year,Yes,Electronic check,38.61,967.68,No
CUST-02068,Female,0,No,No,17,No,No internet service,Month-to-month,No,Credit card (automatic),28.66,566.81,No
CUST-02069,Male,0,Yes,Yes,19,DSL,Yes,Two year,Yes,Electronic check,51.49,1042.14,Yes
CUST-02070,Male,1,Yes,No,71,DSL,No,Two year,Yes,Electronic check,41.23,2867.28,Yes
CUST-02071,Male,0,Yes,No,48,DSL,No,Two year,Yes,Mailed check,25.77,1195.34,No
CUST-02072,Female,0,Yes,Yes,47,Fiber optic,No,One year,Yes,Electronic check,63.92,3058.78,No
CUST-02073,Male,0,Yes,Yes,13,Fiber optic,Yes,Two year,Yes,Electronic check,79.24,986.53,No
CUST-02074,Male,0,No,No,65,DSL,Yes,One year,Yes,Electronic check,42.78,2834.74,No
CUST-02075,Female,0,No,Yes,14,Fiber optic,Yes,Two year,Yes,Electronic check,68.82,865.61,Yes
CUST-02076,Male,0,Yes,No,70,Fiber optic,No,Month-to-month,No,Credit card (automatic),57.39,4248.82,No
CUST-02077,Male,0,No,No,69,DSL,No,One year,Yes,Mailed check,27.97,1953.17,No
CUST-02078,Male,0,Yes,No,41,DSL,No,One year,No,Bank transfer (automatic),48.01,1983.77,No
CUST-02079,Male,1,Yes,No,63,DSL,No,Month-to-month,No,Bank transfer (automatic),37.8,2323.49,No
CUST-02080,Male,0,Yes,No,72,DSL,Yes,Month-to-month,Yes,Credit card (automatic),37.55,2933.16,No
CUST-02081,Female,0,Yes,No,42,DSL,No,Month-to-month,Yes,Credit card (automatic),42.09,1617.39,No
CUST-02082,Male,0,No,Yes,56,Fiber optic,Yes,Month-to-month,Yes,Mailed check,67.71,3707.4,No
CUST-02083,Male,0,Yes,No,43,Fiber optic,Yes,Month-to-month,No,Electronic check,62.5,2789.93,No
CUST-02084,Female,0,No,No,38,No,No internet service,Month-to-month,No,Electronic check,18.0,712.76,No
CUST-02085,Male,0,Yes,No,24,Fiber optic,Yes,Month-to-month,Yes,Electronic check,68.12,1565.67,No
CUST-02086,Female,0,No,Yes,47,Fiber optic,Yes,One year,Yes,Credit card (automatic),78.0,3600.23,No
CUST-02087,Female,0,No,No,19,DSL,No,Month-to-month,Yes,Bank transfer (automatic),48.52,886.97,No
CUST-02088,Female,0,No,No,14,DSL,No,Month-to-month,No,Electronic check,51.13,728.08,No
CUST-02089,Male,0,Yes,Yes,20,Fiber optic,No,Month-to-month,Yes,Electronic check,97.45,2135.44,Yes
CUST-02090,Male,0,No,No,0,DSL,Yes,Month-to-month,Yes,Credit card (automatic),32.31,72.62,No
CUST-02091,Female,0,No,No,68,DSL,No,Month-to-month,No,Mailed check,48.36,3411.28,No
CUST-02092,Male,0,Yes,No,18,No,No internet service,Two year,No,Electronic check,18.0,271.89,Yes
CUST-02093,Female,0,No,Yes,58,DSL,Yes,Month-to-month,Yes,Credit card (automatic),51.11,3026.27,No
CUST-02094,Male,0,Yes,No,31,DSL,Yes,Month-to-month,Yes,Bank transfer (automatic),66.53,1875.86,Yes
CUST-02095,Male,1,Yes,Yes,24,No,No internet service,Month-to-month,Yes,Mailed check,30.24,747.62,No
CUST-02096,Female,0,No,No,16,DSL,No,Two year,No,Mailed check,38.25,626.16,Yes
CUST-02097,Female,0,Yes,No,59,Fiber optic,No,Month-to-month,Yes,Bank transfer (automatic),60.94,3814.03,No
CUST-02098,Female,0,Yes,Yes,37,DSL,Yes,Month-to-month,Yes,Electronic check,50.63,2060.22,Yes
CUST-02099,Female,0,Yes,No,32,Fiber optic,No,One year,Yes,Credit card (automatic),66.47,2096.03,Yes
CUST-02100,Male,0,Yes,No,48,No,No internet service,Month-to-month,No,Credit card (automatic),18.0,765.94,No
CUST-02101,Female,0,Yes,No,58,Fiber optic,Yes,Month-to-month,No,Bank transfer (automatic),78.12,4436.2,No
CUST-02102,Female,0,Yes,No,47,Fiber optic,No,Two year,No,Bank transfer (automatic),59.27,2750.33,No
CUST-02103,Male,0,No,No,34,DSL,No,Two year,No,Credit card (automatic),41.56,1569.25,No
CUST-02104,Male,0,No,No,65,Fiber optic,No,One year,No,Electronic check,73.32,4815.59,No
CUST-02105,Female,0,No,No,65,Fiber optic,Yes,Month-to-month,No,Electronic check,81.5,5359.66,No
CUST-02106,Male,0,Yes,Yes,70,DSL,No,One year,Yes,Credit card (automatic),49.21,3542.04,No
CUST-02107,Female,0,No,No,6,DSL,Yes,Two year,Yes,Electronic check,58.04,228.94,No
CUST-02108,Male,0,Yes,No,65,Fiber optic,Yes,Two year,No,Bank transfer (automatic),70.78,4515.61,No
CUST-02109,Male,0,Yes,No,14,No,No internet service,Month-to-month,No,Mailed check,27.91,453.17,No
CUST-02110,Male,0,No,No,45,No,No internet service,Month-to-month,No,Electronic check,18.0,716.53,Yes
CUST-02111,Male,0,Yes,No,48,No,No internet service,Month-to-month,Yes,Electronic check,30.54,1282.75,No
CUST-02112,Female,0,No,No,15,Fiber optic,Yes,Two year,No,Bank transfer (automatic),81.74,1096.19,Yes
CUST-02113,Female,0,No,No,0,Fiber optic,No,Month-to-month,Yes,Electronic check,79.76,126.52,Yes
CUST-02114,Female,0,No,Yes,68,No,No internet service,Month-to-month,Yes,Electronic check,33.91,2260.99,No
CUST-02115,Female,1,Yes,No,65,DSL,Yes,Month-to-month,Yes,Mailed check,47.98,3145.8,Yes
CUST-02116,Male,0,Yes,Yes,12,Fiber optic,No,Month-to-month,Yes,Electronic check,65.89,666.78,Yes
CUST-02117,Female,0,Yes,Yes,43,DSL,No,Two year,Yes,Bank transfer (automatic),35.99,1593.1,No
CUST-02118,Female,0,No,Yes,11,No,No internet service,Month-to-month,Yes,Credit card (automatic),18.0,165.65,Yes
CUST-02119,Female,0,No,No,41,No,No internet service,Month-to-month,Yes,Bank transfer (automatic),18.0,791.54,No
CUST-02120,Female,0,No,No,23,No,No internet service,One year,No,Bank transfer (automatic),35.33,755.24,No
CUST-02121,Female,0,Yes,No,54,DSL,No,One year,No,Mailed check,29.88,1674.03,No
CUST-02122,Female,0,No,Yes,41,No,No internet service,One year,No,Credit card (automatic),18.0,674.76,No
CUST-02123,Female,0,No,No,36,DSL,Yes,Two year,No,Credit card (automatic),59.28,2124.44,No
CUST-02124,Female,0,No,Yes,49,DSL,No,Month-to-month,No,Credit card (automatic),55.88,2705.52,No
CUST-02125,Female,1,No,No,34,Fiber optic,No,Month-to-month,No,Electronic check,79.71,2713.29,Yes
CUST-02126,Male,0,Yes,No,0,Fiber optic,Yes,Month-to-month,Yes,Electronic check,54.43,33.49,Yes
CUST-02127,Male,0,Yes,Yes,43,No,No internet service,One year,Yes,Electronic check,18.0,714.61,No
CUST-02128,Female,1,No,No,56,DSL,Yes,Two year,No,Electronic check,48.04,2675.89,No
CUST-02129,Male,0,Yes,No,35,Fiber optic,Yes,Month-to-month,Yes,Electronic check,76.02,2683.08,Yes
CUST-02130,Male,0,Yes,No,12,Fiber optic,Yes,One year,No,Credit card (automatic),68.31,880.64,Yes
CUST-02131,Female,0,Yes,Yes,0,DSL,No,One year,Yes,Electronic check,38.97,0.0,Yes
CUST-02132,Female,1,Yes,No,21,No,No internet service,Two year,Yes,Electronic check,22.61,368.36,No
CUST-02133,Female,0,No,No,56,DSL,No,Month-to-month,Yes,Credit card (automatic),45.92,2581.89,No
CUST-02134,Male,0,Yes,No,23,DSL,No,Month-to-month,No,Credit card (automatic),36.97,930.75,No
CUST-02135,Male,1,Yes,No,69,Fiber optic,No,One year,Yes,Electronic check,67.86,4522.36,Yes
CUST-02136,Female,0,No,Yes,24,Fiber optic,Yes,Two year,Yes,Electronic check,55.1,1163.82,No
CUST-02137,Female,1,No,No,31,No,No internet service,One year,No,Credit card (automatic),25.24,702.97,No
CUST-02138,Male,1,Yes,No,55,DSL,Yes,Two year,Yes,Credit card (automatic),42.57,2318.27,No
CUST-02139,Female,1,Yes,No,44,DSL,Yes,Month-to-month,Yes,Bank transfer (automatic),36.03,1321.69,No
CUST-02140,Male,0,Yes,Yes,2,No,No internet service,One year,No,Mailed check,18.0,104.89,Yes
CUST-02141,Female,0,Yes,Yes,5,Fiber optic,No,Month-to-month,Yes,Bank transfer (automatic),72.56,340.9,Yes
CUST-02142,Female,0,Yes,Yes,14,Fiber optic,No,Month-to-month,No,Credit card (automatic),69.68,693.39,No
CUST-02143,Female,0,Yes,No,63,DSL,No,Month-to-month,Yes,Electronic check,47.92,2885.38,No
CUST-02144,Female,0,No,No,1,No,No internet service,Month-to-month,No,Mailed check,18.0,0.0,Yes
CUST-02145,Male,1,No,No,5,Fiber optic,No,Month-to-month,No,Credit card (automatic),79.1,182.8,Yes
CUST-02146,Male,0,No,No,56,DSL,Yes,One year,No,Bank transfer (automatic),44.11,2586.62,No
CUST-02147,Male,0,Yes,Yes,45,DSL,Yes,Two year,No,Electronic check,52.86,2401.12,No
CUST-02148,Female,0,Yes,No,71,DSL,No,Month-to-month,No,Bank transfer (automatic),33.82,2482.6,Yes
CUST-02149,Female,0,No,Yes,16,DSL,No,Month-to-month,Yes,Bank transfer (automatic),35.78,449.0,No
CUST-02150,Female,0,No,Yes,48,DSL,No,Month-to-month,Yes,Electronic check,46.01,2257.84,No
CUST-02151,Male,0,No,Yes,9,DSL,Yes,Month-to-month,Yes,Mailed check,31.35,202.87,Yes
CUST-02152,Male,0,Yes,No,43,DSL,No,Month-to-month,Yes,Electronic check,33.29,1408.37,Yes
CUST-02153,Female,0,Yes,No,7,Fiber optic,Yes,One year,Yes,Credit card (automatic),89.77,670.73,No
CUST-02154,Female,0,No,No,66,Fiber optic,No,Two year,No,Electronic check,69.63,4587.17,No
CUST-02155,Female,0,No,Yes,30,Fiber optic,No,Month-to-month,Yes,Credit card (automatic),63.53,2002.91,No
CUST-02156,Male,0,Yes,Yes,18,No,No internet service,One year,Yes,Mailed check,21.35,400.99,No
CUST-02157,Male,0,No,No,71,DSL,Yes,One year,Yes,Credit card (automatic),26.97,1859.29,No
CUST-02158,Female,1,No,Yes,4,No,No internet service,Month-to-month,Yes,Credit card (automatic),26.84,208.51,No
CUST-02159,Female,0,No,No,58,No,No internet service,Month-to-month,Yes,Credit card (automatic),18.0,1170.44,No
CUST-02160,Male,0,Yes,No,37,No,No internet service,Month-to-month,No,Credit card (automatic),18.0,676.51,No
CUST-02161,Female,0,No,No,50,DSL,Yes,Month-to-month,Yes,Mailed check,41.0,2210.33,Yes
CUST-02162,Male,0,No,No,19,DSL,Yes,Two year,No,Electronic check,50.75,936.0,No
CUST-02163,Male,1,Yes,No,64,Fiber optic,Yes,Month-to-month,Yes,Electronic check,53.75,3424.65,No
CUST-02164,Female,0,No,No,32,DSL,No,Month-to-month,Yes,Bank transfer (automatic),28.07,898.77,Yes
CUST-02165,Female,0,No,No,30,DSL,Yes,Month-to-month,Yes,Mailed check,30.61,902.72,No
CUST-02166,Female,0,No,No,33,DSL,Yes,Month-to-month,Yes,Mailed check,36.49,1166.9,No
CUST-02167,Male,0,Yes,No,21,Fiber optic,Yes,Two year,Yes,Electronic check,67.58,1333.4,No
CUST-02168,Female,0,No,No,23,No,No internet service,Month-to-month,Yes,Bank transfer (automatic),21.19,368.08,No
CUST-02169,Female,0,Yes,No,10,DSL,Yes,One year,No,Electronic check,48.87,501.99,No
CUST-02170,Female,0,Yes,Yes,35,No,No internet service,Month-to-month,No,Electronic check,24.22,991.5,Yes
CUST-02171,Male,0,Yes,No,34,Fiber optic,Yes,Month-to-month,Yes,Bank transfer (automatic),78.08,2752.42,Yes
CUST-02172,Female,1,Yes,No,27,DSL,No,Month-to-month,No,Mailed check,40.38,1136.83,No
CUST-02173,Female,0,Yes,No,71,Fiber optic,No,Two year,No,Credit card (automatic),68.54,5016.24,No
CUST-02174,Female,1,No,No,8,DSL,No,Month-to-month,Yes,Bank transfer (automatic),62.47,502.07,Yes
CUST-02175,Male,0,No,Yes,66,No,No internet service,One year,Yes,Credit card (automatic),41.78,2638.82,No
CUST-02176,Female,0,Yes,Yes,63,Fiber optic,No,Month-to-month,Yes,Electronic check,71.5,4462.57,No
CUST-02177,Male,0,No,No,1,Fiber optic,Yes,One year,No,Electronic check,82.72,75.44,No
CUST-02178,Male,0,Yes,No,51,Fiber optic,Yes,One year,Yes,Bank transfer (automatic),76.11,3820.12,No
CUST-02179,Female,0,No,No,15,DSL,No,One year,Yes,Electronic check,54.06,884.11,Yes
CUST-02180,Male,1,No,No,3,No,No internet service,Month-to-month,Yes,Credit card (automatic),21.06,175.44,No
CUST-02181,Female,0,No,Yes,62,No,No internet service,Month-to-month,Yes,Credit card (automatic),40.65,2312.45,No
CUST-02182,Male,0,No,No,8,Fiber optic,Yes,Two year,Yes,Electronic check,58.53,450.78,No
CUST-02183,Female,0,No,No,21,Fiber optic,Yes,One year,Yes,Bank transfer (automatic),65.9,1035.53,No
CUST-02184,Female,0,Yes,No,7,DSL,No,Month-to-month,No,Mailed check,27.92,184.45,No
CUST-02185,Female,0,Yes,No,10,DSL,No,Month-to-month,Yes,Electronic check,33.11,318.77,Yes
CUST-02186,Male,0,Yes,Yes,4,DSL,Yes,Month-to-month,Yes,Mailed check,59.8,452.35,No
CUST-02187,Male,0,Yes,No,61,Fiber optic,Yes,Month-to-month,Yes,Bank transfer (automatic),70.49,4477.04,No
CUST-02188,Male,0,Yes,No,4,Fiber optic,No,Month-to-month,Yes,Credit card (automatic),62.35,361.28,Yes
CUST-02189,Male,0,Yes,No,55,No,No internet service,Month-to-month,No,Electronic check,18.0,874.83,No
CUST-02190,Female,0,No,No,11,DSL,No,Month-to-month,No,Bank transfer (automatic),23.88,140.58,Yes
CUST-02191,Male,0,No,No,66,DSL,Yes,One year,No,Electronic check,39.85,2498.57,No
CUST-02192,Male,0,No,No,61,DSL,Yes,Two year,Yes,Electronic check,32.98,2194.97,No
CUST-02193,Male,0,No,No,45,No,No internet service,One year,No,Bank transfer (automatic),20.28,803.35,No
CUST-02194,Male,0,Yes,No,60,Fiber optic,No,Month-to-month,No,Bank transfer (automatic),76.44,4540.13,No
CUST-02195,Female,0,Yes,No,21,Fiber optic,Yes,One year,Yes,Bank transfer (automatic),84.39,1664.22,Yes
CUST-02196,Female,1,No,No,57,Fiber optic,Yes,Month-to-month,No,Credit card (automatic),87.59,4841.65,No
CUST-02197,Male,0,No,No,16,Fiber optic,Yes,One year,No,Electronic check,76.78,1268.39,Yes
CUST-02198,Female,0,Yes,No,44,DSL,Yes,Month-to-month,No,Mailed check,27.36,1222.24,No
CUST-02199,Female,1,Yes,No,67,DSL,No,Month-to-month,Yes,Electronic check,63.82,4008.99,Yes
CUST-02200,Male,0,No,Yes,52,DSL,Yes,One year,Yes,Credit card (automatic),36.95,1765.17,No
CUST-02201,Male,0,Yes,No,19,DSL,No,Month-to-month,No,Electronic check,46.89,921.53,No
CUST-02202,Male,1,Yes,No,53,Fiber optic,No,One year,Yes,Electronic check,82.34,4355.35,No
CUST-02203,Male,1,Yes,No,64,DSL,Yes,One year,No,Bank transfer (automatic),46.51,2928.53,No
CUST-02204,Male,0,No,No,64,Fiber optic,No,Month-to-month,Yes,Mailed check,62.39,4065.64,No
CUST-02205,Male,0,No,No,53,Fiber optic,No,Month-to-month,Yes,Bank transfer (automatic),74.71,3786.47,No
CUST-02206,Female,0,No,No,53,Fiber optic,No,One year,No,Credit card (automatic),64.68,3356.64,Yes
CUST-02207,Male,1,No,No,57,No,No internet service,One year,Yes,Mailed check,41.62,2434.5,No
CUST-02208,Female,1,No,No,53,DSL,No,Two year,Yes,Mailed check,38.94,1985.9,No
CUST-02209,Male,0,Yes,No,9,Fiber optic,No,Month-to-month,No,Credit card (automatic),78.13,740.68,Yes
CUST-02210,Male,0,No,No,58,DSL,No,Two year,No,Bank transfer (automatic),61.11,3406.83,No
CUST-02211,Female,0,No,Yes,13,Fiber optic,Yes,Month-to-month,Yes,Electronic check,59.56,675.42,Yes
CUST-02212,Female,0,No,Yes,40,Fiber optic,No,Month-to-month,Yes,Credit card (automatic),84.08,3149.34,No
CUST-02213,Female,0,Yes,No,24,DSL,No,One year,No,Mailed check,28.41,434.98,No
CUST-02214,Male,0,No,No,15,DSL,Yes,Month-to-month,Yes,Credit card (automatic),48.89,676.24,Yes
CUST-02215,Male,0,No,No,20,Fiber optic,No,Month-to-month,No,Bank transfer (automatic),70.15,1457.0,No
CUST-02216,Male,0,Yes,Yes,6,Fiber optic,No,Month-to-month,No,Electronic check,60.26,347.78,Yes
CUST-02217,Male,0,Yes,No,32,Fiber optic,Yes,Two year,Yes,Credit card (automatic),60.0,2059.23,No
CUST-02218,Female,0,Yes,No,30,Fiber optic,No,Two year,Yes,Electronic check,77.5,2277.86,Yes
CUST-02219,Male,0,No,No,29,Fiber optic,No,Two year,Yes,Credit card (automatic),74.81,1915.07,No
CUST-02220,Male,0,No,No,6,Fiber optic,Yes,Month-to-month,Yes,Credit card (automatic),71.26,468.86,Yes
CUST-02221,Female,1,Yes,No,44,DSL,Yes,Month-to-month,No,Credit card (automatic),58.53,2445.9,Yes
CUST-02222,Male,0,No,No,12,Fiber optic,No,One year,No,Electronic check,60.66,743.03,Yes
CUST-02223,Male,0,Yes,No,62,Fiber optic,Yes,Month-to-month,No,Mailed check,64.76,3740.86,No
CUST-02224,Male,0,Yes,No,1,No,No internet service,Month-to-month,Yes,Electronic check,31.74,0.0,No
CUST-02225,Male,0,Yes,No,4,Fiber optic,Yes,Month-to-month,No,Mailed check,92.28,453.44,Yes
CUST-02226,Female,0,No,Yes,21,Fiber optic,Yes,One year,No,Mailed check,80.93,1769.19,No
CUST-02227,Female,0,No,No,29,No,No internet service,One year,Yes,Bank transfer (automatic),21.63,597.18,No
CUST-02228,Female,0,Yes,Yes,70,No,No internet service,Month-to-month,No,Mailed check,30.92,2158.24,No
CUST-02229,Male,0,Yes,No,38,DSL,No,Month-to-month,Yes,Credit card (automatic),67.84,2518.26,No
CUST-02230,Female,0,No,No,27,No,No internet service,One year,Yes,Electronic check,18.0,450.2,No
CUST-02231,Female,0,No,No,61,DSL,Yes,One year,No,Mailed check,35.81,2259.62,No
CUST-02232,Male,0,No,Yes,17,No,No internet service,Month-to-month,Yes,Bank transfer (automatic),18.0,216.01,No
CUST-02233,Female,0,No,Yes,65,DSL,No,Month-to-month,Yes,Electronic check,39.54,2491.87,Yes
CUST-02234,Male,0,No,Yes,29,Fiber optic,Yes,Two year,Yes,Bank transfer (automatic),89.23,2398.12,No
CUST-02235,Female,0,Yes,No,22,No,No internet service,One year,No,Bank transfer (automatic),18.0,473.6,No
CUST-02236,Female,0,No,Yes,21,DSL,Yes,One year,Yes,Bank transfer (automatic),31.03,613.25,No
CUST-02237,Male,0,Yes,Yes,0,No,No internet service,One year,No,Bank transfer (automatic),35.92,0.0,No
CUST-02238,Male,0,Yes,No,49,Fiber optic,No,Two year,No,Credit card (automatic),61.52,3113.16,No
CUST-02239,Male,1,Yes,Yes,42,DSL,No,Month-to-month,Yes,Credit card (automatic),28.3,1176.47,No
CUST-02240,Female,1,Yes,No,46,No,No internet service,Month-to-month,Yes,Electronic check,27.82,1184.1,No
CUST-02241,Male,1,No,No,47,Fiber optic,No,Month-to-month,Yes,Mailed check,55.9,2727.87,No
CUST-02242,Female,0,No,No,1,No,No internet service,One year,Yes,Credit card (automatic),30.84,0.0,No
CUST-02243,Male,0,No,No,64,No,No internet service,Month-to-month,Yes,Electronic check,18.0,957.14,No
CUST-02244,Male,0,Yes,Yes,37,DSL,No,Month-to-month,No,Mailed check,48.13,1889.29,Yes
CUST-02245,Female,0,No,No,50,DSL,Yes,Month-to-month,No,Bank transfer (automatic),41.13,1949.16,No
CUST-02246,Female,0,No,No,2,DSL,No,One year,Yes,Electronic check,46.83,449.54,Yes
CUST-02247,Female,0,Yes,No,55,Fiber optic,No,One year,Yes,Mailed check,47.71,2564.03,No
CUST-02248,Male,0,No,No,49,DSL,No,Month-to-month,Yes,Credit card (automatic),42.63,1840.47,No
CUST-02249,Male,0,No,No,26,Fiber optic,Yes,Month-to-month,Yes,Electronic check,65.82,1915.31,Yes
CUST-02250,Male,0,Yes,No,68,No,No internet service,One year,Yes,Electronic check,27.88,1882.55,No
CUST-02251,Female,0,No,No,47,DSL,Yes,Month-to-month,No,Credit card (automatic),34.64,1652.26,No
CUST-02252,Female,0,No,Yes,66,Fiber optic,No,One year,Yes,Credit card (automatic),76.81,5108.74,No
CUST-02253,Male,1,Yes,No,59,Fiber optic,Yes,Month-to-month,Yes,Bank transfer (automatic),77.02,4374.38,No
CUST-02254,Female,0,Yes,No,15,DSL,No,Two year,No,Mailed check,31.09,199.82,No
CUST-02255,Male,0,No,No,72,DSL,Yes,Month-to-month,Yes,Electronic check,33.98,2674.48,No
CUST-02256,Female,0,No,Yes,54,DSL,No,One year,No,Credit card (automatic),25.1,1161.27,No
CUST-02257,Female,0,No,No,13,Fiber optic,Yes,Month-to-month,No,Electronic check,95.23,1428.03,Yes
CUST-02258,Female,0,No,No,57,DSL,No,Month-to-month,Yes,Credit card (automatic),46.77,2722.54,Yes
CUST-02259,Male,0,No,No,31,No,No internet service,One year,Yes,Bank transfer (automatic),39.95,1252.95,No
CUST-02260,Female,0,No,No,63,No,No internet service,Month-to-month,No,Electronic check,18.0,1071.3,No
CUST-02261,Male,0,No,No,12,DSL,No,One year,Yes,Bank transfer (automatic),53.02,906.79,No
CUST-02262,Female,0,No,No,18,No,No internet service,One year,Yes,Credit card (automatic),31.22,472.32,No
CUST-02263,Male,1,Yes,No,25,No,No internet service,One year,No,Credit card (automatic),20.29,420.96,Yes
CUST-02264,Female,0,No,Yes,32,DSL,Yes,Two year,Yes,Bank transfer (automatic),42.62,1438.1,No
CUST-02265,Male,0,No,No,46,No,No internet service,Month-to-month,Yes,Electronic check,18.0,740.76,No
CUST-02266,Male,0,No,No,16,DSL,Yes,Two year,Yes,Bank transfer (automatic),50.91,686.7,No
CUST-02267,Female,0,No,No,51,Fiber optic,No,Month-to-month,Yes,Bank transfer (automatic),73.44,3732.08,No
CUST-02268,Female,0,No,No,1,DSL,No,Month-to-month,No,Bank transfer (automatic),37.7,113.84,No
CUST-02269,Male,0,Yes,Yes,24,No,No internet service,One year,No,Electronic check,18.0,651.18,No
CUST-02270,Female,0,Yes,No,48,No,No internet service,Month-to-month,No,Credit card (automatic),18.0,1107.65,No
CUST-02271,Male,0,Yes,No,19,No,No internet service,Month-to-month,Yes,Mailed check,25.14,256.42,No
CUST-02272,Male,0,Yes,No,31,No,No internet service,Month-to-month,No,Electronic check,18.0,676.77,No
CUST-02273,Male,0,Yes,No,44,DSL,No,Month-to-month,Yes,Electronic check,27.7,1094.4,No
CUST-02274,Male,1,Yes,No,18,Fiber optic,No,One year,Yes,Electronic check,55.15,874.28,Yes
CUST-02275,Male,0,Yes,Yes,70,DSL,No,Month-to-month,Yes,Mailed check,48.8,3344.96,No
CUST-02276,Male,1,Yes,No,61,DSL,Yes,Month-to-month,Yes,Electronic check,34.02,1996.54,No
CUST-02277,Male,0,No,Yes,70,DSL,No,Month-to-month,Yes,Mailed check,43.63,2919.45,Yes
CUST-02278,Male,0,No,No,36,No,No internet service,Month-to-month,Yes,Electronic check,23.92,575.8,No
CUST-02279,Male,0,Yes,No,25,Fiber optic,No,Month-to-month,Yes,Electronic check,91.72,2460.38,Yes
CUST-02280,Female,1,Yes,No,72,DSL,Yes,Month-to-month,Yes,Electronic check,55.67,4109.86,Yes
CUST-02281,Female,0,Yes,No,53,No,No internet service,Two year,No,Mailed check,27.02,1423.92,No
CUST-02282,Male,0,Yes,Yes,57,No,No internet service,One year,Yes,Mailed check,18.0,903.74,No
CUST-02283,Male,0,Yes,No,13,DSL,No,Month-to-month,No,Mailed check,47.43,758.67,No
CUST-02284,Female,0,Yes,No,63,Fiber optic,No,Month-to-month,Yes,Bank transfer (automatic),81.76,5137.12,No
CUST-02285,Female,0,Yes,No,38,Fiber optic,Yes,Month-to-month,Yes,Mailed check,75.53,2794.99,Yes
CUST-02286,Female,0,No,No,56,Fiber optic,Yes,Month-to-month,Yes,Bank transfer (automatic),69.72,3700.89,No
CUST-02287,Female,0,No,No,60,Fiber optic,Yes,Month-to-month,Yes,Electronic check,74.88,4551.26,Yes
CUST-02288,Female,1,No,No,7,Fiber optic,Yes,Two year,Yes,Mailed check,73.62,469.09,No
CUST-02289,Female,0,Yes,No,7,DSL,Yes,One year,Yes,Electronic check,46.0,347.22,No
CUST-02290,Male,0,Yes,No,4,Fiber optic,Yes,Month-to-month,Yes,Mailed check,57.93,245.84,Yes
CUST-02291,Male,0,No,No,46,DSL,Yes,Month-to-month,Yes,Bank transfer (automatic),59.42,2803.49,Yes
CUST-02292,Male,0,Yes,No,66,DSL,No,One year,Yes,Credit card (automatic),41.27,2743.82,No
CUST-02293,Male,0,No,No,2,DSL,No,Two year,No,Mailed check,52.15,61.64,No
CUST-02294,Female,1,No,Yes,10,Fiber optic,Yes,Month-to-month,Yes,Mailed check,62.34,683.89,Yes
CUST-02295,Female,0,No,No,35,Fiber optic,Yes,Two year,No,Electronic check,63.82,2341.75,No
CUST-02296,Female,0,Yes,No,28,Fiber optic,No,Month-to-month,Yes,Credit card (automatic),84.64,2549.44,Yes
CUST-02297,Male,0,No,No,7,DSL,Yes,One year,Yes,Electronic check,61.9,292.79,Yes
CUST-02298,Male,0,Yes,No,44,No,No internet service,Month-to-month,Yes,Electronic check,18.0,919.42,No
CUST-02299,Male,0,Yes,No,66,DSL,No,One year,No,Electronic check,47.71,2952.28,No
CUST-02300,Female,0,Yes,Yes,15,Fiber optic,No,Month-to-month,Yes,Credit card (automatic),83.86,1373.62,Yes
CUST-02301,Male,1,No,Yes,0,DSL,Yes,Month-to-month,No,Credit card (automatic),39.43,0.0,No
CUST-02302,Male,0,No,No,16,Fiber optic,No,One year,No,Electronic check,49.49,886.82,Yes
CUST-02303,Female,0,Yes,No,13,Fiber optic,Yes,One year,Yes,Electronic check,59.07,941.03,Yes
CUST-02304,Female,0,Yes,No,34,Fiber optic,Yes,One year,Yes,Bank transfer (automatic),71.99,2469.18,No
CUST-02305,Female,0,No,No,7,No,No internet service,Month-to-month,Yes,Electronic check,29.28,199.28,No
CUST-02306,Male,1,No,No,26,Fiber optic,No,One year,Yes,Electronic check,58.65,1513.09,Yes
CUST-02307,Male,0,Yes,Yes,8,Fiber optic,No,Month-to-month,No,Mailed check,51.46,355.21,Yes
CUST-02308,Male,1,Yes,Yes,49,Fiber optic,No,One year,No,Mailed check,79.61,4035.82,No
CUST-02309,Male,0,No,No,34,No,No internet service,Month-to-month,Yes,Mailed check,18.0,599.07,No
CUST-02310,Female,0,No,Yes,5,No,No internet service,Month-to-month,Yes,Bank transfer (automatic),18.0,0.0,Yes
CUST-02311,Male,1,No,No,3,Fiber optic,Yes,Month-to-month,Yes,Bank transfer (automatic),82.98,355.04,No
CUST-02312,Male,0,Yes,No,35,Fiber optic,No,Two year,No,Mailed check,90.09,3252.95,No
CUST-02313,Female,0,Yes,Yes,43,No,No internet service,One year,Yes,Electronic check,38.49,1660.24,No
CUST-02314,Male,0,Yes,Yes,12,No,No internet service,Month-to-month,No,Electronic check,18.0,121.41,Yes
CUST-02315,Male,0,Yes,Yes,23,DSL,No,One year,Yes,Credit card (automatic),40.21,785.6,No
CUST-02316,Male,0,No,No,44,No,No internet service,Month-to-month,No,Electronic check,27.96,1136.0,Yes
CUST-02317,Male,0,Yes,No,34,Fiber optic,Yes,Month-to-month,Yes,Mailed check,69.62,2390.94,Yes
CUST-02318,Male,0,No,No,8,Fiber optic,No,Month-to-month,Yes,Electronic check,57.08,235.42,Yes
CUST-02319,Female,1,No,No,28,Fiber optic,Yes,One year,No,Electronic check,67.76,1948.21,No
CUST-02320,Female,0,No,No,14,DSL,Yes,Two year,No,Mailed check,60.39,854.17,No
CUST-02321,Male,0,No,No,67,No,No internet service,Two year,Yes,Electronic check,24.57,1800.66,No
CUST-02322,Male,0,No,Yes,58,Fiber optic,Yes,Month-to-month,No,Bank transfer (automatic),68.23,4041.49,No
CUST-02323,Male,0,Yes,No,22,DSL,Yes,Month-to-month,Yes,Mailed check,37.49,738.01,Yes
CUST-02324,Female,0,Yes,No,17,Fiber optic,No,Two year,Yes,Credit card (automatic),69.28,974.85,Yes
CUST-02325,Female,0,Yes,No,9,DSL,Yes,Month-to-month,Yes,Bank transfer (automatic),57.32,417.33,No
CUST-02326,Female,0,No,No,53,Fiber optic,Yes,One year,Yes,Electronic check,83.81,4607.68,No
CUST-02327,Male,0,No,Yes,67,Fiber optic,No,Two year,No,Credit card (automatic),82.94,5592.3,No
CUST-02328,Male,0,Yes,No,19,Fiber optic,Yes,Month-to-month,Yes,Credit card (automatic),60.54,1221.94,Yes
CUST-02329,Male,0,Yes,Yes,46,DSL,Yes,Month-to-month,Yes,Electronic check,48.11,2137.56,No
CUST-02330,Male,0,Yes,No,17,DSL,No,Two year,No,Bank transfer (automatic),59.47,1069.16,No
CUST-02331,Male,0,Yes,No,66,DSL,Yes,One year,Yes,Bank transfer (automatic),42.09,2595.52,No
CUST-02332,Female,0,No,No,21,Fiber optic,No,Two year,Yes,Bank transfer (automatic),59.37,1358.99,Yes
CUST-02333,Male,0,Yes,Yes,7,No,No internet service,One year,Yes,Electronic check,31.24,80.03,No
CUST-02334,Female,0,No,No,64,Fiber optic,No,Month-to-month,No,Electronic check,69.38,4203.39,No
CUST-02335,Female,0,No,No,69,Fiber optic,Yes,One year,Yes,Electronic check,71.22,5185.66,No
CUST-02336,Female,1,Yes,No,28,DSL,Yes,One year,No,Electronic check,50.25,1423.19,No
CUST-02337,Male,0,Yes,No,66,DSL,No,Two year,No,Mailed check,48.26,3198.02,No
CUST-02338,Female,0,No,No,17,No,No internet service,Month-to-month,No,Credit card (automatic),18.0,81.61,No
CUST-02339,Male,0,No,No,19,Fiber optic,No,Month-to-month,No,Mailed check,66.78,1343.53,Yes
CUST-02340,Male,0,Yes,No,39,DSL,No,Month-to-month,Yes,Mailed check,52.74,2163.18,No
CUST-02341,Male,0,Yes,No,43,Fiber optic,No,Month-to-month,No,Electronic check,74.39,3174.85,Yes
CUST-02342,Male,0,No,Yes,28,Fiber optic,Yes,Two year,Yes,Mailed check,64.37,1909.15,No
CUST-02343,Female,1,No,No,58,DSL,No,Two year,Yes,Credit card (automatic),38.25,2358.96,No
CUST-02344,Female,0,No,No,57,DSL,No,Month-to-month,Yes,Credit card (automatic),36.36,2135.61,No
CUST-02345,Female,0,No,Yes,8,Fiber optic,Yes,Two year,No,Mailed check,81.54,392.37,No
CUST-02346,Male,0,No,No,72,DSL,No,Month-to-month,Yes,Mailed check,36.88,2517.17,No
CUST-02347,Male,0,Yes,Yes,11,Fiber optic,Yes,Two year,No,Electronic check,64.31,909.84,No
CUST-02348,Female,0,No,No,38,No,No internet service,One year,No,Credit card (automatic),22.72,873.25,Yes
CUST-02349,Male,0,Yes,Yes,30,No,No internet service,One year,Yes,Electronic check,18.0,550.43,No
CUST-02350,Female,1,No,No,32,Fiber optic,Yes,One year,Yes,Mailed check,83.52,2572.84,Yes
CUST-02351,Female,0,No,No,9,DSL,No,One year,Yes,Mailed check,32.76,218.34,No
CUST-02352,Female,0,No,Yes,25,Fiber optic,Yes,Two year,Yes,Electronic check,65.29,1775.37,Yes
CUST-02353,Female,0,No,No,2,DSL,Yes,Month-to-month,No,Electronic check,38.47,256.76,No
CUST-02354,Male,0,No,No,71,No,No internet service,Two year,Yes,Credit card (automatic),18.0,1373.67,No
CUST-02355,Male,1,No,No,10,Fiber optic,No,Month-to-month,Yes,Electronic check,78.61,852.29,No
CUST-02356,Male,0,No,Yes,35,Fiber optic,Yes,Month-to-month,Yes,Electronic check,73.56,2649.79,Yes
CUST-02357,Male,0,No,No,15,Fiber optic,No,One year,Yes,Electronic check,69.17,1029.11,No
CUST-02358,Male,0,Yes,No,12,DSL,No,One year,Yes,Electronic check,40.71,344.08,No
CUST-02359,Female,1,Yes,No,28,Fiber optic,No,Two year,Yes,Credit card (automatic),62.16,1570.1,No
CUST-02360,Male,0,No,No,70,No,No internet service,Month-to-month,No,Bank transfer (automatic),18.0,1417.77,No
CUST-02361,Female,0,No,No,34,DSL,Yes,Month-to-month,Yes,Credit card (automatic),33.03,1119.07,No
CUST-02362,Female,0,No,No,70,DSL,No,Month-to-month,Yes,Credit card (automatic),62.59,4438.55,No
CUST-02363,Female,0,No,Yes,60,No,No internet service,Two year,Yes,Bank transfer (automatic),25.19,1536.69,No
CUST-02364,Male,0,Yes,No,31,Fiber optic,No,Two year,No,Mailed check,87.44,2742.02,No
CUST-02365,Female,0,Yes,No,65,DSL,No,Two year,No,Mailed check,45.32,2987.19,No
CUST-02366,Male,0,No,No,25,DSL,No,Month-to-month,Yes,Bank transfer (automatic),44.97,1207.94,No
CUST-02367,Male,0,Yes,Yes,36,Fiber optic,No,Two year,Yes,Bank transfer (automatic),62.78,2167.97,No
CUST-02368,Male,1,No,No,49,Fiber optic,No,Month-to-month,No,Bank transfer (automatic),67.82,3465.07,No
CUST-02369,Male,0,No,No,43,Fiber optic,No,Two year,No,Mailed check,84.75,3555.72,Yes
CUST-02370,Male,0,No,No,60,DSL,Yes,One year,No,Bank transfer (automatic),58.02,3509.94,No
CUST-02371,Male,1,Yes,No,11,Fiber optic,Yes,Month-to-month,No,Electronic check,75.48,688.32,No
CUST-02372,Female,0,No,No,36,Fiber optic,No,One year,Yes,Mailed check,54.39,1938.04,No
CUST-02373,Male,1,Yes,No,48,No,No internet service,One year,Yes,Mailed check,18.0,784.82,No
CUST-02374,Male,0,Yes,Yes,24,Fiber optic,No,Month-to-month,No,Mailed check,57.6,1385.31,Yes
CUST-02375,Female,1,Yes,No,63,Fiber optic,No,Month-to-month,Yes,Mailed check,68.45,4400.6,No
CUST-02376,Female,0,Yes,No,22,No,No internet service,One year,Yes,Bank transfer (automatic),20.06,450.45,No
CUST-02377,Female,0,No,No,21,DSL,No,Two year,No,Bank transfer (automatic),49.72,1279.42,No
CUST-02378,Male,0,No,Yes,23,DSL,Yes,One year,No,Electronic check,47.38,1185.25,No
CUST-02379,Female,0,Yes,Yes,49,DSL,Yes,Month-to-month,Yes,Mailed check,37.63,1816.46,No
CUST-02380,Female,1,No,No,8,DSL,No,One year,No,Electronic check,37.09,286.39,No
CUST-02381,Male,0,No,Yes,10,No,No internet service,Month-to-month,Yes,Electronic check,18.0,225.33,No
CUST-02382,Male,0,No,Yes,56,DSL,No,Month-to-month,No,Electronic check,39.18,2278.6,No
CUST-02383,Female,0,No,Yes,15,No,No internet service,Month-to-month,No,Bank transfer (automatic),25.24,230.51,No
CUST-02384,Male,0,No,No,7,DSL,Yes,Month-to-month,No,Credit card (automatic),58.4,485.2,Yes
CUST-02385,Male,0,Yes,No,19,Fiber optic,No,Month-to-month,No,Electronic check,66.85,1125.18,No
CUST-02386,Female,0,Yes,No,29,Fiber optic,Yes,Month-to-month,No,Credit card (automatic),68.71,2057.37,Yes
CUST-02387,Female,0,No,No,2,DSL,No,Month-to-month,No,Mailed check,24.99,181.99,Yes
CUST-02388,Female,1,No,No,60,Fiber optic,Yes,One year,Yes,Credit card (automatic),60.38,3658.77,No
CUST-02389,Female,0,No,No,8,Fiber optic,No,Month-to-month,Yes,Mailed check,75.22,322.67,Yes
CUST-02390,Female,0,Yes,Yes,29,Fiber optic,No,Month-to-month,Yes,Bank transfer (automatic),65.51,1685.91,Yes
CUST-02391,Male,0,Yes,No,14,No,No internet service,Month-to-month,Yes,Mailed check,18.0,319.53,No
CUST-02392,Male,0,No,Yes,21,No,No internet service,One year,No,Electronic check,26.51,262.26,No
CUST-02393,Female,0,Yes,No,3,Fiber optic,No,Two year,Yes,Electronic check,79.28,311.03,Yes
CUST-02394,Male,0,No,Yes,69,No,No internet service,Month-to-month,No,Bank transfer (automatic),18.0,1360.18,No
CUST-02395,Male,0,No,Yes,68,DSL,Yes,One year,Yes,Credit card (automatic),55.16,3887.1,No
CUST-02396,Female,0,Yes,No,9,DSL,No,Two year,Yes,Bank transfer (automatic),29.52,236.7,No
CUST-02397,Female,0,Yes,Yes,14,Fiber optic,No,One year,Yes,Bank transfer (automatic),68.33,1009.24,No
CUST-02398,Male,0,Yes,Yes,64,Fiber optic,No,Month-to-month,Yes,Electronic check,64.51,4153.71,No
CUST-02399,Male,0,Yes,Yes,30,Fiber optic,Yes,Month-to-month,Yes,Bank transfer (automatic),76.07,2105.36,No
CUST-02400,Female,0,No,No,4,Fiber optic,Yes,Month-to-month,Yes,Credit card (automatic),68.12,361.88,Yes
CUST-02401,Male,0,No,Yes,9,No,No internet service,Month-to-month,Yes,Mailed check,18.0,328.86,No
CUST-02402,Female,0,Yes,Yes,30,DSL,No,Month-to-month,No,Mailed check,32.96,1071.53,No
CUST-02403,Female,0,No,Yes,40,No,No internet service,Two year,Yes,Electronic check,20.99,779.26,No
CUST-02404,Female,0,Yes,No,46,Fiber optic,No,Month-to-month,No,Electronic check,57.36,2727.35,No
CUST-02405,Male,0,Yes,Yes,11,Fiber optic,Yes,Month-to-month,No,Electronic check,59.57,810.99,No
CUST-02406,Female,0,No,Yes,27,DSL,Yes,Two year,Yes,Bank transfer (automatic),31.58,992.61,No
CUST-02407,Male,1,No,No,19,DSL,No,One year,Yes,Credit card (automatic),41.14,904.88,No
CUST-02408,Female,0,No,No,39,Fiber optic,Yes,Month-to-month,No,Electronic check,80.51,2948.87,No
CUST-02409,Male,0,Yes,Yes,23,Fiber optic,No,Two year,No,Credit card (automatic),72.52,1715.75,No
CUST-02410,Male,0,No,Yes,14,Fiber optic,No,Month-to-month,Yes,Credit card (automatic),82.2,1228.28,No
CUST-02411,Female,0,Yes,Yes,59,DSL,No,Month-to-month,No,Bank transfer (automatic),49.58,3049.86,No
CUST-02412,Male,0,No,No,41,Fiber optic,No,Month-to-month,Yes,Credit card (automatic),76.45,3196.32,No
CUST-02413,Female,1,No,Yes,34,Fiber optic,No,Month-to-month,Yes,Credit card (automatic),73.45,2683.53,No
CUST-02414,Female,0,No,No,9,No,No internet service,Two year,Yes,Electronic check,19.95,0.0,Yes
CUST-02415,Male,0,Yes,No,5,Fiber optic,No,Month-to-month,No,Credit card (automatic),73.71,435.55,No
CUST-02416,Male,0,Yes,No,58,Fiber optic,Yes,Two year,Yes,Mailed check,74.58,4383.12,No
CUST-02417,Female,0,No,Yes,70,Fiber optic,Yes,Month-to-month,Yes,Electronic check,73.81,5275.03,No
CUST-02418,Male,0,Yes,No,42,Fiber optic,No,Two year,Yes,Electronic check,76.35,3391.75,No
CUST-02419,Male,0,No,No,2,Fiber optic,Yes,Month-to-month,Yes,Bank transfer (automatic),79.28,51.97,Yes
CUST-02420,Male,0,No,No,35,DSL,No,Two year,Yes,Credit card (automatic),44.24,1729.42,No
CUST-02421,Male,1,No,Yes,20,No,No internet service,Month-to-month,Yes,Mailed check,18.0,457.79,Yes
CUST-02422,Female,0,Yes,No,3,Fiber optic,Yes,Two year,No,Bank transfer (automatic),58.74,153.76,No
CUST-02423,Male,1,No,No,10,Fiber optic,No,Two year,No,Electronic check,79.51,686.04,No
CUST-02424,Female,0,Yes,No,36,Fiber optic,No,One year,Yes,Credit card (automatic),61.61,2241.52,No
CUST-02425,Male,0,Yes,No,31,Fiber optic,No,Month-to-month,Yes,Electronic check,69.93,2202.11,Yes
CUST-02426,Female,0,No,No,41,DSL,Yes,One year,Yes,Bank transfer (automatic),62.88,2619.02,No
CUST-02427,Male,0,Yes,No,50,DSL,Yes,One year,No,Bank transfer (automatic),28.84,1366.77,No
CUST-02428,Male,1,No,No,19,DSL,Yes,Month-to-month,Yes,Electronic check,25.91,565.41,No
CUST-02429,Female,0,No,No,20,DSL,No,One year,No,Credit card (automatic),28.38,518.94,No
CUST-02430,Male,1,No,No,49,DSL,Yes,Two year,Yes,Credit card (automatic),50.74,2632.25,No
CUST-02431,Male,0,No,Yes,14,Fiber optic,No,Two year,Yes,Mailed check,90.76,1475.86,No
CUST-02432,Female,0,No,Yes,5,DSL,Yes,Month-to-month,Yes,Bank transfer (automatic),30.22,53.59,No
CUST-02433,Male,0,Yes,No,62,No,No internet service,Month-to-month,No,Credit card (automatic),18.0,1123.19,No
CUST-02434,Male,0,No,No,15,No,No internet service,Month-to-month,Yes,Electronic check,25.16,494.06,Yes
CUST-02435,Male,1,Yes,Yes,8,DSL,No,One year,Yes,Electronic check,50.11,433.99,No
CUST-02436,Female,0,No,No,53,Fiber optic,Yes,Two year,Yes,Bank transfer (automatic),47.85,2373.75,No
CUST-02437,Female,0,No,No,38,Fiber optic,Yes,Month-to-month,No,Mailed check,69.67,2751.24,No
CUST-02438,Female,0,No,No,10,No,No internet service,Month-to-month,Yes,Bank transfer (automatic),18.0,107.31,No
CUST-02439,Female,0,Yes,Yes,62,Fiber optic,No,Month-to-month,No,Bank transfer (automatic),76.53,4768.92,No
CUST-02440,Male,0,Yes,No,17,Fiber optic,No,Month-to-month,No,Bank transfer (automatic),67.26,1024.13,No
CUST-02441,Male,0,Yes,No,49,DSL,Yes,Two year,Yes,Electronic check,45.05,2302.8,No
CUST-02442,Male,0,Yes,Yes,47,No,No internet service,One year,Yes,Electronic check,30.99,1406.0,Yes
CUST-02443,Male,0,Yes,No,60,DSL,No,Month-to-month,Yes,Electronic check,40.12,2515.25,No
CUST-02444,Male,1,Yes,No,53,No,No internet service,Month-to-month,No,Mailed check,18.0,928.21,No
CUST-02445,Female,0,Yes,No,51,DSL,Yes,Month-to-month,No,Bank transfer (automatic),22.78,1104.03,No
CUST-02446,Female,0,No,No,3,Fiber optic,Yes,One year,No,Credit card (automatic),65.0,244.47,No
CUST-02447,Female,0,Yes,Yes,68,Fiber optic,Yes,One year,Yes,Mailed check,89.92,5985.64,No
CUST-02448,Female,1,No,Yes,9,DSL,No,Month-to-month,No,Bank transfer (automatic),39.66,572.73,Yes
CUST-02449,Female,0,Yes,Yes,18,DSL,No,Month-to-month,Yes,Electronic check,35.88,668.11,Yes
CUST-02450,Male,0,No,Yes,32,DSL,No,Two year,No,Mailed check,53.39,1640.53,No
CUST-02451,Female,0,Yes,No,21,Fiber optic,No,Two year,Yes,Credit card (automatic),76.57,1560.05,Yes
CUST-02452,Female,0,No,Yes,43,Fiber optic,Yes,One year,Yes,Electronic check,85.15,3663.56,No
CUST-02453,Male,0,No,No,3,DSL,Yes,Month-to-month,No,Credit card (automatic),36.52,229.06,Yes
CUST-02454,Male,0,No,Yes,33,Fiber optic,No,Two year,Yes,Electronic check,67.87,2132.37,No
CUST-02455,Female,0,Yes,Yes,25,DSL,Yes,One year,No,Mailed check,56.68,1372.75,No
CUST-02456,Male,0,No,Yes,47,Fiber optic,Yes,Two year,Yes,Bank transfer (automatic),69.01,3237.53,No
CUST-02457,Female,0,Yes,No,37,Fiber optic,No,Month-to-month,No,Bank transfer (automatic),60.18,2411.76,Yes
CUST-02458,Female,0,Yes,No,55,No,No internet service,Month-to-month,Yes,Bank transfer (automatic),18.0,1109.9,No
CUST-02459,Male,0,Yes,No,12,No,No internet service,Month-to-month,Yes,Credit card (automatic),18.0,406.82,No
CUST-02460,Male,0,No,Yes,69,DSL,No,Two year,Yes,Credit card (automatic),48.81,3371.61,No
CUST-02461,Male,0,Yes,No,28,DSL,Yes,One year,No,Bank transfer (automatic),30.08,1014.17,No
CUST-02462,Male,0,No,No,25,No,No internet service,Month-to-month,No,Mailed check,24.0,752.07,No
CUST-02463,Male,0,Yes,No,40,DSL,Yes,Two year,Yes,Mailed check,40.51,1704.01,No
CUST-02464,Female,0,Yes,Yes,11,DSL,No,Two year,Yes,Bank transfer (automatic),37.75,508.49,No
CUST-02465,Male,0,Yes,Yes,59,DSL,Yes,Month-to-month,Yes,Bank transfer (automatic),46.54,2674.51,No
CUST-02466,Male,0,Yes,Yes,19,Fiber optic,No,One year,No,Mailed check,67.85,1508.55,No
CUST-02467,Male,0,No,No,67,Fiber optic,No,One year,No,Mailed check,75.64,5038.46,No
CUST-02468,Female,0,No,No,10,No,No internet service,Month-to-month,No,Electronic check,39.19,459.06,No
CUST-02469,Male,1,No,No,63,Fiber optic,No,One year,Yes,Electronic check,67.94,4361.42,No
CUST-02470,Male,0,Yes,No,28,DSL,No,Month-to-month,Yes,Mailed check,43.09,1041.96,No
CUST-02471,Female,0,Yes,No,44,Fiber optic,Yes,Two year,Yes,Credit card (automatic),66.09,2901.83,No
CUST-02472,Male,0,No,No,63,Fiber optic,Yes,Two year,No,Bank transfer (automatic),86.29,5460.67,No
CUST-02473,Male,0,Yes,Yes,9,DSL,No,Two year,Yes,Credit card (automatic),50.73,442.96,No
CUST-02474,Male,0,Yes,No,25,No,No internet service,One year,Yes,Bank transfer (automatic),18.0,445.29,No
CUST-02475,Male,0,No,Yes,69,Fiber optic,Yes,Month-to-month,No,Electronic check,61.36,4412.96,No
CUST-02476,Male,1,Yes,Yes,10,Fiber optic,Yes,Month-to-month,Yes,Bank transfer (automatic),59.88,499.54,Yes
CUST-02477,Female,0,Yes,Yes,7,No,No internet service,One year,Yes,Credit card (automatic),27.45,39.9,No
CUST-02478,Male,0,Yes,No,38,Fiber optic,Yes,Month-to-month,Yes,Bank transfer (automatic),77.39,2870.44,No
CUST-02479,Male,0,No,No,1,Fiber optic,Yes,One year,No,Mailed check,65.51,154.82,Yes
CUST-02480,Male,0,Yes,No,72,Fiber optic,No,Month-to-month,No,Bank transfer (automatic),63.33,4660.76,No
CUST-02481,Female,1,No,Yes,65,No,No internet service,Month-to-month,Yes,Electronic check,23.73,1615.17,No
CUST-02482,Female,0,Yes,No,13,No,No internet service,Month-to-month,Yes,Electronic check,18.0,343.42,No
CUST-02483,Male,0,Yes,Yes,12,Fiber optic,No,One year,Yes,Electronic check,57.09,715.8,No
CUST-02484,Male,0,Yes,No,56,DSL,Yes,Month-to-month,No,Mailed check,52.17,2859.36,No
CUST-02485,Male,0,No,No,38,No,No internet service,One year,Yes,Credit card (automatic),21.4,699.78,No
CUST-02486,Male,0,Yes,No,60,No,No internet service,Month-to-month,Yes,Electronic check,18.98,987.35,No
CUST-02487,Male,0,No,No,70,Fiber optic,Yes,One year,Yes,Electronic check,76.9,5355.74,No
CUST-02488,Male,1,Yes,No,29,No,No internet service,One year,No,Bank transfer (automatic),18.0,616.6,Yes
CUST-02489,Female,0,Yes,No,18,Fiber optic,No,One year,Yes,Credit card (automatic),59.78,1104.47,No
CUST-02490,Male,0,Yes,Yes,45,Fiber optic,Yes,Month-to-month,Yes,Mailed check,78.67,3542.9,Yes
CUST-02491,Male,0,No,No,46,Fiber optic,No,Month-to-month,Yes,Mailed check,72.04,3187.19,Yes
CUST-02492,Male,0,Yes,Yes,31,DSL,Yes,Month-to-month,No,Mailed check,47.91,1794.72,No
CUST-02493,Female,0,No,No,21,Fiber optic,Yes,One year,No,Bank transfer (automatic),63.21,1228.35,Yes
CUST-02494,Female,0,No,No,19,Fiber optic,No,Month-to-month,No,Credit card (automatic),67.54,1297.73,No
CUST-02495,Male,0,No,No,38,DSL,Yes,Two year,Yes,Electronic check,38.93,1599.7,No
CUST-02496,Male,0,No,No,31,DSL,Yes,Two year,Yes,Credit card (automatic),51.72,1608.4,No
CUST-02497,Female,1,No,Yes,33,Fiber optic,Yes,Month-to-month,Yes,Bank transfer (automatic),79.19,2516.44,Yes
CUST-02498,Female,0,No,No,6,Fiber optic,Yes,Two year,No,Bank transfer (automatic),84.13,601.82,No
CUST-02499,Male,0,Yes,Yes,64,No,No internet service,One year,No,Electronic check,29.34,1717.01,No
CUST-02500,Female,0,No,No,51,DSL,No,Month-to-month,Yes,Credit card (automatic),46.26,2568.31,No
CUST-02501,Female,0,No,No,67,No,No internet service,One year,Yes,Mailed check,18.0,1239.87,Yes
CUST-02502,Male,0,Yes,No,60,DSL,No,Two year,Yes,Mailed check,47.25,2804.59,No
CUST-02503,Female,0,No,Yes,45,DSL,Yes,Month-to-month,No,Mailed check,47.43,1964.38,No
CUST-02504,Male,0,No,Yes,22,Fiber optic,Yes,Month-to-month,Yes,Electronic check,84.08,1711.52,Yes
CUST-02505,Male,1,Yes,No,47,Fiber optic,No,One year,Yes,Electronic check,67.59,3170.48,No
CUST-02506,Male,0,No,Yes,41,Fiber optic,No,Month-to-month,Yes,Electronic check,78.7,3453.83,Yes
CUST-02507,Male,0,Yes,Yes,67,DSL,No,One year,Yes,Electronic check,52.83,3567.57,No
CUST-02508,Female,0,Yes,No,16,DSL,Yes,One year,Yes,Mailed check,24.51,433.81,No
CUST-02509,Male,1,Yes,No,1,Fiber optic,No,One year,No,Bank transfer (automatic),63.95,110.28,No
CUST-02510,Male,0,No,Yes,9,DSL,No,Month-to-month,No,Bank transfer (automatic),48.12,716.77,Yes
CUST-02511,Male,1,Yes,No,12,DSL,No,Month-to-month,Yes,Bank transfer (automatic),49.76,544.15,No
CUST-02512,Female,1,No,No,48,DSL,No,Two year,Yes,Electronic check,42.15,2211.06,No
CUST-02513,Female,0,Yes,No,10,DSL,No,Month-to-month,No,Mailed check,37.76,329.77,No
CUST-02514,Female,0,Yes,Yes,9,Fiber optic,Yes,Month-to-month,No,Bank transfer (automatic),52.09,384.38,No
CUST-02515,Male,0,No,Yes,28,DSL,Yes,Month-to-month,No,Bank transfer (automatic),43.86,1218.53,Yes
CUST-02516,Female,0,Yes,Yes,57,Fiber optic,Yes,Month-to-month,No,Electronic check,71.49,4064.78,No
CUST-02517,Female,0,No,No,30,Fiber optic,Yes,Month-to-month,No,Credit card (automatic),51.49,1612.14,Yes
CUST-02518,Female,0,Yes,No,19,Fiber optic,Yes,Month-to-month,No,Credit card (automatic),65.07,957.45,Yes
CUST-02519,Male,0,No,Yes,20,Fiber optic,No,One year,Yes,Credit card (automatic),81.4,1645.74,No
CUST-02520,Female,0,No,Yes,59,Fiber optic,No,One year,Yes,Bank transfer (automatic),92.93,5411.02,Yes
CUST-02521,Male,1,Yes,No,31,No,No internet service,Two year,Yes,Mailed check,20.59,551.42,No
CUST-02522,Male,0,Yes,No,26,DSL,No,Two year,No,Credit card (automatic),40.55,898.81,No
CUST-02523,Male,0,Yes,No,56,No,No internet service,Month-to-month,No,Credit card (automatic),21.43,1156.3,Yes
CUST-02524,Male,1,No,Yes,26,DSL,No,Month-to-month,No,Credit card (automatic),35.39,858.15,No
CUST-02525,Male,0,No,Yes,26,Fiber optic,No,Two year,Yes,Credit card (automatic),60.78,1529.08,No
CUST-02526,Male,0,Yes,No,54,Fiber optic,No,Month-to-month,Yes,Credit card (automatic),81.01,4177.91,No
CUST-02527,Male,0,Yes,Yes,23,DSL,No,Month-to-month,No,Bank transfer (automatic),50.26,1167.76,Yes
CUST-02528,Female,1,No,Yes,37,DSL,Yes,Month-to-month,No,Electronic check,31.27,1061.99,Yes
CUST-02529,Male,0,Yes,No,48,DSL,No,One year,No,Mailed check,44.99,1963.32,No
CUST-02530,Female,0,No,No,14,DSL,No,Month-to-month,Yes,Bank transfer (automatic),43.13,538.04,No
CUST-02531,Female,0,No,Yes,9,Fiber optic,No,Month-to-month,No,Bank transfer (automatic),62.9,473.21,Yes
CUST-02532,Female,0,Yes,No,62,DSL,No,Month-to-month,No,Mailed check,48.55,3015.04,No
CUST-02533,Female,0,No,No,21,No,No internet service,One year,No,Mailed check,20.41,361.23,No
CUST-02534,Male,0,Yes,Yes,24,No,No internet service,Month-to-month,No,Credit card (automatic),33.47,629.34,Yes
CUST-02535,Female,1,Yes,No,43,DSL,No,One year,No,Mailed check,58.0,2387.4,No
CUST-02536,Female,0,No,Yes,7,DSL,No,Month-to-month,Yes,Electronic check,57.65,196.35,Yes
CUST-02537,Male,1,No,No,3,Fiber optic,Yes,Month-to-month,Yes,Bank transfer (automatic),66.28,335.3,Yes
CUST-02538,Male,0,No,No,30,No,No internet service,Month-to-month,Yes,Mailed check,21.25,793.24,Yes
CUST-02539,Female,1,No,No,70,Fiber optic,No,Month-to-month,Yes,Electronic check,56.09,4096.57,No
CUST-02540,Male,0,Yes,Yes,41,DSL,No,Month-to-month,No,Bank transfer (automatic),56.51,2246.13,No
CUST-02541,Male,0,No,No,42,No,No internet service,Two year,No,Credit card (automatic),20.07,998.59,No
CUST-02542,Female,0,No,No,44,Fiber optic,Yes,Month-to-month,Yes,Electronic check,61.37,2749.12,No
CUST-02543,Female,0,Yes,Yes,62,DSL,No,Two year,No,Mailed check,44.89,2684.52,No
CUST-02544,Male,0,Yes,No,60,No,No internet service,Month-to-month,Yes,Mailed check,25.1,1430.58,No
CUST-02545,Female,0,No,No,1,No,No internet service,Month-to-month,Yes,Bank transfer (automatic),18.0,0.0,Yes
CUST-02546,Male,0,No,No,39,Fiber optic,No,One year,No,Mailed check,70.02,2743.07,No
CUST-02547,Female,0,Yes,No,39,DSL,Yes,Two year,Yes,Mailed check,50.65,2018.9,No
CUST-02548,Female,0,No,No,16,Fiber optic,No,Month-to-month,No,Bank transfer (automatic),62.27,996.11,No
CUST-02549,Male,0,Yes,No,71,DSL,No,Month-to-month,No,Credit card (automatic),20.78,1433.56,No
CUST-02550,Male,0,Yes,No,19,Fiber optic,Yes,One year,Yes,Electronic check,63.12,1361.53,No
CUST-02551,Female,0,Yes,No,60,DSL,Yes,Month-to-month,Yes,Bank transfer (automatic),47.12,2813.55,No
CUST-02552,Male,0,No,No,7,Fiber optic,No,One year,Yes,Credit card (automatic),57.39,381.21,Yes
CUST-02553,Male,1,Yes,No,43,Fiber optic,Yes,Two year,No,Electronic check,52.77,2243.04,No
CUST-02554,Male,0,No,No,53,No,No internet service,Month-to-month,Yes,Credit card (automatic),22.99,1204.89,No
CUST-02555,Female,0,Yes,No,36,No,No internet service,Two year,No,Mailed check,25.01,736.87,No
CUST-02556,Male,0,No,No,7,DSL,No,Month-to-month,No,Electronic check,41.63,171.04,Yes
CUST-02557,Female,0,No,Yes,9,DSL,No,Two year,Yes,Electronic check,48.45,729.57,Yes
CUST-02558,Female,0,Yes,No,44,Fiber optic,Yes,Two year,Yes,Electronic check,59.17,2405.43,No
CUST-02559,Male,1,No,Yes,62,DSL,Yes,One year,Yes,Credit card (automatic),38.7,2432.01,No
CUST-02560,Female,0,Yes,Yes,43,DSL,Yes,Two year,Yes,Bank transfer (automatic),52.94,2317.52,No
CUST-02561,Female,0,Yes,No,7,Fiber optic,Yes,Two year,Yes,Credit card (automatic),73.49,635.96,No
CUST-02562,Male,0,No,No,57,Fiber optic,No,Month-to-month,No,Bank transfer (automatic),71.59,4124.64,No
CUST-02563,Female,0,No,No,33,DSL,Yes,Month-to-month,No,Mailed check,59.11,2177.53,No
CUST-02564,Male,0,Yes,Yes,5,Fiber optic,Yes,Month-to-month,Yes,Credit card (automatic),57.56,316.56,Yes
CUST-02565,Male,0,No,Yes,26,No,No internet service,Month-to-month,Yes,Credit card (automatic),24.94,810.18,No
CUST-02566,Male,0,Yes,Yes,14,Fiber optic,Yes,One year,Yes,Mailed check,75.33,1179.42,No
CUST-02567,Female,1,No,No,72,DSL,Yes,Month-to-month,No,Bank transfer (automatic),39.9,3057.84,Yes
CUST-02568,Female,0,No,Yes,66,Fiber optic,No,One year,No,Credit card (automatic),78.55,5187.28,Yes
CUST-02569,Male,1,No,No,7,No,No internet service,Month-to-month,No,Mailed check,18.0,173.75,Yes
CUST-02570,Female,0,Yes,Yes,41,DSL,Yes,Month-to-month,Yes,Electronic check,56.7,2280.4,No
CUST-02571,Female,0,No,No,0,Fiber optic,No,Month-to-month,No,Electronic check,62.08,19.17,Yes
CUST-02572,Female,0,No,No,33,Fiber optic,No,Two year,No,Credit card (automatic),59.16,1978.08,No
CUST-02573,Female,0,Yes,No,11,Fiber optic,No,Month-to-month,Yes,Bank transfer (automatic),79.15,621.36,Yes
CUST-02574,Male,0,Yes,No,54,DSL,No,Month-to-month,Yes,Bank transfer (automatic),24.44,1302.58,No
CUST-02575,Female,0,No,Yes,5,No,No internet service,Month-to-month,Yes,Credit card (automatic),28.06,247.08,Yes
CUST-02576,Male,0,Yes,No,65,DSL,No,Two year,No,Electronic check,63.91,3992.13,No
CUST-02577,Male,0,No,No,16,DSL,No,Month-to-month,Yes,Credit card (automatic),30.29,366.28,No
CUST-02578,Male,0,Yes,Yes,19,DSL,Yes,One year,Yes,Mailed check,51.41,1115.47,No
CUST-02579,Female,1,No,No,64,Fiber optic,Yes,Month-to-month,Yes,Bank transfer (automatic),59.56,3973.02,No
CUST-02580,Female,1,Yes,No,65,DSL,No,Month-to-month,Yes,Electronic check,51.76,3289.91,Yes
CUST-02581,Male,0,No,No,7,Fiber optic,Yes,One year,No,Electronic check,73.92,538.32,No
CUST-02582,Male,1,No,No,7,No,No internet service,One year,Yes,Mailed check,46.02,312.77,Yes
CUST-02583,Male,0,Yes,No,62,DSL,Yes,One year,Yes,Mailed check,29.53,1972.1,No
CUST-02584,Female,0,No,No,71,No,No internet service,Month-to-month,No,Electronic check,36.16,2503.36,No
CUST-02585,Male,1,No,Yes,35,No,No internet service,Two year,No,Electronic check,38.59,1305.21,No
CUST-02586,Female,0,Yes,Yes,12,DSL,No,Month-to-month,Yes,Bank transfer (automatic),38.45,622.29,No
CUST-02587,Male,0,Yes,Yes,11,Fiber optic,Yes,Two year,Yes,Credit card (automatic),83.25,795.35,Yes
CUST-02588,Male,0,No,No,19,No,No internet service,Month-to-month,Yes,Electronic check,18.0,282.24,Yes
CUST-02589,Female,0,No,No,50,Fiber optic,Yes,Month-to-month,Yes,Electronic check,60.34,3032.95,No
CUST-02590,Male,0,Yes,Yes,7,Fiber optic,Yes,Month-to-month,No,Bank transfer (automatic),56.92,581.29,Yes
CUST-02591,Male,0,No,No,46,No,No internet service,One year,No,Bank transfer (automatic),28.48,1166.86,No
CUST-02592,Male,0,Yes,Yes,58,Fiber optic,No,One year,Yes,Bank transfer (automatic),68.58,3892.37,No
CUST-02593,Female,0,Yes,No,10,DSL,Yes,Month-to-month,Yes,Credit card (automatic),43.62,507.31,Yes
CUST-02594,Male,0,No,Yes,71,DSL,No,Month-to-month,Yes,Electronic check,67.09,4853.02,No
CUST-02595,Male,0,Yes,No,72,Fiber optic,No,Month-to-month,No,Mailed check,63.54,4600.27,No
CUST-02596,Male,1,Yes,No,21,Fiber optic,Yes,Month-to-month,Yes,Credit card (automatic),51.35,1064.34,No
CUST-02597,Female,0,No,No,8,DSL,No,Two year,Yes,Bank transfer (automatic),48.73,405.4,No
CUST-02598,Female,1,Yes,Yes,23,DSL,No,Month-to-month,Yes,Bank transfer (automatic),49.27,952.34,Yes
CUST-02599,Female,0,Yes,No,18,No,No internet service,Month-to-month,No,Credit card (automatic),29.08,535.61,No
CUST-02600,Male,1,No,No,20,Fiber optic,No,Month-to-month,No,Electronic check,62.73,1432.45,No
CUST-02601,Female,0,No,Yes,67,DSL,No,Month-to-month,Yes,Electronic check,44.55,2826.43,No
CUST-02602,Male,0,No,No,11,DSL,No,Two year,No,Electronic check,24.87,179.48,Yes
CUST-02603,Female,0,No,Yes,23,DSL,No,Month-to-month,No,Credit card (automatic),48.95,1078.22,No
CUST-02604,Female,0,No,Yes,57,DSL,Yes,Two year,Yes,Credit card (automatic),47.6,2673.13,No
CUST-02605,Female,1,Yes,No,4,Fiber optic,No,One year,No,Electronic check,68.58,495.28,Yes
CUST-02606,Female,0,No,Yes,4,DSL,Yes,One year,No,Mailed check,43.7,62.97,No
CUST-02607,Female,1,Yes,No,22,No,No internet service,Month-to-month,Yes,Bank transfer (automatic),22.34,355.67,No
CUST-02608,Male,0,Yes,No,70,DSL,Yes,One year,No,Electronic check,22.89,1694.83,No
CUST-02609,Female,0,No,Yes,61,DSL,No,One year,Yes,Credit card (automatic),24.7,1429.08,No
CUST-02610,Female,0,No,Yes,67,No,No internet service,Month-to-month,Yes,Mailed check,25.53,1805.03,No
CUST-02611,Female,0,No,No,63,Fiber optic,No,Two year,Yes,Credit card (automatic),62.05,3885.5,No
CUST-02612,Female,0,Yes,No,8,DSL,Yes,Month-to-month,No,Bank transfer (automatic),49.53,451.32,No
CUST-02613,Male,0,Yes,No,29,DSL,No,Month-to-month,No,Electronic check,37.4,896.45,No
CUST-02614,Female,1,No,No,38,Fiber optic,No,Month-to-month,Yes,Bank transfer (automatic),58.38,2273.12,Yes
CUST-02615,Male,0,No,No,12,Fiber optic,No,One year,Yes,Bank transfer (automatic),67.23,832.9,Yes
CUST-02616,Female,0,Yes,No,72,No,No internet service,Month-to-month,Yes,Electronic check,21.19,1495.03,No
CUST-02617,Female,0,Yes,Yes,44,Fiber optic,Yes,Month-to-month,No,Electronic check,73.87,3102.35,No
CUST-02618,Male,0,Yes,No,62,No,No internet service,Month-to-month,Yes,Credit card (automatic),22.11,1396.84,No
CUST-02619,Female,0,No,No,18,Fiber optic,No,Month-to-month,No,Bank transfer (automatic),75.89,1452.91,Yes
CUST-02620,Female,0,No,No,52,Fiber optic,No,Month-to-month,Yes,Bank transfer (automatic),62.77,3200.3,Yes
CUST-02621,Female,0,Yes,Yes,7,Fiber optic,Yes,Two year,Yes,Electronic check,85.13,534.53,Yes
CUST-02622,Male,0,Yes,No,1,Fiber optic,Yes,Month-to-month,Yes,Bank transfer (automatic),67.55,162.82,Yes
CUST-02623,Male,0,Yes,Yes,46,Fiber optic,Yes,Two year,Yes,Bank transfer (automatic),71.94,3514.47,No
CUST-02624,Female,0,Yes,No,4,Fiber optic,No,One year,Yes,Electronic check,67.7,383.55,No
CUST-02625,Female,0,No,Yes,20,DSL,Yes,One year,No,Electronic check,33.0,687.54,No
CUST-02626,Female,0,Yes,Yes,57,Fiber optic,No,Two year,Yes,Mailed check,84.69,4798.14,No
CUST-02627,Female,0,No,No,36,DSL,Yes,Month-to-month,Yes,Bank transfer (automatic),52.98,1903.98,No
CUST-02628,Male,0,No,No,27,Fiber optic,Yes,One year,No,Electronic check,65.52,1609.98,Yes
CUST-02629,Female,1,No,No,21,DSL,Yes,Month-to-month,Yes,Credit card (automatic),52.88,1091.95,No
CUST-02630,Male,0,No,Yes,48,DSL,Yes,Month-to-month,No,Electronic check,33.72,1752.95,No
CUST-02631,Female,0,Yes,No,69,DSL,Yes,Month-to-month,No,Credit card (automatic),21.87,1513.79,No
CUST-02632,Female,0,Yes,Yes,53,DSL,No,One year,No,Electronic check,57.04,2948.06,No
CUST-02633,Female,0,Yes,No,26,DSL,No,Two year,Yes,Bank transfer (automatic),43.23,1037.82,Yes
CUST-02634,Female,0,No,No,30,DSL,Yes,Month-to-month,Yes,Bank transfer (automatic),43.24,1293.39,Yes
CUST-02635,Male,1,Yes,No,7,Fiber optic,Yes,One year,Yes,Bank transfer (automatic),75.28,378.8,Yes
CUST-02636,Male,1,Yes,Yes,10,Fiber optic,No,Month-to-month,Yes,Credit card (automatic),55.7,447.97,Yes
CUST-02637,Male,0,Yes,Yes,19,No,No internet service,Month-to-month,Yes,Electronic check,18.0,525.94,No
CUST-02638,Female,0,Yes,No,28,No,No internet service,Month-to-month,Yes,Electronic check,18.0,379.67,No
CUST-02639,Male,0,No,Yes,72,DSL,No,One year,Yes,Electronic check,33.14,2289.9,No
CUST-02640,Female,0,No,Yes,63,Fiber optic,No,Month-to-month,No,Mailed check,84.35,5349.01,No
CUST-02641,Male,0,No,No,8,Fiber optic,Yes,Month-to-month,No,Credit card (automatic),74.76,545.07,Yes
CUST-02642,Male,0,No,No,24,Fiber optic,No,Month-to-month,Yes,Electronic check,77.05,1859.84,Yes
CUST-02643,Male,0,Yes,No,4,Fiber optic,No,One year,No,Bank transfer (automatic),88.61,457.99,Yes
CUST-02644,Male,0,Yes,No,4,Fiber optic,Yes,Two year,No,Mailed check,69.59,92.71,Yes
CUST-02645,Male,0,Yes,No,27,Fiber optic,No,Month-to-month,Yes,Credit card (automatic),70.35,1989.96,Yes
CUST-02646,Male,0,No,No,70,Fiber optic,Yes,One year,No,Mailed check,64.09,4416.41,No
CUST-02647,Female,0,No,No,13,Fiber optic,Yes,One year,No,Credit card (automatic),72.79,911.94,No
CUST-02648,Female,0,Yes,No,49,DSL,No,Month-to-month,No,Mailed check,46.13,2491.02,No
CUST-02649,Female,0,No,Yes,28,No,No internet service,Month-to-month,No,Credit card (automatic),32.34,737.21,No
CUST-02650,Male,0,Yes,No,39,No,No internet service,Two year,Yes,Bank transfer (automatic),27.29,1135.19,No
CUST-02651,Female,0,Yes,No,63,DSL,Yes,Month-to-month,Yes,Mailed check,50.67,3327.57,No
CUST-02652,Female,0,No,No,60,Fiber optic,No,Month-to-month,No,Credit card (automatic),64.37,3780.18,No
CUST-02653,Female,0,No,Yes,60,No,No internet service,Two year,Yes,Mailed check,24.54,1392.27,No
CUST-02654,Male,0,No,Yes,30,Fiber optic,No,Two year,Yes,Electronic check,88.5,2610.76,Yes
CUST-02655,Female,0,No,No,3,DSL,No,One year,No,Mailed check,37.66,30.25,No
CUST-02656,Female,0,Yes,No,71,Fiber optic,Yes,Two year,No,Credit card (automatic),74.68,5310.26,No
CUST-02657,Male,1,No,No,72,Fiber optic,No,Month-to-month,No,Bank transfer (automatic),46.41,3448.63,No
CUST-02658,Male,0,No,No,62,DSL,Yes,One year,Yes,Electronic check,72.72,4465.05,No
CUST-02659,Female,1,No,No,34,Fiber optic,No,Month-to-month,Yes,Credit card (automatic),47.34,1720.99,Yes
CUST-02660,Male,0,Yes,Yes,20,Fiber optic,No,Two year,Yes,Mailed check,69.06,1549.32,No
CUST-02661,Male,0,No,Yes,12,DSL,No,Month-to-month,No,Electronic check,36.31,487.45,Yes
CUST-02662,Female,0,Yes,Yes,27,No,No internet service,Month-to-month,Yes,Electronic check,43.81,1245.93,Yes
CUST-02663,Male,0,Yes,No,24,DSL,No,Month-to-month,No,Electronic check,36.95,815.53,Yes
CUST-02664,Male,0,No,No,20,Fiber optic,No,One year,No,Bank transfer (automatic),69.75,1080.24,No
CUST-02665,Male,0,No,No,69,Fiber optic,Yes,Month-to-month,Yes,Electronic check,55.81,3921.17,Yes
CUST-02666,Female,0,No,No,48,DSL,No,One year,No,Electronic check,39.03,1969.02,No
CUST-02667,Male,0,No,No,16,Fiber optic,No,Month-to-month,Yes,Mailed check,77.52,1269.41,Yes
CUST-02668,Female,0,Yes,No,46,Fiber optic,No,Month-to-month,Yes,Credit card (automatic),69.89,3324.11,Yes
CUST-02669,Male,0,No,No,51,Fiber optic,No,One year,Yes,Bank transfer (automatic),75.59,3789.3,No
CUST-02670,Female,0,Yes,No,38,Fiber optic,Yes,Month-to-month,Yes,Mailed check,77.42,3004.18,No
CUST-02671,Female,0,No,No,69,No,No internet service,One year,No,Bank transfer (automatic),38.83,2855.93,No
CUST-02672,Female,0,Yes,Yes,70,No,No internet service,Two year,Yes,Electronic check,18.0,1339.88,No
CUST-02673,Female,0,No,No,31,DSL,No,One year,No,Credit card (automatic),49.22,1686.95,No
CUST-02674,Male,0,No,Yes,34,Fiber optic,No,Month-to-month,Yes,Electronic check,59.94,2199.86,No
CUST-02675,Female,0,No,Yes,15,Fiber optic,No,Month-to-month,Yes,Electronic check,67.24,862.03,No
CUST-02676,Female,0,Yes,No,57,No,No internet service,Two year,No,Mailed check,30.81,1842.47,No
CUST-02677,Female,0,Yes,No,67,No,No internet service,One year,No,Electronic check,20.61,1305.04,No
CUST-02678,Female,0,Yes,Yes,48,Fiber optic,Yes,One year,No,Electronic check,59.62,2728.86,Yes
CUST-02679,Female,0,Yes,Yes,14,No,No internet service,Month-to-month,No,Bank transfer (automatic),23.79,298.78,Yes
CUST-02680,Male,0,No,No,37,Fiber optic,Yes,One year,Yes,Mailed check,65.41,2630.67,No
CUST-02681,Male,0,Yes,Yes,58,DSL,No,Month-to-month,Yes,Electronic check,46.1,2608.54,Yes
CUST-02682,Male,1,No,Yes,3,Fiber optic,Yes,One year,Yes,Bank transfer (automatic),66.34,0.0,Yes
CUST-02683,Male,1,Yes,No,43,Fiber optic,No,Two year,No,Bank transfer (automatic),60.83,2442.34,No
CUST-02684,Female,0,Yes,No,47,Fiber optic,Yes,Two year,Yes,Credit card (automatic),79.46,3792.03,No
CUST-02685,Female,0,No,No,39,Fiber optic,No,Month-to-month,Yes,Electronic check,80.44,3046.1,No
CUST-02686,Male,0,Yes,No,46,Fiber optic,Yes,Two year,Yes,Credit card (automatic),61.39,2578.76,No
CUST-02687,Male,0,Yes,No,65,No,No internet service,Month-to-month,Yes,Bank transfer (automatic),34.82,2094.69,No
CUST-02688,Female,0,Yes,Yes,9,DSL,Yes,Month-to-month,No,Bank transfer (automatic),43.81,414.32,Yes
CUST-02689,Female,0,Yes,No,41,Fiber optic,No,One year,Yes,Electronic check,72.58,3069.32,Yes
CUST-02690,Female,0,No,No,58,Fiber optic,No,Month-to-month,No,Mailed check,60.48,3454.35,No
CUST-02691,Female,0,Yes,No,60,DSL,Yes,Month-to-month,Yes,Electronic check,51.72,3181.08,No
CUST-02692,Female,0,Yes,Yes,34,Fiber optic,No,One year,No,Bank transfer (automatic),61.32,2194.67,Yes
CUST-02693,Female,1,No,Yes,72,Fiber optic,No,One year,Yes,Bank transfer (automatic),74.45,5266.35,No
CUST-02694,Male,1,No,Yes,23,DSL,Yes,One year,Yes,Electronic check,61.91,1409.38,No
CUST-02695,Female,0,No,Yes,32,No,No internet service,Month-to-month,Yes,Electronic check,21.2,606.34,Yes
CUST-02696,Male,0,Yes,Yes,60,Fiber optic,No,One year,Yes,Credit card (automatic),47.09,2890.07,No
CUST-02697,Male,0,No,No,32,DSL,No,Month-to-month,No,Mailed check,35.99,1078.21,No
CUST-02698,Male,0,Yes,Yes,25,DSL,No,Month-to-month,No,Mailed check,54.83,1225.17,No
CUST-02699,Male,0,Yes,No,40,Fiber optic,No,Month-to-month,Yes,Credit card (automatic),83.47,3345.11,Yes
CUST-02700,Male,0,No,No,45,No,No internet service,One year,Yes,Electronic check,33.81,1654.69,No
CUST-02701,Female,1,No,No,70,Fiber optic,Yes,Month-to-month,Yes,Bank transfer (automatic),84.17,5953.17,No
CUST-02702,Female,1,No,No,45,DSL,Yes,Month-to-month,No,Bank transfer (automatic),38.46,1851.52,Yes
CUST-02703,Male,0,No,No,13,DSL,No,Two year,Yes,Electronic check,25.09,436.45,Yes
CUST-02704,Female,0,Yes,Yes,3,Fiber optic,Yes,Two year,Yes,Electronic check,59.56,183.74,No
CUST-02705,Male,0,No,No,70,Fiber optic,Yes,One year,Yes,Credit card (automatic),54.3,3729.3,No
CUST-02706,Male,0,No,Yes,30,Fiber optic,No,One year,No,Electronic check,74.92,2143.23,No
CUST-02707,Female,0,Yes,Yes,14,DSL,Yes,Two year,Yes,Electronic check,42.04,398.17,No
CUST-02708,Male,0,Yes,Yes,16,Fiber optic,Yes,One year,No,Mailed check,58.89,1084.99,Yes
CUST-02709,Female,0,Yes,No,7,Fiber optic,No,Month-to-month,No,Credit card (automatic),71.15,458.38,Yes
CUST-02710,Female,0,No,Yes,14,Fiber optic,No,One year,Yes,Mailed check,58.79,618.49,No
CUST-02711,Male,0,Yes,No,56,DSL,No,Two year,Yes,Electronic check,48.23,2849.0,No
CUST-02712,Male,0,Yes,No,47,Fiber optic,Yes,One year,Yes,Mailed check,63.29,2985.94,No
CUST-02713,Female,0,No,No,43,Fiber optic,No,Month-to-month,No,Mailed check,66.19,2962.3,No
CUST-02714,Female,1,No,Yes,0,Fiber optic,No,Two year,Yes,Bank transfer (automatic),69.3,0.0,Yes
CUST-02715,Female,0,Yes,No,49,DSL,Yes,One year,Yes,Credit card (automatic),46.0,2158.81,No
CUST-02716,Male,0,No,No,70,DSL,Yes,Month-to-month,Yes,Electronic check,59.79,4238.79,No
CUST-02717,Male,0,No,No,67,Fiber optic,Yes,Two year,No,Bank transfer (automatic),63.77,4336.03,No
CUST-02718,Female,0,No,No,28,DSL,No,One year,No,Bank transfer (automatic),42.28,1150.25,No
CUST-02719,Female,1,Yes,No,43,Fiber optic,Yes,Two year,Yes,Bank transfer (automatic),61.39,2797.39,No
CUST-02720,Male,0,Yes,No,21,Fiber optic,No,Two year,No,Bank transfer (automatic),71.15,1607.61,No
CUST-02721,Female,1,No,No,64,DSL,No,Month-to-month,Yes,Electronic check,53.41,3486.01,No
CUST-02722,Female,0,Yes,No,67,Fiber optic,No,One year,Yes,Bank transfer (automatic),80.35,5250.25,No
CUST-02723,Male,0,No,Yes,16,Fiber optic,Yes,Month-to-month,Yes,Bank transfer (automatic),58.59,787.34,Yes
CUST-02724,Male,0,Yes,Yes,35,DSL,No,Two year,No,Bank transfer (automatic),46.8,1781.88,No
CUST-02725,Female,0,No,Yes,17,No,No internet service,Two year,No,Electronic check,30.0,247.4,No
CUST-02726,Female,0,No,Yes,44,Fiber optic,Yes,Two year,Yes,Electronic check,80.26,3520.52,No
CUST-02727,Male,0,No,Yes,21,No,No internet service,One year,Yes,Electronic check,21.18,462.38,No
CUST-02728,Male,0,No,No,50,DSL,Yes,One year,Yes,Electronic check,41.15,1998.73,No
CUST-02729,Female,0,No,No,71,No,No internet service,Month-to-month,Yes,Electronic check,26.49,1876.55,No
CUST-02730,Male,1,Yes,No,63,No,No internet service,Month-to-month,Yes,Electronic check,21.25,1389.19,No
CUST-02731,Female,0,Yes,No,13,DSL,Yes,Month-to-month,Yes,Electronic check,30.54,326.55,No
CUST-02732,Female,0,No,No,9,Fiber optic,Yes,Two year,Yes,Electronic check,57.57,623.9,Yes
CUST-02733,Female,0,No,Yes,59,Fiber optic,No,One year,Yes,Credit card (automatic),67.8,4070.1,No
CUST-02734,Male,0,No,No,5,Fiber optic,No,One year,Yes,Mailed check,63.44,295.6,No
CUST-02735,Male,1,No,Yes,29,Fiber optic,Yes,Month-to-month,Yes,Mailed check,58.3,1591.53,No
CUST-02736,Male,0,Yes,No,72,No,No internet service,One year,No,Bank transfer (automatic),30.65,2195.92,No
CUST-02737,Female,0,No,No,32,Fiber optic,No,Month-to-month,Yes,Mailed check,63.17,2274.72,Yes
CUST-02738,Male,0,No,No,0,No,No internet service,Two year,No,Electronic check,18.0,0.0,No
CUST-02739,Male,0,No,Yes,71,No,No internet service,Two year,Yes,Mailed check,18.0,1461.69,No
CUST-02740,Male,0,No,No,51,No,No internet service,Month-to-month,Yes,Electronic check,18.0,707.38,No
CUST-02741,Male,0,No,Yes,24,Fiber optic,No,One year,Yes,Bank transfer (automatic),70.01,1576.95,No
CUST-02742,Male,1,No,Yes,44,Fiber optic,No,Month-to-month,Yes,Electronic check,71.29,3071.64,No
CUST-02743,Female,1,Yes,Yes,44,No,No internet service,Month-to-month,No,Mailed check,18.0,905.89,No
CUST-02744,Female,0,No,Yes,40,Fiber optic,Yes,One year,Yes,Electronic check,45.01,1807.04,No
CUST-02745,Male,0,Yes,No,70,DSL,No,One year,Yes,Electronic check,49.01,3587.91,No
CUST-02746,Male,0,Yes,No,57,Fiber optic,No,Month-to-month,Yes,Bank transfer (automatic),56.49,3180.01,Yes
CUST-02747,Male,0,Yes,Yes,18,DSL,Yes,Month-to-month,Yes,Electronic check,18.0,317.54,No
CUST-02748,Female,0,Yes,No,72,No,No internet service,Month-to-month,No,Mailed check,35.36,2506.48,Yes
CUST-02749,Male,1,Yes,No,70,Fiber optic,Yes,Month-to-month,No,Electronic check,80.11,5850.87,No
CUST-02750,Female,0,No,No,3,Fiber optic,No,Month-to-month,Yes,Bank transfer (automatic),75.48,92.01,Yes
CUST-02751,Male,0,No,No,21,DSL,No,Month-to-month,Yes,Mailed check,43.18,845.8,No
CUST-02752,Male,0,No,No,44,Fiber optic,Yes,Two year,Yes,Credit card (automatic),67.37,2846.92,No
CUST-02753,Female,0,Yes,No,64,DSL,No,Month-to-month,Yes,Mailed check,23.22,1554.88,No
CUST-02754,Female,0,Yes,No,52,Fiber optic,No,Month-to-month,Yes,Credit card (automatic),78.63,3951.84,No
CUST-02755,Female,0,No,No,41,Fiber optic,No,Month-to-month,Yes,Electronic check,80.98,3538.84,Yes
CUST-02756,Female,0,No,No,22,Fiber optic,No,Month-to-month,Yes,Bank transfer (automatic),87.68,1938.64,Yes
CUST-02757,Female,0,No,No,7,DSL,No,One year,Yes,Mailed check,38.52,319.13,No
CUST-02758,Female,0,No,Yes,65,Fiber optic,Yes,Month-to-month,Yes,Mailed check,61.16,4030.97,No
CUST-02759,Male,0,No,No,38,Fiber optic,Yes,Month-to-month,Yes,Bank transfer (automatic),75.81,2878.37,No
CUST-02760,Male,0,No,No,33,No,No internet service,Two year,No,Credit card (automatic),32.81,1097.33,No
CUST-02761,Male,0,No,Yes,71,No,No internet service,One year,Yes,Bank transfer (automatic),19.11,1366.98,No
CUST-02762,Male,0,No,No,12,Fiber optic,Yes,Month-to-month,No,Electronic check,59.89,780.99,Yes
CUST-02763,Male,1,No,No,18,DSL,No,Month-to-month,Yes,Mailed check,44.63,704.66,No
CUST-02764,Male,0,Yes,Yes,62,DSL,Yes,Two year,Yes,Electronic check,50.91,3037.37,No
CUST-02765,Male,0,Yes,Yes,20,No,No internet service,One year,No,Bank transfer (automatic),24.56,589.72,No
CUST-02766,Female,0,Yes,No,68,No,No internet service,Two year,Yes,Mailed check,18.0,1223.77,No
CUST-02767,Male,0,No,No,62,DSL,Yes,Month-to-month,No,Electronic check,68.68,4017.39,No
CUST-02768,Female,0,No,No,7,Fiber optic,Yes,One year,No,Electronic check,77.48,485.34,No
CUST-02769,Male,0,Yes,Yes,33,Fiber optic,Yes,Month-to-month,Yes,Credit card (automatic),54.43,1979.79,No
CUST-02770,Female,0,No,No,54,DSL,No,Month-to-month,Yes,Electronic check,49.16,2635.39,No
CUST-02771,Female,0,Yes,No,35,No,No internet service,One year,Yes,Electronic check,23.29,751.43,No
CUST-02772,Male,0,Yes,Yes,15,No,No internet service,One year,No,Electronic check,18.0,90.62,Yes
CUST-02773,Male,0,No,No,3,No,No internet service,Month-to-month,Yes,Mailed check,18.0,0.0,Yes
CUST-02774,Female,1,Yes,Yes,0,DSL,Yes,Month-to-month,No,Electronic check,58.94,0.0,Yes
CUST-02775,Female,0,Yes,No,13,Fiber optic,Yes,One year,Yes,Bank transfer (automatic),59.62,826.56,No
CUST-02776,Male,0,No,No,19,No,No internet service,Month-to-month,Yes,Electronic check,18.0,347.92,No
CUST-02777,Female,0,Yes,Yes,22,Fiber optic,Yes,Month-to-month,Yes,Electronic check,58.61,1245.8,Yes
CUST-02778,Female,0,No,No,62,Fiber optic,No,Month-to-month,No,Electronic check,62.94,3810.81,No
CUST-02779,Male,0,No,No,37,Fiber optic,Yes,Month-to-month,No,Electronic check,72.84,2878.25,Yes
CUST-02780,Male,0,No,No,10,DSL,Yes,Two year,Yes,Bank transfer (automatic),53.58,451.16,No
CUST-02781,Male,0,No,No,6,Fiber optic,No,Month-to-month,Yes,Electronic check,76.1,372.41,Yes
CUST-02782,Female,0,Yes,Yes,9,No,No internet service,Month-to-month,Yes,Bank transfer (automatic),18.0,132.84,No
CUST-02783,Female,0,No,Yes,22,DSL,Yes,One year,Yes,Mailed check,42.64,925.71,No
CUST-02784,Female,0,Yes,No,53,DSL,No,Month-to-month,No,Electronic check,36.01,1966.38,No
CUST-02785,Female,0,Yes,Yes,3,Fiber optic,No,One year,Yes,Electronic check,56.83,282.14,No
CUST-02786,Male,0,No,Yes,29,Fiber optic,No,Month-to-month,No,Mailed check,84.79,2561.58,No
CUST-02787,Male,0,Yes,No,32,DSL,No,Two year,Yes,Mailed check,52.36,1967.11,No
CUST-02788,Male,1,No,Yes,10,DSL,No,One year,No,Mailed check,59.21,388.96,No
CUST-02789,Male,0,Yes,No,4,Fiber optic,Yes,One year,No,Credit card (automatic),71.16,312.34,No
CUST-02790,Female,0,No,No,16,DSL,Yes,Month-to-month,No,Electronic check,44.76,653.7,No
CUST-02791,Female,0,Yes,No,11,Fiber optic,No,Two year,No,Mailed check,75.15,1067.82,Yes
CUST-02792,Male,0,Yes,Yes,58,Fiber optic,Yes,One year,Yes,Mailed check,71.28,4155.31,No
CUST-02793,Female,1,No,No,66,Fiber optic,No,Month-to-month,No,Electronic check,75.95,4769.14,Yes
CUST-02794,Female,0,Yes,No,45,Fiber optic,Yes,Month-to-month,Yes,Mailed check,86.02,3923.01,Yes
CUST-02795,Male,0,No,No,55,Fiber optic,Yes,Month-to-month,Yes,Bank transfer (automatic),83.64,4632.22,No
CUST-02796,Female,0,Yes,No,55,Fiber optic,No,Month-to-month,Yes,Bank transfer (automatic),62.34,3519.63,Yes
CUST-02797,Female,1,No,No,64,Fiber optic,No,Month-to-month,No,Bank transfer (automatic),63.51,3977.82,No
CUST-02798,Female,0,No,No,7,Fiber optic,No,Two year,No,Electronic check,65.91,500.71,No
CUST-02799,Female,0,No,Yes,72,Fiber optic,Yes,Two year,Yes,Mailed check,64.64,4621.62,No
CUST-02800,Male,0,No,No,33,Fiber optic,Yes,Month-to-month,No,Bank transfer (automatic),57.47,1815.95,Yes
CUST-02801,Female,0,Yes,Yes,39,Fiber optic,No,Two year,No,Mailed check,88.59,3496.14,No
CUST-02802,Male,0,No,No,58,Fiber optic,Yes,One year,No,Bank transfer (automatic),64.44,3755.85,No
CUST-02803,Female,0,No,No,36,DSL,No,Month-to-month,Yes,Bank transfer (automatic),49.07,1892.53,Yes
CUST-02804,Male,0,No,Yes,19,Fiber optic,No,Two year,Yes,Mailed check,44.71,852.73,Yes
CUST-02805,Male,0,No,No,1,DSL,Yes,One year,Yes,Electronic check,49.74,122.21,No
CUST-02806,Female,0,No,No,12,No,No internet service,One year,No,Bank transfer (automatic),28.4,195.91,No
CUST-02807,Male,0,No,Yes,6,Fiber optic,No,Month-to-month,Yes,Mailed check,71.08,593.82,No
CUST-02808,Male,0,Yes,No,27,DSL,Yes,Month-to-month,No,Electronic check,53.93,1362.85,No
CUST-02809,Female,0,No,No,56,Fiber optic,Yes,Two year,No,Electronic check,60.26,3482.91,No
CUST-02810,Male,0,No,No,24,Fiber optic,No,Month-to-month,Yes,Electronic check,82.56,2013.01,Yes
CUST-02811,Female,1,No,No,43,No,No internet service,Month-to-month,No,Bank transfer (automatic),32.04,1394.08,No
CUST-02812,Male,0,Yes,No,13,No,No internet service,Month-to-month,Yes,Electronic check,18.0,325.24,No
CUST-02813,Male,0,No,No,43,No,No internet service,Month-to-month,No,Credit card (automatic),22.87,726.61,No
CUST-02814,Female,0,No,Yes,69,Fiber optic,Yes,Month-to-month,Yes,Credit card (automatic),76.1,5182.08,No
CUST-02815,Male,0,No,Yes,23,No,No internet service,Two year,No,Credit card (automatic),18.0,503.54,No
CUST-02816,Male,0,Yes,No,35,Fiber optic,Yes,Month-to-month,No,Electronic check,67.02,2576.35,No
CUST-02817,Female,0,Yes,No,70,No,No internet service,Two year,No,Mailed check,22.61,1579.78,No
CUST-02818,Female,0,Yes,No,44,DSL,Yes,One year,Yes,Credit card (automatic),47.38,1792.2,No
CUST-02819,Male,0,Yes,No,29,No,No internet service,Month-to-month,Yes,Bank transfer (automatic),18.0,483.93,No
CUST-02820,Female,0,No,No,8,Fiber optic,No,Month-to-month,No,Electronic check,61.36,483.66,No
CUST-02821,Female,0,Yes,No,68,DSL,No,Month-to-month,No,Credit card (automatic),56.02,3942.5,No
CUST-02822,Female,1,No,No,44,No,No internet service,Two year,No,Bank transfer (automatic),35.49,1567.36,No
CUST-02823,Male,0,Yes,No,4,Fiber optic,Yes,One year,No,Bank transfer (automatic),69.78,125.91,Yes
CUST-02824,Female,0,Yes,No,40,No,No internet service,Month-to-month,No,Credit card (automatic),26.56,1178.02,No
CUST-02825,Female,1,No,No,70,DSL,No,Two year,Yes,Credit card (automatic),47.57,3398.1,No
CUST-02826,Female,0,No,Yes,68,Fiber optic,No,Two year,No,Mailed check,74.54,4984.83,No
CUST-02827,Male,0,Yes,No,14,Fiber optic,No,Month-to-month,Yes,Electronic check,76.73,1160.6,Yes
CUST-02828,Female,0,Yes,Yes,30,DSL,No,One year,No,Bank transfer (automatic),25.02,685.01,No
CUST-02829,Female,0,No,No,72,Fiber optic,Yes,One year,Yes,Bank transfer (automatic),62.0,4428.22,No
CUST-02830,Male,0,No,No,57,Fiber optic,Yes,One year,No,Bank transfer (automatic),67.56,3787.36,No
CUST-02831,Female,0,Yes,No,40,DSL,Yes,Month-to-month,Yes,Mailed check,38.89,1518.41,No
CUST-02832,Female,0,No,No,22,Fiber optic,No,Month-to-month,Yes,Bank transfer (automatic),79.63,1860.67,Yes
CUST-02833,Male,1,Yes,No,55,DSL,Yes,Month-to-month,No,Mailed check,42.21,2107.26,No
CUST-02834,Female,1,No,No,42,No,No internet service,Month-to-month,No,Credit card (automatic),37.51,1707.92,No
CUST-02835,Male,0,Yes,No,38,No,No internet service,Month-to-month,No,Credit card (automatic),18.0,705.16,No
CUST-02836,Female,0,No,No,67,Fiber optic,No,One year,No,Mailed check,79.09,5252.22,No
CUST-02837,Female,0,No,No,27,Fiber optic,No,Month-to-month,Yes,Bank transfer (automatic),83.74,2263.47,No
CUST-02838,Female,1,Yes,Yes,45,Fiber optic,No,Month-to-month,Yes,Bank transfer (automatic),53.62,2303.82,No
CUST-02839,Male,0,Yes,Yes,3,DSL,No,One year,No,Mailed check,40.71,0.0,No
CUST-02840,Female,1,Yes,Yes,51,No,No internet service,Month-to-month,No,Electronic check,28.81,1363.62,No
CUST-02841,Male,0,Yes,No,39,DSL,No,Month-to-month,No,Bank transfer (automatic),57.69,2022.45,No
CUST-02842,Female,0,Yes,Yes,63,Fiber optic,No,One year,Yes,Bank transfer (automatic),82.69,5047.15,No
CUST-02843,Female,0,Yes,No,24,DSL,No,Two year,No,Mailed check,37.83,713.19,No
CUST-02844,Male,0,No,No,67,Fiber optic,No,Month-to-month,Yes,Credit card (automatic),57.27,3983.95,No
CUST-02845,Male,0,Yes,No,42,No,No internet service,Two year,No,Credit card (automatic),18.16,608.61,No
CUST-02846,Male,1,No,Yes,15,DSL,No,Two year,Yes,Credit card (automatic),28.74,426.15,No
CUST-02847,Female,0,Yes,No,11,DSL,Yes,One year,Yes,Credit card (automatic),50.83,693.14,No
CUST-02848,Male,0,No,No,14,DSL,Yes,Two year,Yes,Mailed check,37.8,631.21,Yes
CUST-02849,Male,0,Yes,No,22,DSL,No,Month-to-month,No,Credit card (automatic),50.62,1078.22,No
CUST-02850,Male,0,No,Yes,40,Fiber optic,Yes,Month-to-month,No,Credit card (automatic),93.8,3717.13,No
CUST-02851,Male,0,Yes,No,63,Fiber optic,Yes,Two year,No,Bank transfer (automatic),77.36,4895.3,No
CUST-02852,Male,1,Yes,Yes,72,Fiber optic,No,Month-to-month,Yes,Electronic check,73.16,5520.99,No
CUST-02853,Male,1,No,Yes,49,DSL,Yes,Month-to-month,No,Electronic check,29.28,1484.29,No
CUST-02854,Male,0,No,No,35,Fiber optic,No,Month-to-month,Yes,Mailed check,83.73,3010.74,No
CUST-02855,Female,0,No,Yes,44,Fiber optic,Yes,Month-to-month,Yes,Bank transfer (automatic),82.59,3905.93,No
CUST-02856,Male,0,Yes,Yes,24,Fiber optic,Yes,Month-to-month,No,Mailed check,71.92,1759.42,Yes
CUST-02857,Female,1,Yes,No,17,DSL,No,Month-to-month,Yes,Credit card (automatic),40.55,827.09,No
CUST-02858,Female,0,No,No,39,Fiber optic,No,Two year,Yes,Bank transfer (automatic),76.23,3030.3,Yes
CUST-02859,Female,0,No,Yes,60,DSL,No,Month-to-month,Yes,Electronic check,44.24,2709.98,No
CUST-02860,Male,1,No,Yes,4,No,No internet service,Two year,No,Electronic check,23.26,0.0,No
CUST-02861,Male,1,Yes,Yes,8,No,No internet service,Month-to-month,Yes,Bank transfer (automatic),19.26,18.58,Yes
CUST-02862,Female,0,Yes,No,12,No,No internet service,Month-to-month,Yes,Electronic check,19.44,171.8,No
CUST-02863,Female,0,No,Yes,15,DSL,No,Two year,Yes,Credit card (automatic),40.41,711.98,No
CUST-02864,Female,0,No,No,10,DSL,No,Month-to-month,No,Credit card (automatic),68.38,783.94,No
CUST-02865,Male,0,Yes,No,9,No,No internet service,Month-to-month,Yes,Mailed check,18.0,321.98,No
CUST-02866,Male,0,No,Yes,2,Fiber optic,No,Two year,Yes,Bank transfer (automatic),66.02,130.71,No
CUST-02867,Male,0,No,No,25,Fiber optic,No,Month-to-month,Yes,Credit card (automatic),69.68,1806.53,No
CUST-02868,Male,0,Yes,Yes,52,Fiber optic,Yes,Month-to-month,Yes,Credit card (automatic),80.82,4267.68,No
CUST-02869,Female,0,Yes,Yes,11,DSL,Yes,Two year,Yes,Mailed check,50.26,539.96,Yes
CUST-02870,Male,0,No,Yes,23,Fiber optic,No,Month-to-month,No,Credit card (automatic),86.57,1952.53,No
CUST-02871,Male,0,Yes,No,71,No,No internet service,One year,Yes,Mailed check,18.0,1099.8,No
CUST-02872,Female,1,No,No,12,Fiber optic,No,Month-to-month,Yes,Electronic check,55.39,646.38,Yes
CUST-02873,Female,0,No,No,72,Fiber optic,No,Month-to-month,Yes,Bank transfer (automatic),52.99,3802.8,No
CUST-02874,Male,1,Yes,No,37,No,No internet service,Month-to-month,Yes,Bank transfer (automatic),28.1,1175.83,Yes
CUST-02875,Male,0,No,No,52,Fiber optic,No,One year,No,Credit card (automatic),80.4,4328.76,No
CUST-02876,Female,0,Yes,No,23,DSL,No,Month-to-month,No,Electronic check,35.12,825.25,Yes
CUST-02877,Female,1,Yes,Yes,23,Fiber optic,No,Two year,No,Mailed check,66.47,1776.42,Yes
CUST-02878,Female,0,No,No,28,DSL,No,One year,Yes,Bank transfer (automatic),38.31,1095.48,No
CUST-02879,Female,0,No,No,9,DSL,No,Month-to-month,Yes,Credit card (automatic),39.04,475.31,Yes
CUST-02880,Female,0,Yes,No,23,Fiber optic,No,Month-to-month,Yes,Bank transfer (automatic),56.09,1278.06,No
CUST-02881,Male,0,No,No,65,DSL,Yes,One year,Yes,Electronic check,38.49,2365.03,No
CUST-02882,Male,0,No,No,0,DSL,Yes,One year,No,Credit card (automatic),47.99,0.0,No
CUST-02883,Female,0,No,Yes,41,Fiber optic,Yes,Month-to-month,Yes,Bank transfer (automatic),66.04,2884.53,No
CUST-02884,Male,0,No,Yes,50,DSL,No,Two year,Yes,Credit card (automatic),51.32,2534.3,No
CUST-02885,Male,0,Yes,No,10,Fiber optic,No,Month-to-month,No,Credit card (automatic),78.62,730.22,Yes
CUST-02886,Male,0,Yes,No,8,DSL,No,Two year,Yes,Electronic check,30.42,242.87,No
CUST-02887,Female,0,No,No,40,Fiber optic,No,Two year,No,Credit card (automatic),69.28,2724.46,No
CUST-02888,Male,0,Yes,No,15,No,No internet service,Month-to-month,Yes,Mailed check,25.55,526.5,No
CUST-02889,Male,0,No,No,71,DSL,No,Month-to-month,No,Credit card (automatic),37.07,2858.22,No
CUST-02890,Male,0,Yes,No,13,Fiber optic,Yes,Month-to-month,No,Electronic check,57.21,744.44,Yes
CUST-02891,Male,0,Yes,No,9,DSL,No,Month-to-month,No,Credit card (automatic),43.67,457.88,No
CUST-02892,Female,0,Yes,Yes,24,DSL,Yes,Two year,Yes,Electronic check,40.74,1094.39,No
CUST-02893,Male,0,Yes,No,24,Fiber optic,No,Month-to-month,Yes,Electronic check,56.87,1377.91,No
CUST-02894,Female,0,Yes,No,11,DSL,No,One year,Yes,Credit card (automatic),40.14,336.19,No
CUST-02895,Male,0,No,No,48,DSL,No,Two year,No,Electronic check,53.29,2508.79,No
CUST-02896,Female,1,No,Yes,25,Fiber optic,No,Two year,Yes,Electronic check,71.69,1841.69,Yes
CUST-02897,Female,1,Yes,No,38,Fiber optic,No,Month-to-month,Yes,Credit card (automatic),71.85,2777.56,No
CUST-02898,Female,0,Yes,No,17,No,No internet service,Two year,Yes,Mailed check,21.53,150.95,No
CUST-02899,Female,0,No,No,7,No,No internet service,Month-to-month,No,Bank transfer (automatic),26.79,135.14,Yes
CUST-02900,Male,0,Yes,No,4,Fiber optic,Yes,Month-to-month,Yes,Credit card (automatic),67.7,182.36,Yes
CUST-02901,Female,1,No,No,3,DSL,Yes,Month-to-month,Yes,Mailed check,41.56,230.56,No
CUST-02902,Female,0,No,No,63,DSL,Yes,One year,No,Electronic check,47.1,2883.51,No
CUST-02903,Female,0,No,No,19,Fiber optic,Yes,Month-to-month,No,Bank transfer (automatic),82.13,1505.13,Yes
CUST-02904,Female,0,No,No,22,No,No internet service,Month-to-month,No,Bank transfer (automatic),25.87,509.61,Yes
CUST-02905,Female,0,No,Yes,42,DSL,No,Month-to-month,Yes,Electronic check,36.1,1611.16,Yes
CUST-02906,Female,1,No,No,6,DSL,Yes,Two year,Yes,Mailed check,39.62,353.98,No
CUST-02907,Female,1,No,No,43,Fiber optic,No,One year,Yes,Mailed check,78.38,3429.57,No
CUST-02908,Female,0,Yes,No,38,No,No internet service,One year,Yes,Electronic check,22.2,976.37,No
CUST-02909,Male,0,Yes,Yes,57,Fiber optic,Yes,One year,Yes,Electronic check,65.67,3891.44,No
CUST-02910,Male,0,Yes,No,8,Fiber optic,No,Month-to-month,Yes,Credit card (automatic),66.17,312.12,No
CUST-02911,Male,0,Yes,No,1,Fiber optic,No,Month-to-month,Yes,Electronic check,57.57,128.6,Yes
CUST-02912,Male,1,No,No,56,Fiber optic,No,Month-to-month,Yes,Electronic check,71.41,3954.58,Yes
CUST-02913,Male,0,Yes,No,27,Fiber optic,No,Month-to-month,No,Credit card (automatic),73.32,1828.83,Yes
CUST-02914,Male,0,Yes,No,4,Fiber optic,Yes,Two year,Yes,Mailed check,59.52,199.71,No
CUST-02915,Male,0,Yes,No,40,Fiber optic,Yes,Month-to-month,No,Credit card (automatic),66.52,2748.5,No
CUST-02916,Male,0,No,No,33,Fiber optic,No,One year,No,Credit card (automatic),70.63,2505.42,No
CUST-02917,Female,0,No,No,69,DSL,Yes,Two year,Yes,Mailed check,42.21,2751.08,No
CUST-02918,Female,0,No,No,68,DSL,No,Two year,Yes,Mailed check,36.89,2582.73,No
CUST-02919,Female,1,Yes,No,39,DSL,Yes,Month-to-month,No,Electronic check,31.55,1466.33,Yes
CUST-02920,Male,0,Yes,No,11,DSL,No,Two year,No,Electronic check,56.08,836.57,No
CUST-02921,Male,0,No,No,54,DSL,Yes,One year,Yes,Electronic check,25.89,983.66,No
CUST-02922,Female,0,No,No,14,Fiber optic,No,Month-to-month,Yes,Mailed check,58.95,1086.77,Yes
CUST-02923,Male,0,No,No,61,No,No internet service,One year,No,Mailed check,24.99,1639.71,No
CUST-02924,Female,0,No,No,43,Fiber optic,Yes,Month-to-month,No,Credit card (automatic),81.69,3235.78,No
CUST-02925,Male,0,Yes,Yes,25,Fiber optic,Yes,Two year,No,Electronic check,94.57,2272.37,Yes
CUST-02926,Male,0,No,Yes,71,No,No internet service,One year,Yes,Mailed check,18.0,1428.93,No
CUST-02927,Female,0,No,Yes,37,No,No internet service,One year,No,Electronic check,18.54,729.21,No
CUST-02928,Male,0,No,No,28,DSL,No,Two year,Yes,Electronic check,48.08,1277.37,No
CUST-02929,Male,0,No,No,13,DSL,No,One year,Yes,Credit card (automatic),39.19,517.45,No
CUST-02930,Female,1,Yes,No,47,DSL,No,Month-to-month,No,Bank transfer (automatic),45.32,2195.55,Yes
CUST-02931,Male,1,Yes,No,19,No,No internet service,Month-to-month,Yes,Mailed check,18.0,272.49,No
CUST-02932,Female,0,No,No,11,DSL,No,Two year,Yes,Bank transfer (automatic),43.86,467.21,No
CUST-02933,Male,0,No,No,8,DSL,No,One year,No,Mailed check,45.67,472.99,No
CUST-02934,Male,0,Yes,No,46,Fiber optic,No,Two year,No,Credit card (automatic),54.71,2432.56,No
CUST-02935,Female,1,Yes,No,67,Fiber optic,Yes,Month-to-month,No,Mailed check,79.28,5148.92,No
CUST-02936,Male,0,No,No,18,Fiber optic,No,Month-to-month,Yes,Bank transfer (automatic),53.96,894.8,No
CUST-02937,Female,0,Yes,Yes,15,Fiber optic,No,Two year,Yes,Electronic check,74.46,1010.23,Yes
CUST-02938,Female,0,Yes,Yes,44,Fiber optic,Yes,One year,Yes,Mailed check,83.65,3608.02,No
CUST-02939,Female,1,No,No,10,No,No internet service,Month-to-month,Yes,Mailed check,24.8,40.7,No
CUST-02940,Male,0,No,No,6,DSL,Yes,Month-to-month,Yes,Electronic check,35.76,242.83,No
CUST-02941,Female,0,No,Yes,46,No,No internet service,Two year,Yes,Bank transfer (automatic),18.0,932.11,No
CUST-02942,Female,0,No,No,38,Fiber optic,No,One year,Yes,Bank transfer (automatic),66.47,2428.45,No
CUST-02943,Female,0,Yes,Yes,2,DSL,Yes,Month-to-month,Yes,Electronic check,49.17,20.1,No
CUST-02944,Male,1,No,Yes,17,No,No internet service,Month-to-month,Yes,Credit card (automatic),21.6,344.71,No
CUST-02945,Female,0,No,No,14,No,No internet service,Month-to-month,Yes,Electronic check,18.0,142.64,No
CUST-02946,Male,0,No,No,49,No,No internet service,Month-to-month,Yes,Credit card (automatic),18.0,1000.05,No
CUST-02947,Female,0,No,No,48,No,No internet service,Month-to-month,No,Mailed check,29.8,1323.76,No
CUST-02948,Male,0,Yes,No,54,Fiber optic,No,Month-to-month,Yes,Electronic check,61.81,3274.63,No
CUST-02949,Female,0,Yes,No,7,DSL,Yes,Two year,No,Electronic check,32.06,132.83,No
CUST-02950,Female,0,Yes,No,61,DSL,No,Month-to-month,Yes,Bank transfer (automatic),55.45,3503.35,No
CUST-02951,Male,1,Yes,No,15,No,No internet service,Two year,No,Bank transfer (automatic),18.0,242.27,No
CUST-02952,Female,0,No,No,72,No,No internet service,Month-to-month,No,Bank transfer (automatic),18.0,1535.17,No
CUST-02953,Female,0,Yes,Yes,63,No,No internet service,Month-to-month,No,Mailed check,22.36,1451.13,No
CUST-02954,Male,0,No,No,33,No,No internet service,Month-to-month,No,Electronic check,18.0,733.01,No
CUST-02955,Male,0,Yes,Yes,57,Fiber optic,No,Month-to-month,Yes,Credit card (automatic),62.49,3523.02,No
CUST-02956,Female,0,Yes,No,48,DSL,Yes,One year,Yes,Credit card (automatic),40.09,1811.21,No
CUST-02957,Male,0,Yes,No,56,DSL,Yes,Two year,No,Mailed check,53.11,2970.18,No
CUST-02958,Male,0,Yes,Yes,1,Fiber optic,No,One year,Yes,Credit card (automatic),73.23,0.0,Yes
CUST-02959,Female,0,No,No,6,Fiber optic,No,One year,No,Bank transfer (automatic),56.3,97.98,Yes
CUST-02960,Male,0,No,No,66,DSL,Yes,Two year,No,Mailed check,51.66,3531.18,No
CUST-02961,Female,0,Yes,No,57,No,No internet service,One year,Yes,Bank transfer (automatic),19.86,1135.95,No
CUST-02962,Male,0,No,Yes,44,Fiber optic,No,One year,Yes,Electronic check,81.47,3500.64,No
CUST-02963,Female,0,No,Yes,22,DSL,No,One year,No,Electronic check,29.33,690.41,No
CUST-02964,Male,1,No,No,30,No,No internet service,Month-to-month,No,Bank transfer (automatic),24.13,729.53,Yes
CUST-02965,Female,0,Yes,No,28,Fiber optic,No,Month-to-month,No,Credit card (automatic),75.16,2273.65,No
CUST-02966,Female,0,Yes,No,31,Fiber optic,No,One year,No,Mailed check,74.33,2356.17,No
CUST-02967,Male,0,No,No,45,Fiber optic,No,One year,Yes,Electronic check,69.54,3110.47,Yes
CUST-02968,Male,0,No,No,55,Fiber optic,No,Month-to-month,Yes,Electronic check,68.25,3836.96,No
CUST-02969,Female,0,Yes,No,28,DSL,No,Two year,Yes,Mailed check,39.42,1099.44,Yes
CUST-02970,Female,0,No,No,60,Fiber optic,Yes,Month-to-month,Yes,Bank transfer (automatic),71.87,4334.26,No
CUST-02971,Female,0,Yes,Yes,6,Fiber optic,No,One year,No,Electronic check,66.57,546.56,No
CUST-02972,Male,0,No,No,58,No,No internet service,Two year,No,Electronic check,28.79,1529.59,No
CUST-02973,Female,0,Yes,No,49,No,No internet service,Month-to-month,No,Bank transfer (automatic),18.0,778.41,No
CUST-02974,Female,0,No,No,37,DSL,No,Two year,Yes,Electronic check,49.73,1789.69,No
CUST-02975,Male,0,Yes,Yes,27,No,No internet service,Two year,Yes,Mailed check,18.0,453.24,No
CUST-02976,Male,0,Yes,Yes,27,DSL,Yes,One year,Yes,Bank transfer (automatic),63.47,1852.47,No
CUST-02977,Male,0,No,No,26,DSL,No,Two year,Yes,Electronic check,52.8,1203.04,No
CUST-02978,Female,0,Yes,No,69,Fiber optic,Yes,One year,Yes,Mailed check,68.52,4724.34,No
CUST-02979,Male,0,No,No,1,No,No internet service,Month-to-month,Yes,Electronic check,26.09,0.0,Yes
CUST-02980,Male,0,No,Yes,46,No,No internet service,One year,Yes,Mailed check,29.4,1556.46,No
CUST-02981,Female,0,Yes,No,72,No,No internet service,Month-to-month,Yes,Credit card (automatic),28.66,2169.58,No
CUST-02982,Male,1,Yes,No,39,DSL,No,Month-to-month,No,Bank transfer (automatic),44.07,1747.37,No
CUST-02983,Female,0,No,No,46,DSL,No,Month-to-month,No,Electronic check,47.35,2294.36,No
CUST-02984,Female,0,No,Yes,43,DSL,No,Month-to-month,Yes,Electronic check,32.04,1219.39,No
CUST-02985,Female,1,No,No,36,Fiber optic,No,One year,No,Electronic check,67.63,2677.98,Yes
CUST-02986,Female,0,Yes,No,45,Fiber optic,Yes,Two year,Yes,Credit card (automatic),53.18,2292.08,No
CUST-02987,Female,0,No,No,65,DSL,No,Two year,Yes,Bank transfer (automatic),45.43,3103.78,No
CUST-02988,Female,0,No,No,52,Fiber optic,Yes,Month-to-month,No,Bank transfer (automatic),65.02,3447.24,Yes
CUST-02989,Female,0,No,No,62,Fiber optic,No,One year,Yes,Electronic check,78.53,4900.58,No
CUST-02990,Male,0,Yes,No,40,Fiber optic,No,One year,No,Credit card (automatic),59.19,2513.43,No
CUST-02991,Male,0,Yes,No,56,Fiber optic,No,Month-to-month,Yes,Credit card (automatic),74.29,4279.83,No
CUST-02992,Female,0,No,No,63,DSL,No,One year,Yes,Electronic check,55.92,3535.85,No
CUST-02993,Male,0,No,No,15,Fiber optic,No,Month-to-month,Yes,Mailed check,75.17,1076.96,No
CUST-02994,Female,0,Yes,Yes,62,Fiber optic,No,Two year,Yes,Mailed check,93.44,5808.04,No
CUST-02995,Female,0,No,No,50,DSL,No,Month-to-month,Yes,Bank transfer (automatic),40.32,2003.66,No
CUST-02996,Female,0,Yes,No,32,DSL,Yes,Two year,Yes,Mailed check,60.34,1973.36,No
CUST-02997,Male,0,Yes,Yes,56,No,No internet service,Two year,Yes,Electronic check,30.83,1848.95,Yes
CUST-02998,Male,0,Yes,Yes,12,Fiber optic,No,One year,Yes,Bank transfer (automatic),63.43,817.39,No
CUST-02999,Male,1,Yes,No,50,DSL,Yes,Month-to-month,Yes,Bank transfer (automatic),40.2,2032.18,No
CUST-03000,Female,0,Yes,No,42,Fiber optic,No,Month-to-month,No,Mailed check,74.46,3048.84,No
CUST-03001,Female,0,Yes,No,64,Fiber optic,No,Two year,No,Mailed check,106.43,6850.48,No
CUST-03002,Female,0,Yes,Yes,45,DSL,No,Month-to-month,No,Electronic check,48.35,1972.24,No
CUST-03003,Female,0,No,No,38,DSL,Yes,Month-to-month,No,Mailed check,46.32,1664.46,No
CUST-03004,Female,0,No,No,38,No,No internet service,Two year,Yes,Credit card (automatic),21.99,908.37,No
CUST-03005,Female,1,No,No,40,Fiber optic,Yes,One year,No,Bank transfer (automatic),66.89,2781.82,Yes
CUST-03006,Male,0,Yes,No,65,DSL,Yes,One year,No,Credit card (automatic),38.01,2468.17,No
CUST-03007,Female,0,No,No,57,Fiber optic,Yes,Month-to-month,No,Bank transfer (automatic),76.82,4402.86,No
CUST-03008,Male,1,Yes,No,6,Fiber optic,No,Month-to-month,No,Bank transfer (automatic),69.42,460.95,No
CUST-03009,Female,0,No,Yes,38,Fiber optic,Yes,Two year,No,Mailed check,57.32,2259.93,No
CUST-03010,Female,1,No,No,20,DSL,No,Month-to-month,Yes,Electronic check,49.33,962.43,No
CUST-03011,Male,0,Yes,No,12,DSL,No,Month-to-month,No,Credit card (automatic),46.04,434.52,No
CUST-03012,Female,0,Yes,No,63,DSL,Yes,Month-to-month,Yes,Bank transfer (automatic),51.68,3302.3,No
CUST-03013,Male,1,No,Yes,62,No,No internet service,One year,Yes,Credit card (automatic),21.86,1590.32,No
CUST-03014,Female,0,No,Yes,68,Fiber optic,Yes,Month-to-month,Yes,Bank transfer (automatic),84.27,5619.67,Yes
CUST-03015,Male,0,No,No,28,No,No internet service,Two year,Yes,Mailed check,18.0,488.77,No
CUST-03016,Male,0,No,Yes,31,DSL,No,Month-to-month,Yes,Electronic check,43.36,1297.81,No
CUST-03017,Female,0,No,No,56,Fiber optic,No,Month-to-month,Yes,Mailed check,67.9,4091.98,Yes
CUST-03018,Male,0,Yes,No,14,Fiber optic,Yes,Two year,Yes,Bank transfer (automatic),67.14,824.67,No
CUST-03019,Female,0,No,Yes,3,Fiber optic,Yes,Two year,No,Credit card (automatic),79.05,217.9,Yes
CUST-03020,Female,0,Yes,Yes,30,Fiber optic,Yes,One year,Yes,Credit card (automatic),67.49,1980.94,No
CUST-03021,Male,0,No,No,45,Fiber optic,No,Two year,Yes,Mailed check,77.33,3329.33,No
CUST-03022,Male,0,Yes,No,33,DSL,Yes,Month-to-month,No,Mailed check,35.14,1002.58,No
CUST-03023,Male,0,No,No,15,DSL,No,Month-to-month,No,Electronic check,45.92,757.01,No
CUST-03024,Male,0,No,No,37,Fiber optic,Yes,Month-to-month,No,Mailed check,64.88,2485.6,No
CUST-03025,Male,0,Yes,Yes,68,DSL,Yes,Month-to-month,Yes,Credit card (automatic),44.24,2941.18,No
CUST-03026,Female,0,Yes,Yes,20,DSL,Yes,One year,No,Bank transfer (automatic),39.55,960.08,No
CUST-03027,Male,0,Yes,Yes,29,No,No internet service,Two year,No,Mailed check,30.56,616.14,No
CUST-03028,Female,0,No,No,22,DSL,No,Month-to-month,Yes,Credit card (automatic),54.09,1038.96,Yes
CUST-03029,Male,0,No,No,21,Fiber optic,No,Month-to-month,Yes,Electronic check,71.73,1407.36,Yes
CUST-03030,Female,0,Yes,No,47,No,No internet service,Two year,Yes,Credit card (automatic),18.0,844.93,No
CUST-03031,Female,0,Yes,Yes,27,Fiber optic,No,One year,No,Bank transfer (automatic),70.36,1845.61,No
CUST-03032,Male,1,No,No,45,DSL,Yes,Month-to-month,No,Electronic check,50.06,2228.57,No
CUST-03033,Female,1,Yes,No,1,Fiber optic,No,Month-to-month,No,Bank transfer (automatic),50.34,108.55,Yes
CUST-03034,Male,0,No,No,48,Fiber optic,No,Month-to-month,No,Electronic check,65.25,3306.85,No
CUST-03035,Male,1,Yes,No,7,Fiber optic,No,Month-to-month,No,Bank transfer (automatic),58.17,503.48,Yes
CUST-03036,Female,1,Yes,Yes,27,Fiber optic,Yes,Month-to-month,Yes,Electronic check,87.43,2367.35,Yes
CUST-03037,Female,0,Yes,No,63,No,No internet service,Month-to-month,Yes,Electronic check,25.11,1572.31,Yes
CUST-03038,Male,0,No,No,24,DSL,No,Month-to-month,Yes,Bank transfer (automatic),26.11,758.81,No
CUST-03039,Male,0,Yes,No,50,DSL,No,Month-to-month,Yes,Mailed check,30.01,1726.61,No
CUST-03040,Male,0,Yes,Yes,25,Fiber optic,Yes,Month-to-month,Yes,Electronic check,70.88,1848.6,Yes
CUST-03041,Male,0,No,No,65,Fiber optic,Yes,Month-to-month,Yes,Credit card (automatic),41.19,2618.54,No
CUST-03042,Male,0,No,No,69,Fiber optic,Yes,Month-to-month,No,Electronic check,71.22,4945.29,No
CUST-03043,Male,0,Yes,No,66,DSL,No,Two year,Yes,Bank transfer (automatic),46.39,3131.38,No
CUST-03044,Female,1,Yes,Yes,28,DSL,Yes,One year,No,Bank transfer (automatic),41.93,1107.42,No
CUST-03045,Male,0,No,No,23,Fiber optic,No,Month-to-month,No,Electronic check,57.0,1414.89,Yes
CUST-03046,Female,0,Yes,No,44,No,No internet service,Month-to-month,Yes,Credit card (automatic),18.0,823.68,No
CUST-03047,Female,0,No,No,59,DSL,No,One year,Yes,Mailed check,39.13,2448.43,Yes
CUST-03048,Female,0,Yes,No,38,No,No internet service,Month-to-month,Yes,Electronic check,29.2,992.39,Yes
CUST-03049,Male,1,Yes,Yes,53,Fiber optic,Yes,One year,No,Mailed check,66.56,3318.7,No
CUST-03050,Female,0,Yes,Yes,63,DSL,Yes,Two year,No,Bank transfer (automatic),52.18,3240.21,No
CUST-03051,Female,0,No,No,54,Fiber optic,Yes,Month-to-month,Yes,Electronic check,67.57,3651.63,No
CUST-03052,Male,0,Yes,No,26,DSL,No,Month-to-month,No,Electronic check,51.31,1117.95,Yes
CUST-03053,Female,0,Yes,No,18,Fiber optic,No,Month-to-month,No,Mailed check,67.68,1145.23,Yes
CUST-03054,Male,0,Yes,No,31,DSL,Yes,One year,Yes,Bank transfer (automatic),36.56,1287.39,Yes
CUST-03055,Female,0,No,No,41,Fiber optic,No,Month-to-month,No,Electronic check,54.84,2312.43,Yes
CUST-03056,Male,0,Yes,No,61,DSL,Yes,One year,Yes,Mailed check,56.26,3448.45,No
CUST-03057,Female,0,No,No,21,No,No internet service,Month-to-month,Yes,Electronic check,18.0,251.31,No
CUST-03058,Male,0,No,No,11,No,No internet service,One year,No,Electronic check,18.0,348.03,No
CUST-03059,Male,0,Yes,Yes,23,Fiber optic,No,One year,Yes,Bank transfer (automatic),73.14,1632.14,No
CUST-03060,Male,0,No,No,43,Fiber optic,No,Month-to-month,No,Electronic check,72.14,3113.42,Yes
CUST-03061,Male,0,No,No,16,No,No internet service,Two year,No,Electronic check,18.57,346.01,No
CUST-03062,Male,0,Yes,No,29,DSL,No,Two year,Yes,Electronic check,58.82,1726.33,No
CUST-03063,Male,0,Yes,No,18,No,No internet service,Month-to-month,No,Bank transfer (automatic),23.75,606.51,No
CUST-03064,Male,1,Yes,No,71,Fiber optic,Yes,Two year,Yes,Bank transfer (automatic),58.33,4210.44,No
CUST-03065,Female,0,Yes,No,37,No,No internet service,Two year,Yes,Mailed check,44.69,1694.13,No
CUST-03066,Female,0,No,No,52,DSL,No,Month-to-month,Yes,Bank transfer (automatic),30.38,1569.39,No
CUST-03067,Female,0,No,No,37,DSL,No,One year,No,Bank transfer (automatic),37.31,1432.3,Yes
CUST-03068,Female,0,No,Yes,0,DSL,Yes,One year,No,Electronic check,37.54,0.0,No
CUST-03069,Male,0,Yes,Yes,19,DSL,Yes,One year,Yes,Electronic check,54.58,1059.75,No
CUST-03070,Male,0,Yes,No,61,DSL,No,Two year,Yes,Electronic check,53.51,3223.1,No
CUST-03071,Male,0,Yes,No,37,No,No internet service,Month-to-month,No,Credit card (automatic),18.0,606.07,No
CUST-03072,Male,0,No,No,51,DSL,No,Month-to-month,No,Electronic check,51.67,2525.24,No
CUST-03073,Male,0,Yes,No,55,DSL,Yes,Month-to-month,Yes,Electronic check,39.44,2136.66,No
CUST-03074,Female,0,No,No,40,DSL,No,One year,Yes,Mailed check,47.78,1870.78,No
CUST-03075,Female,0,No,No,42,Fiber optic,Yes,Month-to-month,Yes,Mailed check,76.36,3426.65,Yes
CUST-03076,Female,0,Yes,Yes,17,Fiber optic,No,Month-to-month,Yes,Credit card (automatic),73.24,1364.13,Yes
CUST-03077,Male,0,No,No,18,DSL,No,Month-to-month,Yes,Mailed check,53.32,943.68,No
CUST-03078,Female,0,No,Yes,10,Fiber optic,Yes,One year,No,Electronic check,70.26,651.8,No
CUST-03079,Male,0,No,Yes,21,No,No internet service,Month-to-month,No,Bank transfer (automatic),18.0,451.81,No
CUST-03080,Male,1,Yes,Yes,45,DSL,No,Month-to-month,Yes,Bank transfer (automatic),43.96,2211.27,No
CUST-03081,Male,0,Yes,Yes,67,Fiber optic,No,Month-to-month,No,Credit card (automatic),79.32,5410.03,No
CUST-03082,Female,0,No,Yes,32,Fiber optic,No,Month-to-month,Yes,Bank transfer (automatic),60.69,1735.67,Yes
CUST-03083,Male,0,Yes,No,43,Fiber optic,No,Month-to-month,No,Mailed check,81.22,3596.04,No
CUST-03084,Male,0,No,No,62,No,No internet service,Month-to-month,Yes,Electronic check,29.07,1927.18,No
CUST-03085,Male,0,Yes,Yes,49,No,No internet service,One year,Yes,Credit card (automatic),32.52,1857.39,No
CUST-03086,Male,0,No,No,19,Fiber optic,No,Month-to-month,Yes,Bank transfer (automatic),71.71,1332.69,Yes
CUST-03087,Male,0,No,No,20,Fiber optic,Yes,Month-to-month,Yes,Electronic check,80.75,1631.63,No
CUST-03088,Male,0,Yes,No,46,DSL,No,One year,No,Mailed check,40.72,1927.15,No
CUST-03089,Male,0,Yes,No,21,Fiber optic,Yes,Month-to-month,Yes,Bank transfer (automatic),71.18,1403.1,Yes
CUST-03090,Male,0,No,Yes,18,Fiber optic,Yes,Month-to-month,Yes,Electronic check,73.26,1216.13,Yes
CUST-03091,Male,1,Yes,No,43,DSL,Yes,Month-to-month,Yes,Bank transfer (automatic),57.65,2526.87,No
CUST-03092,Male,0,No,No,46,No,No internet service,Month-to-month,No,Bank transfer (automatic),27.06,1059.6,Yes
CUST-03093,Female,0,No,No,18,Fiber optic,No,Month-to-month,No,Electronic check,50.01,742.14,Yes
CUST-03094,Male,0,Yes,No,3,DSL,No,Two year,No,Credit card (automatic),39.11,215.21,Yes
CUST-03095,Female,0,No,No,56,No,No internet service,Month-to-month,No,Credit card (automatic),35.6,2053.34,No
CUST-03096,Female,0,No,No,28,Fiber optic,No,One year,No,Electronic check,73.21,2199.85,No
CUST-03097,Male,0,No,No,46,DSL,No,Two year,Yes,Mailed check,39.36,1866.15,Yes
CUST-03098,Male,0,Yes,No,12,Fiber optic,Yes,Month-to-month,No,Credit card (automatic),88.02,1057.49,Yes
CUST-03099,Male,0,Yes,Yes,22,No,No internet service,One year,Yes,Mailed check,18.0,550.69,No
CUST-03100,Male,0,Yes,Yes,44,No,No internet service,Month-to-month,No,Credit card (automatic),22.7,948.06,No
CUST-03101,Male,0,No,Yes,9,DSL,Yes,One year,No,Electronic check,42.45,342.05,No
CUST-03102,Male,0,No,Yes,23,Fiber optic,Yes,Two year,Yes,Bank transfer (automatic),86.66,1985.44,No
CUST-03103,Male,0,No,No,52,No,No internet service,Month-to-month,Yes,Bank transfer (automatic),18.24,1002.54,No
CUST-03104,Male,0,Yes,No,56,No,No internet service,Two year,Yes,Mailed check,19.05,1058.81,No
CUST-03105,Female,0,No,Yes,25,DSL,No,Month-to-month,No,Bank transfer (automatic),47.46,1008.29,No
CUST-03106,Male,1,No,No,8,Fiber optic,No,One year,Yes,Electronic check,66.92,503.37,Yes
CUST-03107,Female,0,No,Yes,1,No,No internet service,Month-to-month,No,Electronic check,37.56,33.77,Yes
CUST-03108,Male,0,Yes,No,40,DSL,Yes,Month-to-month,Yes,Electronic check,34.28,1384.98,No
CUST-03109,Female,0,No,No,50,Fiber optic,No,Month-to-month,Yes,Electronic check,54.34,2663.07,No
CUST-03110,Male,0,Yes,No,43,Fiber optic,Yes,Two year,Yes,Electronic check,79.76,3490.35,No
CUST-03111,Female,0,Yes,No,29,Fiber optic,Yes,One year,No,Mailed check,75.88,2007.26,No
CUST-03112,Female,1,No,No,1,Fiber optic,Yes,Two year,Yes,Electronic check,81.26,131.15,No
CUST-03113,Male,0,No,No,16,DSL,No,Month-to-month,No,Electronic check,44.54,927.78,Yes
CUST-03114,Female,0,Yes,No,2,Fiber optic,Yes,Month-to-month,No,Electronic check,78.41,84.0,Yes
CUST-03115,Male,0,No,No,33,DSL,Yes,Month-to-month,No,Credit card (automatic),51.75,1714.66,No
CUST-03116,Male,0,No,No,22,No,No internet service,Month-to-month,Yes,Electronic check,20.41,419.38,Yes
CUST-03117,Female,0,Yes,No,5,Fiber optic,Yes,Month-to-month,Yes,Bank transfer (automatic),77.65,360.63,No
CUST-03118,Female,0,No,No,44,DSL,No,Two year,Yes,Electronic check,46.51,1923.02,No
CUST-03119,Male,0,Yes,Yes,27,No,No internet service,Two year,Yes,Electronic check,23.57,875.38,No
CUST-03120,Female,0,Yes,Yes,70,Fiber optic,No,Month-to-month,Yes,Mailed check,72.49,5120.59,No
CUST-03121,Female,0,Yes,Yes,30,DSL,Yes,Month-to-month,Yes,Mailed check,34.89,966.2,No
CUST-03122,Female,0,No,No,6,DSL,Yes,One year,No,Mailed check,42.64,161.68,No
CUST-03123,Male,0,Yes,No,51,Fiber optic,Yes,One year,Yes,Bank transfer (automatic),65.38,3341.76,No
CUST-03124,Female,0,Yes,Yes,51,No,No internet service,One year,Yes,Electronic check,29.56,1247.44,No
CUST-03125,Male,0,No,No,67,DSL,No,Month-to-month,No,Electronic check,35.19,2484.07,No
CUST-03126,Female,0,No,No,50,No,No internet service,Month-to-month,Yes,Credit card (automatic),34.27,1651.84,No
CUST-03127,Female,0,No,No,26,DSL,Yes,Month-to-month,Yes,Electronic check,42.44,1150.1,Yes
CUST-03128,Female,0,No,Yes,48,Fiber optic,Yes,Two year,No,Credit card (automatic),67.11,3273.55,No
CUST-03129,Female,0,Yes,Yes,58,Fiber optic,Yes,One year,Yes,Bank transfer (automatic),55.25,3320.34,No
CUST-03130,Female,0,Yes,No,37,DSL,Yes,Two year,Yes,Electronic check,40.18,1545.78,No
CUST-03131,Male,0,No,No,58,No,No internet service,Month-to-month,Yes,Electronic check,23.85,1472.48,No
CUST-03132,Male,0,No,No,70,DSL,Yes,Month-to-month,Yes,Mailed check,37.17,2724.19,No
CUST-03133,Female,0,Yes,No,55,No,No internet service,Month-to-month,Yes,Bank transfer (automatic),18.0,950.37,No
CUST-03134,Male,0,Yes,No,36,DSL,Yes,Two year,No,Credit card (automatic),54.03,2203.25,No
CUST-03135,Female,1,Yes,No,35,DSL,No,Month-to-month,Yes,Electronic check,58.93,2104.89,Yes
CUST-03136,Male,1,Yes,No,61,No,No internet service,One year,Yes,Credit card (automatic),18.16,1104.4,No
CUST-03137,Female,0,No,No,63,Fiber optic,Yes,Month-to-month,Yes,Electronic check,58.83,3605.36,Yes
CUST-03138,Male,0,No,Yes,19,DSL,No,Month-to-month,No,Electronic check,45.16,833.19,Yes
CUST-03139,Male,0,Yes,No,0,Fiber optic,Yes,Month-to-month,Yes,Mailed check,62.04,48.22,No
CUST-03140,Male,1,No,Yes,58,DSL,No,Month-to-month,Yes,Credit card (automatic),41.16,2398.71,No
CUST-03141,Male,0,No,No,17,No,No internet service,Two year,Yes,Mailed check,21.93,592.1,No
CUST-03142,Male,0,Yes,Yes,72,DSL,No,Two year,Yes,Credit card (automatic),28.15,1980.0,No
CUST-03143,Male,0,Yes,No,2,Fiber optic,No,One year,Yes,Mailed check,67.45,216.42,Yes
CUST-03144,Female,0,No,No,66,DSL,Yes,Month-to-month,Yes,Credit card (automatic),32.33,1998.71,No
CUST-03145,Female,0,Yes,Yes,49,Fiber optic,Yes,One year,Yes,Credit card (automatic),70.07,3695.41,No
CUST-03146,Female,0,No,Yes,22,No,No internet service,Month-to-month,Yes,Bank transfer (automatic),26.6,441.96,Yes
CUST-03147,Female,0,No,No,2,No,No internet service,One year,No,Bank transfer (automatic),18.0,284.91,Yes
CUST-03148,Female,0,No,Yes,61,Fiber optic,No,One year,Yes,Mailed check,70.05,4256.75,No
CUST-03149,Female,1,No,No,8,DSL,Yes,Month-to-month,Yes,Credit card (automatic),36.37,22.81,No
CUST-03150,Male,0,No,No,6,DSL,No,Month-to-month,Yes,Mailed check,37.46,387.0,No
CUST-03151,Female,0,No,Yes,57,No,No internet service,Month-to-month,Yes,Electronic check,18.0,1035.88,No
CUST-03152,Male,0,Yes,No,49,DSL,Yes,Month-to-month,Yes,Credit card (automatic),50.87,2438.22,No
CUST-03153,Male,0,No,No,9,Fiber optic,No,Two year,Yes,Bank transfer (automatic),59.13,609.17,No
CUST-03154,Female,1,No,Yes,24,Fiber optic,No,One year,Yes,Mailed check,64.96,1638.77,No
CUST-03155,Male,0,No,Yes,48,No,No internet service,Month-to-month,Yes,Bank transfer (automatic),25.44,1270.87,No
CUST-03156,Female,0,No,No,48,Fiber optic,Yes,Month-to-month,Yes,Mailed check,72.97,3638.76,No
CUST-03157,Female,1,Yes,No,26,Fiber optic,No,One year,Yes,Mailed check,67.0,1772.31,No
CUST-03158,Female,0,No,No,30,No,No internet service,Month-to-month,Yes,Electronic check,18.0,617.97,No
CUST-03159,Female,0,No,No,5,No,No internet service,Month-to-month,Yes,Credit card (automatic),18.0,27.39,Yes
CUST-03160,Female,0,No,No,0,Fiber optic,No,One year,Yes,Bank transfer (automatic),69.68,91.87,Yes
CUST-03161,Male,0,No,No,70,Fiber optic,Yes,Month-to-month,Yes,Credit card (automatic),52.91,3641.61,No
CUST-03162,Female,0,No,No,16,Fiber optic,Yes,Month-to-month,Yes,Electronic check,66.2,924.26,No
CUST-03163,Male,0,No,No,67,Fiber optic,Yes,Month-to-month,No,Credit card (automatic),88.47,5902.74,No
CUST-03164,Male,1,Yes,Yes,3,DSL,Yes,Month-to-month,Yes,Mailed check,51.23,120.6,Yes
CUST-03165,Male,0,Yes,No,72,Fiber optic,No,Two year,Yes,Mailed check,70.27,5170.77,No
CUST-03166,Male,0,No,No,31,Fiber optic,Yes,Two year,No,Credit card (automatic),64.49,1824.81,No
CUST-03167,Female,0,No,No,58,DSL,No,Two year,Yes,Bank transfer (automatic),45.39,2763.86,No
CUST-03168,Male,0,No,No,61,DSL,No,Two year,Yes,Credit card (automatic),23.85,1380.09,No
CUST-03169,Female,1,Yes,No,25,Fiber optic,Yes,Month-to-month,No,Bank transfer (automatic),71.49,1491.46,Yes
CUST-03170,Female,0,Yes,No,53,DSL,No,Month-to-month,Yes,Electronic check,40.06,1978.29,No
CUST-03171,Female,0,Yes,No,24,Fiber optic,Yes,One year,No,Mailed check,49.44,1149.66,No
CUST-03172,Female,0,No,No,57,Fiber optic,Yes,Month-to-month,Yes,Credit card (automatic),70.17,4053.0,No
CUST-03173,Male,0,No,No,70,Fiber optic,No,Two year,Yes,Mailed check,62.09,4330.3,No
CUST-03174,Male,1,No,No,58,DSL,Yes,Month-to-month,Yes,Bank transfer (automatic),32.0,1710.86,No
CUST-03175,Female,0,Yes,Yes,53,Fiber optic,Yes,Month-to-month,No,Electronic check,68.08,3514.82,No
CUST-03176,Female,0,No,No,27,Fiber optic,Yes,One year,Yes,Mailed check,65.06,1613.48,No
CUST-03177,Female,0,No,No,7,Fiber optic,Yes,Two year,Yes,Credit card (automatic),71.83,533.86,No
CUST-03178,Male,0,Yes,No,36,Fiber optic,No,One year,No,Credit card (automatic),68.78,2465.21,No
CUST-03179,Male,0,No,No,9,No,No internet service,One year,No,Electronic check,27.27,319.08,No
CUST-03180,Male,0,No,No,37,DSL,No,Month-to-month,Yes,Electronic check,41.22,1312.72,No
CUST-03181,Male,0,Yes,No,63,Fiber optic,No,One year,Yes,Electronic check,68.69,4263.39,No
CUST-03182,Male,0,Yes,No,8,DSL,No,One year,No,Electronic check,44.66,600.74,No
CUST-03183,Female,0,No,Yes,65,No,No internet service,Month-to-month,No,Credit card (automatic),27.7,1877.42,No
CUST-03184,Male,0,No,No,43,DSL,No,One year,No,Mailed check,33.32,1397.23,No
CUST-03185,Female,0,No,No,3,Fiber optic,Yes,Month-to-month,No,Electronic check,58.85,58.07,Yes
CUST-03186,Female,0,No,No,52,Fiber optic,Yes,Month-to-month,No,Bank transfer (automatic),74.22,3992.37,No
CUST-03187,Female,0,Yes,No,0,DSL,No,Two year,Yes,Credit card (automatic),50.64,183.92,No
CUST-03188,Male,0,No,No,44,No,No internet service,Month-to-month,Yes,Mailed check,31.9,1265.76,No
CUST-03189,Male,0,No,No,37,DSL,No,One year,Yes,Credit card (automatic),38.91,1313.18,No
CUST-03190,Female,0,Yes,No,54,DSL,Yes,Month-to-month,No,Mailed check,68.16,3714.1,No
CUST-03191,Male,1,No,No,27,Fiber optic,No,Two year,Yes,Electronic check,70.2,1940.07,No
CUST-03192,Female,0,Yes,No,8,Fiber optic,Yes,Month-to-month,Yes,Credit card (automatic),74.85,656.73,No
CUST-03193,Female,0,Yes,Yes,28,DSL,Yes,Month-to-month,Yes,Electronic check,39.98,1340.64,No
CUST-03194,Male,1,Yes,Yes,55,DSL,No,Two year,No,Credit card (automatic),53.55,2828.67,No
CUST-03195,Female,0,No,Yes,69,DSL,Yes,One year,Yes,Bank transfer (automatic),48.51,3351.97,No
CUST-03196,Male,0,Yes,No,15,No,No internet service,Month-to-month,No,Credit card (automatic),39.35,676.79,No
CUST-03197,Male,0,Yes,Yes,25,Fiber optic,No,Month-to-month,No,Electronic check,85.15,2214.0,No
CUST-03198,Female,0,No,No,64,DSL,No,Month-to-month,Yes,Mailed check,19.81,1190.1,No
CUST-03199,Female,0,Yes,No,22,Fiber optic,Yes,Two year,Yes,Credit card (automatic),68.08,1424.76,No
CUST-03200,Male,0,No,No,17,No,No internet service,One year,Yes,Credit card (automatic),18.0,250.89,No
CUST-03201,Female,0,No,No,60,No,No internet service,Two year,No,Credit card (automatic),18.0,1284.41,No
CUST-03202,Female,0,Yes,No,35,DSL,No,Two year,Yes,Electronic check,43.48,1404.38,No
CUST-03203,Female,0,Yes,Yes,42,Fiber optic,No,Month-to-month,No,Bank transfer (automatic),81.95,3402.98,Yes
CUST-03204,Male,1,No,No,35,DSL,Yes,One year,No,Mailed check,38.52,1441.25,No
CUST-03205,Male,0,Yes,No,44,DSL,Yes,One year,Yes,Electronic check,44.8,1840.54,Yes
CUST-03206,Female,0,Yes,No,19,No,No internet service,Two year,Yes,Mailed check,18.0,372.96,No
CUST-03207,Female,1,No,No,53,No,No internet service,One year,Yes,Bank transfer (automatic),35.7,1664.16,No
CUST-03208,Female,0,No,Yes,26,DSL,No,Month-to-month,Yes,Mailed check,39.04,1038.15,No
CUST-03209,Male,0,No,No,38,No,No internet service,Two year,Yes,Electronic check,22.14,847.6,No
CUST-03210,Male,0,No,Yes,13,Fiber optic,Yes,One year,Yes,Credit card (automatic),94.91,1253.46,No
CUST-03211,Female,0,No,No,0,Fiber optic,No,Two year,No,Credit card (automatic),64.69,0.0,No
CUST-03212,Male,0,No,Yes,41,Fiber optic,No,Month-to-month,No,Mailed check,67.94,2812.87,No
CUST-03213,Male,0,No,No,10,Fiber optic,Yes,Month-to-month,No,Credit card (automatic),84.65,841.81,Yes
CUST-03214,Female,0,No,Yes,66,No,No internet service,One year,Yes,Credit card (automatic),18.0,1343.89,Yes
CUST-03215,Female,0,No,Yes,70,DSL,No,One year,No,Electronic check,25.18,1839.14,No
CUST-03216,Male,0,No,Yes,23,Fiber optic,Yes,Month-to-month,No,Bank transfer (automatic),71.38,1467.86,Yes
CUST-03217,Male,0,Yes,No,21,DSL,Yes,Month-to-month,Yes,Credit card (automatic),43.84,820.73,No
CUST-03218,Male,0,No,Yes,37,No,No internet service,One year,No,Bank transfer (automatic),18.0,592.04,No
CUST-03219,Female,0,No,No,14,DSL,Yes,Two year,No,Electronic check,30.55,449.35,No
CUST-03220,Male,0,Yes,No,62,Fiber optic,No,Month-to-month,No,Bank transfer (automatic),74.9,4623.51,No
CUST-03221,Female,0,Yes,No,7,Fiber optic,Yes,Month-to-month,Yes,Bank transfer (automatic),52.39,345.94,No
CUST-03222,Male,0,No,Yes,33,DSL,No,Month-to-month,No,Bank transfer (automatic),36.97,1558.14,No
CUST-03223,Female,0,Yes,No,13,DSL,No,Month-to-month,Yes,Electronic check,47.35,554.0,Yes
CUST-03224,Female,1,Yes,No,60,DSL,No,Month-to-month,Yes,Electronic check,46.72,2970.1,No
CUST-03225,Female,0,Yes,Yes,10,Fiber optic,No,Month-to-month,Yes,Credit card (automatic),68.32,665.52,Yes
CUST-03226,Female,0,Yes,Yes,32,DSL,No,One year,Yes,Mailed check,42.67,1104.02,No
CUST-03227,Female,0,No,Yes,60,Fiber optic,Yes,Month-to-month,Yes,Credit card (automatic),57.89,3496.36,No
CUST-03228,Male,0,Yes,No,32,Fiber optic,No,Month-to-month,Yes,Mailed check,73.2,2476.71,No
CUST-03229,Female,0,Yes,Yes,13,No,No internet service,Two year,Yes,Credit card (automatic),18.0,310.01,No
CUST-03230,Female,1,No,No,11,Fiber optic,No,Month-to-month,No,Electronic check,85.78,974.32,Yes
CUST-03231,Female,1,Yes,No,44,DSL,Yes,One year,No,Credit card (automatic),68.3,3008.05,No
CUST-03232,Male,0,Yes,Yes,9,No,No internet service,Month-to-month,No,Credit card (automatic),18.0,102.64,Yes
CUST-03233,Female,0,No,No,25,No,No internet service,Two year,Yes,Mailed check,19.25,588.8,No
CUST-03234,Male,0,No,Yes,44,Fiber optic,No,Two year,No,Electronic check,47.52,2038.78,No
CUST-03235,Female,0,No,Yes,27,Fiber optic,Yes,Month-to-month,Yes,Credit card (automatic),63.41,1635.23,No
CUST-03236,Female,0,No,No,60,DSL,No,One year,Yes,Bank transfer (automatic),54.03,3291.08,No
CUST-03237,Male,0,No,Yes,50,Fiber optic,No,One year,Yes,Bank transfer (automatic),75.49,3738.49,No
CUST-03238,Female,0,Yes,Yes,9,Fiber optic,No,Month-to-month,Yes,Mailed check,64.63,735.37,Yes
CUST-03239,Female,1,No,No,59,DSL,No,One year,No,Credit card (automatic),48.2,2899.87,No
CUST-03240,Male,0,No,No,66,DSL,Yes,Month-to-month,Yes,Bank transfer (automatic),55.81,3590.1,No
CUST-03241,Male,0,Yes,No,14,DSL,No,Month-to-month,No,Mailed check,36.28,370.55,No
CUST-03242,Male,1,No,Yes,26,Fiber optic,Yes,Two year,Yes,Mailed check,76.57,1921.99,No
CUST-03243,Female,0,Yes,No,28,DSL,Yes,Month-to-month,Yes,Electronic check,40.01,1400.83,Yes
CUST-03244,Female,0,No,No,31,Fiber optic,Yes,Month-to-month,Yes,Credit card (automatic),83.33,2554.72,Yes
CUST-03245,Female,0,No,Yes,33,No,No internet service,Month-to-month,Yes,Credit card (automatic),18.0,684.99,No
CUST-03246,Female,0,No,No,65,DSL,No,Two year,No,Mailed check,33.21,2001.97,Yes
CUST-03247,Female,0,Yes,Yes,47,DSL,No,Month-to-month,Yes,Electronic check,39.25,1714.78,No
CUST-03248,Male,0,No,No,65,DSL,No,Month-to-month,Yes,Electronic check,39.55,2548.14,Yes
CUST-03249,Male,0,No,No,25,Fiber optic,No,One year,No,Electronic check,66.98,1878.63,Yes
CUST-03250,Male,0,Yes,No,38,No,No internet service,One year,Yes,Credit card (automatic),25.12,799.67,No
CUST-03251,Male,0,Yes,No,7,Fiber optic,No,Month-to-month,Yes,Bank transfer (automatic),61.28,353.39,Yes
CUST-03252,Female,0,No,No,20,No,No internet service,Two year,Yes,Mailed check,23.05,569.2,Yes
CUST-03253,Male,0,Yes,Yes,42,No,No internet service,Month-to-month,Yes,Electronic check,19.8,1022.71,No
CUST-03254,Male,0,No,No,12,DSL,No,One year,No,Electronic check,40.55,539.09,No
CUST-03255,Male,0,No,Yes,70,Fiber optic,No,One year,No,Bank transfer (automatic),67.41,4799.8,No
CUST-03256,Male,0,Yes,Yes,19,Fiber optic,No,Month-to-month,Yes,Electronic check,68.14,1187.03,Yes
CUST-03257,Male,0,No,Yes,11,Fiber optic,Yes,Two year,No,Mailed check,67.12,579.57,No
CUST-03258,Male,0,Yes,No,56,DSL,No,Month-to-month,No,Credit card (automatic),47.32,2512.42,No
CUST-03259,Female,0,No,No,6,DSL,Yes,Month-to-month,Yes,Bank transfer (automatic),45.34,167.24,Yes
CUST-03260,Male,0,No,No,23,Fiber optic,Yes,Month-to-month,Yes,Credit card (automatic),80.92,1888.23,No
CUST-03261,Male,0,Yes,No,14,Fiber optic,No,Month-to-month,Yes,Electronic check,96.36,1202.68,No
CUST-03262,Male,0,No,Yes,50,DSL,No,Two year,Yes,Electronic check,41.81,2120.55,No
CUST-03263,Female,0,No,No,61,DSL,No,Month-to-month,Yes,Credit card (automatic),55.43,3343.41,No
CUST-03264,Female,0,No,Yes,14,Fiber optic,No,Two year,Yes,Credit card (automatic),87.98,1164.22,No
CUST-03265,Female,0,Yes,No,30,Fiber optic,No,Month-to-month,Yes,Bank transfer (automatic),66.66,2106.0,No
CUST-03266,Female,0,No,Yes,34,Fiber optic,Yes,Two year,No,Bank transfer (automatic),47.92,1514.2,No
CUST-03267,Female,0,No,No,50,DSL,Yes,Two year,Yes,Electronic check,63.63,3353.78,No
CUST-03268,Female,0,Yes,No,25,DSL,No,Month-to-month,No,Bank transfer (automatic),42.67,1166.45,No
CUST-03269,Male,0,No,No,38,Fiber optic,No,Month-to-month,Yes,Electronic check,67.65,2451.89,No
CUST-03270,Female,0,Yes,Yes,36,Fiber optic,No,One year,Yes,Electronic check,71.18,2706.75,No
CUST-03271,Male,1,No,Yes,0,DSL,No,Month-to-month,No,Mailed check,48.91,0.0,No
CUST-03272,Male,1,Yes,No,41,Fiber optic,Yes,Month-to-month,Yes,Electronic check,96.03,4092.4,No
CUST-03273,Female,1,No,No,41,Fiber optic,Yes,One year,No,Electronic check,57.44,2394.99,No
CUST-03274,Male,0,Yes,Yes,72,Fiber optic,No,Two year,Yes,Electronic check,85.17,5942.75,No
CUST-03275,Male,0,Yes,No,37,DSL,No,One year,Yes,Mailed check,60.35,2077.5,No
CUST-03276,Female,0,No,No,65,Fiber optic,No,Two year,Yes,Credit card (automatic),77.0,4956.4,Yes
CUST-03277,Male,0,No,No,25,No,No internet service,Month-to-month,Yes,Credit card (automatic),21.94,652.64,No
CUST-03278,Male,0,No,No,50,Fiber optic,No,One year,No,Electronic check,72.29,3594.02,No
CUST-03279,Female,0,No,No,65,DSL,No,Month-to-month,No,Electronic check,37.67,2425.08,No
CUST-03280,Female,0,Yes,No,11,DSL,Yes,One year,Yes,Credit card (automatic),32.41,361.33,No
CUST-03281,Male,0,No,Yes,41,DSL,Yes,One year,No,Electronic check,50.82,1844.21,No
CUST-03282,Female,1,Yes,No,67,No,No internet service,One year,No,Bank transfer (automatic),18.0,1304.91,No
CUST-03283,Female,0,Yes,No,40,No,No internet service,Two year,Yes,Electronic check,21.5,1020.76,No
CUST-03284,Male,0,No,Yes,65,DSL,Yes,Month-to-month,Yes,Bank transfer (automatic),56.54,3769.82,No
CUST-03285,Male,0,No,No,30,No,No internet service,One year,No,Electronic check,19.76,541.98,Yes
CUST-03286,Male,0,Yes,No,64,DSL,Yes,Month-to-month,No,Bank transfer (automatic),54.94,3409.96,No
CUST-03287,Male,1,Yes,No,45,Fiber optic,Yes,Month-to-month,Yes,Mailed check,72.09,3114.22,No
CUST-03288,Male,0,No,No,34,Fiber optic,No,Month-to-month,Yes,Electronic check,84.64,2741.78,Yes
CUST-03289,Male,1,Yes,No,15,Fiber optic,No,Two year,No,Mailed check,65.09,1248.1,Yes
CUST-03290,Male,0,Yes,No,12,Fiber optic,Yes,Month-to-month,No,Mailed check,84.16,1000.46,No
CUST-03291,Male,0,Yes,Yes,21,Fiber optic,No,One year,Yes,Credit card (automatic),70.51,1589.27,Yes
CUST-03292,Male,0,Yes,No,55,DSL,Yes,One year,No,Mailed check,53.18,3026.86,No
CUST-03293,Male,0,Yes,No,34,No,No internet service,Two year,Yes,Electronic check,18.0,629.11,No
CUST-03294,Male,0,No,Yes,28,DSL,Yes,One year,Yes,Mailed check,63.15,1656.4,No
CUST-03295,Male,0,Yes,Yes,34,DSL,No,Month-to-month,No,Electronic check,44.9,1588.84,No
CUST-03296,Female,1,No,No,25,No,No internet service,Month-to-month,Yes,Credit card (automatic),29.22,600.6,No
CUST-03297,Male,0,No,No,58,Fiber optic,No,One year,Yes,Credit card (automatic),76.58,4513.92,No
CUST-03298,Female,1,No,No,28,Fiber optic,No,Month-to-month,No,Electronic check,66.27,1731.13,Yes
CUST-03299,Female,0,No,No,34,DSL,Yes,Month-to-month,Yes,Bank transfer (automatic),60.42,2001.94,No
CUST-03300,Female,1,No,No,40,DSL,No,Month-to-month,Yes,Bank transfer (automatic),37.9,1463.46,No
CUST-03301,Female,0,No,No,47,DSL,No,Month-to-month,Yes,Electronic check,46.9,2372.17,No
CUST-03302,Male,0,No,Yes,24,Fiber optic,Yes,Two year,Yes,Bank transfer (automatic),59.76,1142.15,No
CUST-03303,Female,0,No,Yes,5,Fiber optic,Yes,Two year,Yes,Mailed check,84.3,701.19,No
CUST-03304,Male,0,No,No,50,Fiber optic,Yes,One year,Yes,Mailed check,64.99,3152.79,No
CUST-03305,Male,0,No,No,40,No,No internet service,Month-to-month,No,Mailed check,18.0,705.2,No
CUST-03306,Male,0,Yes,No,47,No,No internet service,Two year,No,Bank transfer (automatic),18.0,895.6,No
CUST-03307,Male,0,No,No,39,DSL,Yes,One year,No,Bank transfer (automatic),47.0,1872.31,No
CUST-03308,Male,0,No,No,37,No,No internet service,Two year,Yes,Mailed check,30.9,1244.54,No
CUST-03309,Male,0,Yes,No,69,No,No internet service,Month-to-month,Yes,Bank transfer (automatic),19.06,1388.38,No
CUST-03310,Female,0,No,No,3,No,No internet service,Month-to-month,No,Mailed check,22.99,313.41,No
CUST-03311,Female,0,Yes,Yes,6,Fiber optic,No,One year,No,Bank transfer (automatic),52.32,401.71,No
CUST-03312,Male,0,Yes,No,68,DSL,No,Two year,No,Electronic check,54.19,3670.84,No
CUST-03313,Female,0,No,No,64,DSL,Yes,Month-to-month,Yes,Mailed check,41.08,2562.76,No
CUST-03314,Male,0,Yes,No,30,No,No internet service,Month-to-month,Yes,Mailed check,22.12,594.14,No
CUST-03315,Male,1,Yes,No,39,Fiber optic,No,One year,Yes,Electronic check,58.6,2440.59,Yes
CUST-03316,Female,0,Yes,No,32,No,No internet service,Two year,Yes,Electronic check,33.1,1269.82,No
CUST-03317,Female,0,No,Yes,72,Fiber optic,No,One year,No,Mailed check,52.67,3912.73,No
CUST-03318,Male,0,Yes,No,33,DSL,Yes,Two year,Yes,Electronic check,57.45,1516.12,No
CUST-03319,Male,0,No,Yes,55,Fiber optic,No,One year,Yes,Mailed check,55.94,2807.04,No
CUST-03320,Male,0,No,No,26,No,No internet service,Two year,Yes,Mailed check,18.0,467.09,No
CUST-03321,Male,0,No,No,27,DSL,Yes,Month-to-month,No,Bank transfer (automatic),38.46,1018.42,Yes
CUST-03322,Male,0,No,Yes,49,Fiber optic,No,Month-to-month,No,Credit card (automatic),72.42,3550.97,No
CUST-03323,Female,0,No,No,29,No,No internet service,One year,Yes,Credit card (automatic),30.7,1040.51,No
CUST-03324,Female,0,Yes,Yes,1,DSL,Yes,One year,No,Credit card (automatic),51.47,195.7,No
CUST-03325,Male,1,No,No,12,DSL,Yes,Month-to-month,Yes,Credit card (automatic),46.74,581.87,No
CUST-03326,Female,0,No,No,63,Fiber optic,No,Month-to-month,No,Electronic check,49.97,2965.24,Yes
CUST-03327,Male,0,Yes,No,26,No,No internet service,One year,No,Electronic check,24.61,492.36,No
CUST-03328,Male,0,Yes,No,7,Fiber optic,No,Two year,No,Electronic check,89.42,634.03,No
CUST-03329,Male,0,No,Yes,68,DSL,No,Month-to-month,No,Electronic check,30.9,2151.22,No
CUST-03330,Female,0,Yes,No,72,DSL,No,Two year,Yes,Credit card (automatic),33.98,2300.48,Yes
CUST-03331,Female,0,No,No,36,Fiber optic,Yes,Month-to-month,Yes,Credit card (automatic),82.91,3064.02,Yes
CUST-03332,Female,0,Yes,No,45,DSL,No,Month-to-month,No,Bank transfer (automatic),60.62,2517.61,No
CUST-03333,Male,0,No,No,55,DSL,No,Month-to-month,No,Credit card (automatic),53.63,2630.07,No
CUST-03334,Female,0,Yes,No,4,No,No internet service,Month-to-month,Yes,Bank transfer (automatic),23.19,0.0,Yes
CUST-03335,Male,1,No,No,21,DSL,No,Month-to-month,No,Mailed check,20.75,600.52,No
CUST-03336,Male,0,Yes,No,41,No,No internet service,One year,Yes,Electronic check,18.0,920.67,No
CUST-03337,Female,0,Yes,No,40,No,No internet service,One year,Yes,Credit card (automatic),18.0,528.61,No
CUST-03338,Male,0,Yes,Yes,24,Fiber optic,No,Month-to-month,Yes,Bank transfer (automatic),78.44,1700.34,Yes
CUST-03339,Female,1,No,Yes,0,Fiber optic,No,Two year,No,Mailed check,58.33,91.31,No
CUST-03340,Female,0,No,No,69,DSL,No,Two year,No,Electronic check,42.07,2849.95,No
CUST-03341,Female,0,No,No,44,Fiber optic,No,Month-to-month,No,Credit card (automatic),68.52,3178.84,No
CUST-03342,Male,0,Yes,Yes,55,Fiber optic,Yes,Month-to-month,Yes,Credit card (automatic),85.9,4813.86,No
CUST-03343,Male,0,No,Yes,31,DSL,No,Month-to-month,Yes,Mailed check,61.65,2021.12,Yes
CUST-03344,Female,0,Yes,No,37,Fiber optic,No,One year,Yes,Credit card (automatic),63.07,2234.96,No
CUST-03345,Female,1,Yes,No,32,DSL,Yes,Month-to-month,Yes,Mailed check,34.53,1158.22,No
CUST-03346,Female,0,No,No,31,DSL,No,One year,Yes,Credit card (automatic),46.9,1695.87,No
CUST-03347,Female,0,No,No,48,Fiber optic,No,One year,No,Bank transfer (automatic),78.15,3768.27,No
CUST-03348,Male,0,No,Yes,72,Fiber optic,No,One year,No,Bank transfer (automatic),66.51,4783.32,No
CUST-03349,Male,0,Yes,No,56,DSL,Yes,Month-to-month,No,Credit card (automatic),30.32,1645.64,No
CUST-03350,Female,1,Yes,No,48,DSL,Yes,Month-to-month,Yes,Credit card (automatic),48.89,2154.49,Yes
CUST-03351,Male,0,No,Yes,0,DSL,No,Month-to-month,No,Electronic check,27.9,0.0,Yes
CUST-03352,Female,0,Yes,No,37,Fiber optic,Yes,Two year,Yes,Credit card (automatic),66.0,2334.98,No
CUST-03353,Male,0,Yes,No,69,Fiber optic,No,One year,Yes,Mailed check,65.08,4293.2,No
CUST-03354,Female,0,No,No,29,DSL,No,One year,No,Electronic check,49.12,1239.26,No
CUST-03355,Female,0,No,No,40,Fiber optic,No,One year,No,Bank transfer (automatic),74.87,2701.02,No
CUST-03356,Male,0,Yes,No,23,No,No internet service,Month-to-month,Yes,Mailed check,31.98,641.64,No
CUST-03357,Male,0,Yes,No,13,Fiber optic,No,Month-to-month,No,Mailed check,82.99,1159.9,Yes
CUST-03358,Female,0,No,Yes,51,Fiber optic,No,Month-to-month,Yes,Mailed check,59.59,3001.11,No
CUST-03359,Male,0,Yes,No,22,Fiber optic,No,Month-to-month,Yes,Electronic check,55.77,1189.5,Yes
CUST-03360,Female,1,Yes,Yes,42,No,No internet service,Month-to-month,Yes,Electronic check,18.0,848.01,No
CUST-03361,Female,0,Yes,No,43,No,No internet service,Month-to-month,Yes,Bank transfer (automatic),30.85,1529.23,No
CUST-03362,Female,0,No,No,61,DSL,No,One year,No,Electronic check,33.2,2298.0,No
CUST-03363,Male,0,No,No,68,DSL,No,Month-to-month,Yes,Bank transfer (automatic),52.67,3598.9,No
CUST-03364,Female,1,Yes,Yes,40,DSL,Yes,Month-to-month,No,Mailed check,57.63,2271.38,No
CUST-03365,Male,0,Yes,No,3,Fiber optic,No,Month-to-month,No,Electronic check,73.11,169.76,Yes
CUST-03366,Female,1,No,No,42,DSL,Yes,Month-to-month,No,Electronic check,27.45,1223.84,No
CUST-03367,Female,0,No,No,64,No,No internet service,Month-to-month,Yes,Mailed check,22.33,1410.36,No
CUST-03368,Male,0,No,No,34,DSL,No,Month-to-month,Yes,Credit card (automatic),33.08,1106.39,No
CUST-03369,Male,0,Yes,Yes,41,Fiber optic,No,Month-to-month,Yes,Credit card (automatic),72.19,2949.41,No
CUST-03370,Male,0,No,No,55,DSL,No,Two year,Yes,Mailed check,49.9,2631.44,No
CUST-03371,Female,0,No,No,32,Fiber optic,Yes,Month-to-month,Yes,Electronic check,66.85,1859.34,No
CUST-03372,Male,0,No,No,30,Fiber optic,Yes,Month-to-month,Yes,Bank transfer (automatic),67.49,1944.39,Yes
CUST-03373,Male,0,Yes,Yes,35,Fiber optic,Yes,Month-to-month,No,Mailed check,77.68,2893.7,No
CUST-03374,Female,0,No,No,62,Fiber optic,Yes,Month-to-month,Yes,Mailed check,63.83,4126.72,No
CUST-03375,Female,0,Yes,No,35,Fiber optic,No,Month-to-month,Yes,Mailed check,82.68,3006.57,No
CUST-03376,Female,0,Yes,No,23,Fiber optic,Yes,Month-to-month,No,Bank transfer (automatic),61.8,1362.15,No
CUST-03377,Female,0,Yes,Yes,43,No,No internet service,Two year,No,Electronic check,28.79,1143.11,No
CUST-03378,Female,0,No,No,50,Fiber optic,No,Two year,No,Credit card (automatic),57.79,3084.45,No
CUST-03379,Female,1,Yes,Yes,66,Fiber optic,Yes,One year,Yes,Mailed check,62.9,4021.42,No
CUST-03380,Male,1,No,No,65,Fiber optic,Yes,Month-to-month,No,Mailed check,79.35,5162.48,No
CUST-03381,Female,0,No,No,57,No,No internet service,Month-to-month,Yes,Credit card (automatic),25.83,1675.05,No
CUST-03382,Female,0,No,Yes,56,Fiber optic,Yes,Month-to-month,No,Mailed check,73.87,4151.59,Yes
CUST-03383,Female,0,Yes,No,32,No,No internet service,One year,Yes,Electronic check,18.76,565.1,No
CUST-03384,Female,0,No,No,25,No,No internet service,Month-to-month,No,Electronic check,18.89,611.43,Yes
CUST-03385,Female,1,Yes,No,41,DSL,No,One year,Yes,Bank transfer (automatic),37.58,1549.42,No
CUST-03386,Male,0,Yes,No,51,DSL,Yes,Month-to-month,No,Bank transfer (automatic),24.6,1278.14,No
CUST-03387,Female,0,Yes,No,37,Fiber optic,Yes,Month-to-month,No,Mailed check,86.59,3385.6,No
CUST-03388,Female,0,Yes,No,15,Fiber optic,No,Month-to-month,No,Electronic check,70.62,753.91,Yes
CUST-03389,Male,0,No,No,1,Fiber optic,Yes,Month-to-month,Yes,Electronic check,61.38,104.44,Yes
CUST-03390,Female,1,Yes,No,4,No,No internet service,One year,No,Mailed check,18.0,0.0,No
CUST-03391,Male,0,Yes,No,31,Fiber optic,Yes,One year,Yes,Mailed check,86.86,2667.79,No
CUST-03392,Female,0,No,No,57,DSL,Yes,Month-to-month,No,Mailed check,40.46,2319.77,No
CUST-03393,Female,0,Yes,No,57,Fiber optic,Yes,Month-to-month,Yes,Mailed check,58.64,3261.42,No
CUST-03394,Male,1,Yes,Yes,58,DSL,No,Two year,Yes,Bank transfer (automatic),48.21,2823.6,No
CUST-03395,Male,0,Yes,No,51,Fiber optic,No,Month-to-month,No,Bank transfer (automatic),78.32,4040.56,No
CUST-03396,Female,1,Yes,Yes,1,No,No internet service,One year,Yes,Bank transfer (automatic),18.0,42.41,No
CUST-03397,Male,1,No,No,64,DSL,Yes,Month-to-month,No,Mailed check,35.59,2291.13,No
CUST-03398,Female,0,Yes,No,69,No,No internet service,One year,Yes,Electronic check,18.0,1227.89,No
CUST-03399,Male,1,Yes,Yes,62,No,No internet service,One year,No,Bank transfer (automatic),23.28,1431.61,Yes
CUST-03400,Female,0,No,No,32,DSL,No,Month-to-month,Yes,Electronic check,53.03,1706.49,No
CUST-03401,Female,0,Yes,Yes,15,No,No internet service,Month-to-month,No,Bank transfer (automatic),18.0,156.91,No
CUST-03402,Female,0,No,No,66,Fiber optic,Yes,Month-to-month,Yes,Mailed check,82.51,5598.07,No
CUST-03403,Male,0,No,No,13,Fiber optic,Yes,Month-to-month,Yes,Bank transfer (automatic),67.91,871.9,No
CUST-03404,Female,0,Yes,No,57,DSL,No,One year,Yes,Credit card (automatic),32.96,1830.31,No
CUST-03405,Male,0,Yes,No,70,DSL,Yes,Month-to-month,No,Mailed check,44.85,3187.0,No
CUST-03406,Male,0,Yes,Yes,65,Fiber optic,Yes,Month-to-month,Yes,Electronic check,63.69,4126.09,No
CUST-03407,Male,0,Yes,No,38,DSL,Yes,One year,Yes,Credit card (automatic),45.24,1868.23,No
CUST-03408,Female,0,No,No,60,DSL,Yes,Two year,Yes,Mailed check,42.65,2666.36,No
CUST-03409,Female,0,No,Yes,60,No,No internet service,Month-to-month,No,Mailed check,18.0,1091.15,Yes
CUST-03410,Male,0,Yes,No,71,Fiber optic,No,One year,Yes,Electronic check,63.6,4628.27,No
CUST-03411,Male,1,Yes,Yes,26,Fiber optic,No,Month-to-month,Yes,Mailed check,57.96,1535.19,Yes
CUST-03412,Female,1,Yes,No,45,No,No internet service,One year,Yes,Mailed check,18.0,671.51,No
CUST-03413,Male,0,No,Yes,59,DSL,No,Month-to-month,Yes,Credit card (automatic),52.48,3203.1,No
CUST-03414,Male,0,No,No,16,DSL,No,One year,Yes,Bank transfer (automatic),73.41,946.51,Yes
CUST-03415,Female,0,Yes,Yes,16,Fiber optic,No,Month-to-month,Yes,Mailed check,83.26,910.14,No
CUST-03416,Male,0,No,Yes,28,Fiber optic,No,Month-to-month,Yes,Bank transfer (automatic),54.05,1597.16,No
CUST-03417,Female,0,Yes,No,26,DSL,No,Two year,No,Credit card (automatic),37.46,1027.19,No
CUST-03418,Female,0,No,No,54,Fiber optic,Yes,Month-to-month,Yes,Electronic check,84.4,4602.81,Yes
CUST-03419,Male,0,No,Yes,68,DSL,No,Month-to-month,No,Bank transfer (automatic),47.96,3428.03,No
CUST-03420,Male,0,No,No,11,Fiber optic,No,Month-to-month,Yes,Electronic check,57.22,626.45,Yes
CUST-03421,Female,0,Yes,No,23,Fiber optic,No,One year,Yes,Electronic check,81.1,1819.91,Yes
CUST-03422,Female,0,Yes,No,67,Fiber optic,No,Month-to-month,No,Bank transfer (automatic),71.73,4901.51,No
CUST-03423,Female,1,No,Yes,43,DSL,Yes,One year,No,Credit card (automatic),50.03,2065.63,No
CUST-03424,Male,0,Yes,No,14,DSL,No,Month-to-month,No,Credit card (automatic),33.35,438.33,Yes
CUST-03425,Female,0,Yes,No,44,No,No internet service,One year,No,Mailed check,18.0,822.31,No
CUST-03426,Female,0,No,No,63,No,No internet service,Two year,Yes,Electronic check,28.18,1815.24,No
CUST-03427,Male,0,No,No,27,Fiber optic,Yes,Month-to-month,No,Electronic check,60.67,1598.13,No
CUST-03428,Female,0,No,No,35,DSL,No,Month-to-month,Yes,Electronic check,46.79,1578.79,No
CUST-03429,Female,0,No,No,44,Fiber optic,No,Month-to-month,No,Mailed check,54.44,2260.97,Yes
CUST-03430,Male,0,No,No,61,DSL,No,Month-to-month,No,Mailed check,40.38,2368.72,Yes
CUST-03431,Male,0,Yes,No,41,DSL,No,One year,Yes,Bank transfer (automatic),56.75,2545.04,No
CUST-03432,Female,0,No,No,69,DSL,Yes,Two year,Yes,Electronic check,37.82,2577.71,No
CUST-03433,Male,0,No,No,55,DSL,Yes,Two year,No,Electronic check,50.43,2796.36,No
CUST-03434,Male,0,No,No,30,DSL,Yes,Two year,Yes,Electronic check,47.23,1237.95,No
CUST-03435,Male,0,Yes,No,35,DSL,Yes,Month-to-month,Yes,Bank transfer (automatic),55.24,2240.99,No
CUST-03436,Female,1,Yes,No,50,No,No internet service,One year,No,Electronic check,18.0,796.62,No
CUST-03437,Male,0,No,Yes,5,Fiber optic,No,Month-to-month,Yes,Electronic check,51.31,115.54,Yes
CUST-03438,Female,0,Yes,Yes,16,Fiber optic,Yes,Two year,Yes,Mailed check,69.5,1104.66,No
CUST-03439,Female,1,Yes,Yes,17,DSL,No,One year,No,Electronic check,44.46,648.72,No
CUST-03440,Female,0,No,Yes,58,No,No internet service,Month-to-month,No,Mailed check,18.0,1087.8,No
CUST-03441,Female,0,No,No,60,DSL,Yes,One year,Yes,Credit card (automatic),61.04,3481.0,No
CUST-03442,Male,0,Yes,Yes,59,DSL,Yes,One year,No,Electronic check,37.13,2327.12,No
CUST-03443,Male,0,Yes,Yes,7,Fiber optic,Yes,Two year,Yes,Electronic check,51.8,475.38,No
CUST-03444,Male,0,Yes,No,21,Fiber optic,No,One year,Yes,Electronic check,59.47,1234.63,No
CUST-03445,Female,1,No,Yes,22,No,No internet service,Two year,Yes,Electronic check,18.0,197.34,No
CUST-03446,Female,1,No,Yes,1,Fiber optic,No,Month-to-month,Yes,Credit card (automatic),73.24,0.0,Yes
CUST-03447,Male,0,Yes,Yes,18,DSL,No,Month-to-month,No,Bank transfer (automatic),31.17,568.56,No
CUST-03448,Female,0,Yes,Yes,31,DSL,No,One year,Yes,Mailed check,40.45,1108.69,No
CUST-03449,Female,0,Yes,No,64,Fiber optic,No,Month-to-month,Yes,Bank transfer (automatic),81.83,5111.38,Yes
CUST-03450,Male,0,Yes,No,12,DSL,No,Month-to-month,No,Electronic check,47.73,698.68,Yes
CUST-03451,Male,0,Yes,No,62,DSL,No,Two year,No,Mailed check,36.84,2302.67,No
CUST-03452,Male,0,No,No,59,DSL,No,Two year,No,Electronic check,34.32,2039.68,No
CUST-03453,Male,0,Yes,No,11,No,No internet service,Two year,No,Credit card (automatic),21.04,294.74,No
CUST-03454,Male,0,Yes,No,19,DSL,Yes,Month-to-month,No,Bank transfer (automatic),29.39,538.75,No
CUST-03455,Female,0,Yes,No,33,DSL,No,Month-to-month,No,Electronic check,40.94,1343.88,No
CUST-03456,Female,0,Yes,No,68,No,No internet service,Two year,No,Bank transfer (automatic),18.0,1278.72,No
CUST-03457,Female,0,Yes,No,57,Fiber optic,No,Month-to-month,No,Electronic check,80.53,4687.29,No
CUST-03458,Male,1,Yes,No,70,Fiber optic,No,Month-to-month,No,Electronic check,95.11,6717.47,No
CUST-03459,Female,0,Yes,No,22,Fiber optic,No,Month-to-month,Yes,Electronic check,70.79,1732.63,Yes
CUST-03460,Male,0,Yes,Yes,66,DSL,No,Two year,Yes,Electronic check,57.61,3805.22,No
CUST-03461,Male,0,No,No,69,No,No internet service,Month-to-month,Yes,Electronic check,18.0,1080.34,No
CUST-03462,Female,0,Yes,Yes,43,DSL,Yes,Month-to-month,Yes,Credit card (automatic),43.64,2007.11,No
CUST-03463,Female,1,No,No,11,No,No internet service,Month-to-month,Yes,Electronic check,24.25,237.34,Yes
CUST-03464,Male,1,No,No,19,DSL,Yes,Month-to-month,Yes,Mailed check,76.47,1360.69,No
CUST-03465,Male,0,Yes,No,9,Fiber optic,Yes,One year,Yes,Electronic check,67.44,692.44,No
CUST-03466,Female,0,Yes,Yes,58,Fiber optic,No,One year,No,Electronic check,78.23,4581.83,No
CUST-03467,Female,0,Yes,No,22,DSL,Yes,One year,Yes,Electronic check,54.16,1038.07,No
CUST-03468,Male,0,Yes,No,51,Fiber optic,No,Month-to-month,No,Electronic check,71.57,3730.55,No
CUST-03469,Female,0,No,No,19,Fiber optic,No,Month-to-month,No,Mailed check,60.42,1372.9,No
CUST-03470,Female,0,Yes,No,71,DSL,No,Month-to-month,No,Electronic check,44.72,3213.95,No
CUST-03471,Male,0,No,No,56,No,No internet service,Two year,Yes,Electronic check,35.45,1954.46,No
CUST-03472,Female,0,No,No,27,DSL,No,Month-to-month,No,Bank transfer (automatic),44.63,1004.7,No
CUST-03473,Female,0,No,No,34,Fiber optic,No,Month-to-month,Yes,Credit card (automatic),69.95,2624.45,No
CUST-03474,Female,0,No,No,4,Fiber optic,No,Month-to-month,No,Electronic check,69.74,216.92,Yes
CUST-03475,Male,0,No,Yes,9,Fiber optic,No,Two year,Yes,Bank transfer (automatic),69.38,455.46,Yes
CUST-03476,Male,0,No,Yes,72,Fiber optic,No,One year,Yes,Bank transfer (automatic),99.85,7202.5,No
CUST-03477,Female,0,No,Yes,59,Fiber optic,No,Month-to-month,Yes,Bank transfer (automatic),76.2,4616.79,No
CUST-03478,Female,0,Yes,No,61,Fiber optic,No,One year,No,Bank transfer (automatic),81.12,5096.63,No
CUST-03479,Male,0,Yes,No,46,Fiber optic,No,Month-to-month,No,Mailed check,85.68,3860.61,No
CUST-03480,Female,0,Yes,No,16,Fiber optic,Yes,One year,No,Credit card (automatic),73.21,1159.54,No
CUST-03481,Female,0,Yes,No,7,Fiber optic,No,Two year,No,Electronic check,90.08,630.61,Yes
CUST-03482,Male,1,No,No,52,DSL,Yes,One year,Yes,Mailed check,33.18,1842.55,No
CUST-03483,Female,0,Yes,Yes,24,DSL,Yes,Two year,No,Bank transfer (automatic),48.25,1229.14,No
CUST-03484,Male,0,No,Yes,0,Fiber optic,Yes,Month-to-month,Yes,Credit card (automatic),54.91,32.47,No
CUST-03485,Male,0,No,No,1,No,No internet service,Month-to-month,No,Mailed check,23.61,133.39,No
CUST-03486,Male,0,Yes,No,40,DSL,Yes,One year,No,Credit card (automatic),49.74,1826.15,No
CUST-03487,Male,0,No,No,61,Fiber optic,No,One year,Yes,Bank transfer (automatic),63.4,3917.9,No
CUST-03488,Female,0,Yes,Yes,26,DSL,No,Month-to-month,Yes,Bank transfer (automatic),37.59,1003.93,Yes
CUST-03489,Male,0,No,No,72,Fiber optic,No,Month-to-month,No,Credit card (automatic),65.91,4739.52,No
CUST-03490,Female,0,No,No,27,Fiber optic,Yes,Month-to-month,No,Bank transfer (automatic),76.25,2028.79,Yes
CUST-03491,Male,0,Yes,No,53,Fiber optic,No,Month-to-month,No,Mailed check,80.27,4270.41,Yes
CUST-03492,Female,0,No,Yes,17,Fiber optic,Yes,Two year,No,Bank transfer (automatic),59.52,943.42,Yes
CUST-03493,Male,0,Yes,No,44,Fiber optic,No,Month-to-month,No,Electronic check,63.4,3116.88,Yes
CUST-03494,Female,0,No,No,20,DSL,Yes,Two year,Yes,Credit card (automatic),38.67,936.48,No
CUST-03495,Female,0,No,No,56,Fiber optic,No,Month-to-month,Yes,Credit card (automatic),51.51,3015.71,Yes
CUST-03496,Female,0,Yes,No,33,DSL,No,One year,No,Bank transfer (automatic),46.76,1479.52,No
CUST-03497,Male,0,No,No,3,No,No internet service,Two year,Yes,Electronic check,18.0,0.0,Yes
CUST-03498,Male,0,No,No,18,Fiber optic,Yes,One year,No,Electronic check,53.14,931.09,No
CUST-03499,Male,0,No,No,25,DSL,Yes,Two year,Yes,Electronic check,44.62,1129.2,Yes
CUST-03500,Male,0,No,No,34,DSL,Yes,Month-to-month,No,Electronic check,48.35,1470.09,Yes
